-- MySQL dump 10.13  Distrib 5.6.50, for Linux (x86_64)
--
-- Host: localhost    Database: app.com
-- ------------------------------------------------------
-- Server version	5.6.50-log

/*!40101 SET @OLD_CHARACTER_SET_CLIENT=@@CHARACTER_SET_CLIENT */;
/*!40101 SET @OLD_CHARACTER_SET_RESULTS=@@CHARACTER_SET_RESULTS */;
/*!40101 SET @OLD_COLLATION_CONNECTION=@@COLLATION_CONNECTION */;
/*!40101 SET NAMES utf8 */;
/*!40103 SET @OLD_TIME_ZONE=@@TIME_ZONE */;
/*!40103 SET TIME_ZONE='+00:00' */;
/*!40014 SET @OLD_UNIQUE_CHECKS=@@UNIQUE_CHECKS, UNIQUE_CHECKS=0 */;
/*!40014 SET @OLD_FOREIGN_KEY_CHECKS=@@FOREIGN_KEY_CHECKS, FOREIGN_KEY_CHECKS=0 */;
/*!40101 SET @OLD_SQL_MODE=@@SQL_MODE, SQL_MODE='NO_AUTO_VALUE_ON_ZERO' */;
/*!40111 SET @OLD_SQL_NOTES=@@SQL_NOTES, SQL_NOTES=0 */;

--
-- Table structure for table `ke_account_log`
--

DROP TABLE IF EXISTS `ke_account_log`;
/*!40101 SET @saved_cs_client     = @@character_set_client */;
/*!40101 SET character_set_client = utf8 */;
CREATE TABLE `ke_account_log` (
  `log_id` int(10) NOT NULL AUTO_INCREMENT,
  `user_id` int(10) NOT NULL DEFAULT '0' COMMENT '会员ID',
  `relative_id` int(10) DEFAULT '0' COMMENT '相关ID 订单 推荐人ID等',
  `money` decimal(10,2) DEFAULT '0.00' COMMENT '变动金额',
  `all_money` decimal(10,2) DEFAULT '0.00' COMMENT '总金额',
  `jifen` int(10) DEFAULT '0' COMMENT '变动积分',
  `all_jifen` int(10) DEFAULT '0' COMMENT '总积分',
  `jinbi` int(10) DEFAULT '0' COMMENT '变动金币',
  `all_jinbi` int(10) DEFAULT '0' COMMENT '总金币',
  `change_time` int(10) DEFAULT '0',
  `change_desc` varchar(100) DEFAULT NULL COMMENT '变动类型',
  `change_type` tinyint(2) DEFAULT '0' COMMENT '0后台调节 1积分兑换 2宠物生产 3 邀请赠送积分 5金币资金兑换 6提现 7拼团订单退款 8普通订单退款 9普通订单返积分',
  PRIMARY KEY (`log_id`) USING BTREE
) ENGINE=InnoDB DEFAULT CHARSET=utf8 ROW_FORMAT=DYNAMIC;
/*!40101 SET character_set_client = @saved_cs_client */;

--
-- Dumping data for table `ke_account_log`
--

LOCK TABLES `ke_account_log` WRITE;
/*!40000 ALTER TABLE `ke_account_log` DISABLE KEYS */;
/*!40000 ALTER TABLE `ke_account_log` ENABLE KEYS */;
UNLOCK TABLES;

--
-- Table structure for table `ke_article`
--

DROP TABLE IF EXISTS `ke_article`;
/*!40101 SET @saved_cs_client     = @@character_set_client */;
/*!40101 SET character_set_client = utf8 */;
CREATE TABLE `ke_article` (
  `id` int(20) NOT NULL AUTO_INCREMENT,
  `cat_id` mediumint(5) DEFAULT '0' COMMENT '文章分类',
  `title` varchar(250) DEFAULT NULL COMMENT '标题',
  `content` longtext,
  `add_time` int(11) DEFAULT '0' COMMENT '添加时间',
  `is_show` tinyint(1) DEFAULT '1' COMMENT '1显示2不显示',
  `listorder` mediumint(5) DEFAULT '50' COMMENT '排序',
  PRIMARY KEY (`id`) USING BTREE,
  KEY `cat` (`cat_id`) USING BTREE
) ENGINE=MyISAM AUTO_INCREMENT=40 DEFAULT CHARSET=utf8 ROW_FORMAT=DYNAMIC;
/*!40101 SET character_set_client = @saved_cs_client */;

--
-- Dumping data for table `ke_article`
--

LOCK TABLES `ke_article` WRITE;
/*!40000 ALTER TABLE `ke_article` DISABLE KEYS */;
INSERT INTO `ke_article` VALUES (1,1,'隐私协议','<p>在此特别提醒您（用户）在注册成为用户之前，请认真阅读本《用户协议》（以下简称“协议”），确保您充分理解本协议中各条款。请您审慎阅读并选择接受或不接受本协议。您的注册、登录、使用等行为将视为对本协议的接受，并同意接受本协议各项条款的约束。本协议约定XXXX科技有限公司（以下简称“XXXX”）与用户之间关于“利池满”金融咨询服务（以下简称“服务“）的权利义务。“用户”是指注册、登录、使用本服务的个人。本协议可由XXXX随时更新，更新后的协议条款一旦公布即代替原来的协议条款，恕不再另行通知，用户可在本APP中查阅最新版协议条款。在修改协议条款后，如果用户不接受修改后的条款，请立即停止使用利池满提供的服务，用户继续使用服务将被视为接受修改后的协议。</p><p>&nbsp;</p><p>一、账号注册</p><p>1、用户在使用本服务前需要注册一个“XXXX”账号。“XXXX”账号应当使用手机号码绑定注册，请用户使用尚未与“XXXX”账号绑定的手机号码，以及未被服务根据本协议封禁的手机号码注册“XXXX”账号。服务可以根据用户需求或产品需要对账号注册和绑定的方式进行变更，而无须事先通知用户。</p><p>2、“XXXX”系基于“利池满“的APP产品，用户注册时应当授权XXXX及使用其个人信息方可成功注册“XXXX”账号。故用户完成注册即表明用户同意服务提取、公开及使用用户的信息。</p><p>3、鉴于“XXXX”账号的绑定注册方式，您同意服务在注册时将允许您的手机号码及手机设备识别码等信息用于注册。</p><p>4、在用户注册及使用本服务时，XXXX需要搜集能识别用户身份的个人信息以便服务可以在必要时联系用户，或为用户提供更好的使用体验。XXXX搜集的信息包括但不限于用户的姓名、地址；XXXX同意对这些信息的使用将受限于第三条用户个人隐私信息保护的约束。</p><p>&nbsp;</p><p>二、用户个人隐私信息保护</p><p>1、如果XXXX发现或收到他人举报或投诉用户违反本协议约定的，XXXX有权不经通知随时对相关内容，包括但不限于用户资料、发贴记录进行审查、删除，并视情节轻重对违规账号处以包括但不限于警告、账号封禁 、设备封禁 、功能封禁 的处罚，且通知用户处理结果。</p><p>2、因违反用户协议被封禁的用户，可以自行与XXXX联系。其中，被实施功能封禁的用户会在封禁期届满后自动恢复被封禁功能。被封禁用户可提交申诉，XXXX将对申诉进行审查，并自行合理判断决定是否变更处罚措施。</p><p>3、用户理解并同意，XXXX有权依合理判断对违反有关法律法规或本协议规定的行为进行处罚，对违法违规的任何用户采取适当的法律行动，并依据法律法规保存有关信息向有关部门报告等，用户应承担由此而产生的一切法律责任。</p><p>4、用户理解并同意，因用户违反本协议约定，导致或产生的任何第三方主张的任何索赔、要求或损失，包括合理的律师费，用户应当赔偿XXXX与合作公司、关联公司，并使之免受损害。</p><p>&nbsp;</p><p>三、用户发布内容规范</p><p>1、本条所述内容是指用户使用服务的过程中所制作、上载、复制、发布、传播的任何内容，包括但不限于账号头像、名称、用户说明等注册信息及认证资料，或文字、语音、图片、视频、图文等发送、回复或自动回复消息和相关链接页面，以及其他使用账号或本服务所产生的内容。</p><p>2、用户不得利用“XXXX”账号或本服务制作、上载、复制、发布、传播如下法律、法规和政策禁止的内容：</p><p>(1) 反对宪法所确定的基本原则的；</p><p>(2) 危害国家安全，泄露国家秘密，颠覆国家政权，破坏国家统一的；</p><p>(3) 损害国家荣誉和利益的；</p><p>(4) 煽动民族仇恨、民族歧视，破坏民族团结的；</p><p>(5) 破坏国家宗教政策，宣扬邪教和封建迷信的；</p><p>(6) 散布谣言，扰乱社会秩序，破坏社会稳定的；</p><p>(7) 散布淫秽、色情、赌博、暴力、凶杀、恐怖或者教唆犯罪的；</p><p>(8) 侮辱或者诽谤他人，侵害他人合法权益的；</p><p>(9) 含有法律、行政法规禁止的其他内容的信息。</p><p>3、用户不得利用“XXXX”账号或本服务制作、上载、复制、发布、传播如下干扰“服务”正常运营，以及侵犯其他用户或第三方合法权益的内容：</p><p>(1) 含有任何性或性暗示的；</p><p>(2) 含有辱骂、恐吓、威胁内容的；</p><p>(3) 含有骚扰、垃圾广告、恶意信息、诱骗信息的；</p><p>(4) 涉及他人隐私、个人信息或资料的；</p><p>(5) 侵害他人名誉权、肖像权、知识产权、商业秘密等合法权利的；</p><p>(6) 含有其他干扰本服务正常运营和侵犯其他用户或第三方合法权益内容的信息。</p><p>&nbsp;</p><p>四、使用规则</p><p>1、用户在本服务中或通过本服务所传送、发布的任何内容并不反映或代表，也不得被视为反映或代表XXXX的观点、立场或政策，XXXX对此不承担任何责任。</p><p>2、用户不得利用“XXXX”账号或本服务进行如下行为：</p><p>(1) 提交、发布虚假信息，或盗用他人头像或资料，冒充、利用他人名义的；</p><p>(2) 强制、诱导其他用户关注、点击链接页面或分享信息的；</p><p>(3) 虚构事实、隐瞒真相以误导、欺骗他人的；</p><p>(4) 利用技术手段批量建立虚假账号的；</p><p>(5) 利用“XXXX”账号或本服务从事任何违法犯罪活动的；</p><p>(6) 制作、发布与以上行为相关的方法、工具，或对此类方法、工具进行运营或传播，无论这些行为是否为商业目的；</p><p>(7) 其他违反法律法规规定、侵犯其他用户合法权益、干扰“XXXX”正常运营或服务未明示授权的行为。</p><p>3、用户须对利用“XXXX”账号或本服务传送信息的真实性、合法性、无害性、准确性、有效性等全权负责，与用户所传播的信息相关的任何法律责任由用户自行承担，与XXXX无关。</p><p>如因此给XXXX或第三方造成损害的，用户应当依法予以赔偿。</p><p>4、XXXX提供的服务中可能包括广告，用户同意在使用过程中显示XXXX和第三方供应商、合作伙伴提供的广告。除法律法规明确规定外，用户应自行对依该广告信息进行的交易负责，</p><p>对用户因依该广告信息进行的交易或前述广告商提供的内容而遭受的损失或损害，XXXX不承担任何责任。</p><p>&nbsp;</p><p>五、其他</p><p>1、XXXX郑重提醒用户注意本协议中免除XXXX责任和限制用户权利的条款，请用户仔细阅读，自主考虑风险。未成年人应在法定监护人的陪同下阅读本协议。</p><p>2、本协议的效力、解释及纠纷的解决，适用于中华人民共和国法律。若用户和XXXX之间发生任何纠纷或争议，首先应友好协商解决，协商不成的，用户同意将纠纷或争议提交XXXX住所地有管辖权的人民法院管辖。</p><p>3、本协议的任何条款无论因何种原因无效或不具可执行性，其余条款仍有效，对双方具有约束力。</p><p><br/></p><p><br/></p><p>本《协议》版权由XXXX所有，XXXX保留一切对本《协议》解释的权利。</p><p><br/></p>',1615532645,1,50),(5,2,'小程序于8.1正式使用，现仍为内部测试阶段。','<p>小程序于8.1正式使用，现仍为内部测试阶段。</p><p>咨询服务已经正式上线，可正常使用。</p><p>如有疑问，联系客服获取帮助。</p>',1617439625,1,50),(7,7,'80、90后开始思考“养老大计”！定投基金？还是养老保险？','<p>对于80、90后而言，虽然“我还年轻”，但社会上日益“内卷”的竞争和压力，让他们更早地开始思考养老保障问题。</p><p><img src=\"https://www.richerman666.com/uploads/image/20210512/1620784345789216.jpeg\" title=\"1620784345789216.jpeg\" alt=\"111111.jpeg\"/></p><p>在金融领域工作的90后肖如许颇为理性，她表示，“人口红利慢慢消减、人的寿命越来越长等因素的变化，都意味着自己需要有更多的储蓄。对于我们而言，提前规划好养老保障问题，才能有更有质量的老年生活。”</p><p>为此，肖如许认为，“要在有赚钱能力的时候做好充分的资金规划，自己每年都进行家庭的资产预算和决算；减少开支，避免不必要的消费；进行投资理财，增加税后收入；加入能够获得股权、股份的行业和公司，努力在自己年轻的时候通过这种方式赚取收入，而不是以固定薪酬的方式。”</p><p>80、90后未雨绸缪养老保障问题，主要是为了“活得更精彩”。</p><p>“主要是担心年纪大了储蓄不足，防患未然。”在外企工作的80后常青谈及自己的投资策略称，“长线是考虑复利，定投和考虑10年以上的常青树基金与基金经理，同时考虑长线持股、量化投资、购房等，以及其他新兴市场的机会。”</p><p>“人越来越长寿，担心赚的钱不够”，来自快销行业的90后沈重的选择是定投指数基金，因在他眼中这样“长期收益率高、风险小。”而来自互联网行业的80后于怡和从事金融工作的80后闵超则将商业保险作为补充。</p><p>巨量引擎联合中国平安发布的《用户健康+保险行为数据报告》显示，从险种的关注度看，随着我国逐步进入老龄化社会，商业养老保险成为最受抖音用户关注的险种，包括为父母配置保险以及为自身养老未雨绸缪。</p><p>根据最新一期的“宏利亚洲关怀调查”（Manulife Asia Care Survey），超过半数（53%）的中国受访者认为自疫情以来，养老规划已经变得越发重要。</p><p>个人养老金产趋热</p><p>从世界各国看，解决养老保障问题通常是由政府、企业、个人共同承担，政府承担部分称为基本养老，企业部分称为企业年金，个人部分称为养老金。</p><p>中国已经进入长寿时代，老龄人口之多、进入老龄社会之快和养老事业发展任务之重，世属罕见。中国养老体系比较完整，基本养老基本实现全面覆盖；企业年金、职业年金和团体年金也在逐步发展，但比重相对比较少一些；个人养老金相对而言发展速度慢一些，尤其和一些发达国家比，比重还很小。</p><p>近年来，个人养老金越来越受到政府支持、市场欢迎，其中基金、商业保险都是80、90后的“心头好”。</p><p>北京工商大学保险专业副主任宋占军告诉21世纪经济报道记者，近年来，保险业通过年金保险+万能账户的方式大力拓展养老保险第三支柱。这种创新型的产品形态将年金化给付和万能账户收益有机结合，在给客户写入合同确定性收益的基础上，通过投资账户为客户创造更多投资。尽管短期投资收益可能低于股票、基金等方式，但作为一种定期储蓄型家庭资产配置方式具有长期稳定收益，从长期来看能为客户带来价值，这也是保险行业的核心竞争力。尤其是在资本市场波动比较大的情况下，保险这种稳健型投资方式，是适合普通老百姓的。</p><p>华泰保险集团常务副总经理，华泰人寿董事长坦言，国内的企业年金、职业年金、个人年金等养老保险产品还有很大的努力空间，市场远远没有得到满足。随着中国人口老龄化进程的加速，康养成为共同关注的热点，寿险公司做好了这一领域，将会获得强大的发展后劲。</p><p>招商基金总经理王小青对21世纪经济报道记者表示，养老目标基金是一个不错的、可以作为年轻一代长期配置的品种之一，它通过动态的资产配置和科学的管理人遴选，努力为不同退休年龄的人提供长期、稳定增值。目前，包括招商基金在内的公募基金行业都在积极准备此类产品。</p><p>上投摩根华北区域销售中心总经理王晓勇认为，随着生存年龄的大幅提升，养老支出的压力可能超过原预计，因此确实需要未雨绸缪考虑养老保障问题。“对于80后，已经有了一定积累，建议养老保险和基金都有所配置，养老保险风险小、适合为基础配置部分，但长期收益空间也小，所以建议有基金作为补充。在基金上，更推荐配置一些绩优的主动管理产品。”</p><p>“对于90后，尤其本身积累财富不见得特别多的人群，更应多关注基金的投资。首先，建议采用基金定投的方式参与，每个月约定固定的金额投到某一只或几只产品。投入金额的频率与获得收入频率一致，资金利用效率更高。不经意间积累起财富同时，也有助于引导形成正确的消费观，避免成为月光一族。”王晓勇称。</p><p>先锋领航投顾CEO张宇指出，80、90后可借鉴一些经验，坚持长期投资、进行定投，通过参与权益市场，获得长期收益，更为从容地应对老年生活。在这一过程中，需要考虑的问题是，有一部分80、90后可能相对缺乏专业积累和对风险的认知，对于时间、风险和收益的关系没有专业投资者那样了解，同时他们正处于事业上升期、拼搏期，也可能没有足够的时间去研究和关注。“如果这两个问题没有解决好，冒然投入到权益市场，其实很难有好的收益，反而会产生更多焦虑的情绪。”</p><p>为此，张宇建议，一是可以选择智能投顾帮助打理基金，二是可以选择包括税延政策支持等养老保险，将二者组合起来，作为养老的投资选择。</p><p>值得一提的是，今年2月，在国新办举行的就业和社会保障情况新闻发布会上，人社部副部长游钧透露，近年来，人社部在多层次养老保险体系的框架下系统谋划、整体设计第三层次制度模式。经过充分的研究论证，借鉴国际上的经验，总结国内一些试点经验，目前已经形成了初步思路。总的考虑是，建立以账户制为基础、个人自愿参加、国家财政从税收上给予支持，资金形成市场化投资运营的个人养老金制度，正在紧锣密鼓地推出。</p><p>持续创新的养老模式</p><p><img src=\"/uploads/image/20210512/1620784361427352.jpg\" title=\"1620784361427352.jpg\" alt=\"2222.jpg\"/></p><p>80、90后也在对居家养老，还是社区养老进行考虑。</p><p>目前，越来越多的保险公司都在加大这方面的投入，并且进行模式创新。例如，大家保险的“城心养老”是甄选城市核心区优质物业，通过“高品质持续护理养老社区+社区嵌入式护理站”模式，满足不同年龄阶段老人需求，提供从独立生活、协助生活到专业护理的一站式养老服务。</p><p>见斑窥豹。从长远看，养老市场的需求将会越来越旺盛，对养老品质的要求将会越来越高，这也对养老产品的供给者们提出了更高的要求。</p><p>对此，泰康保险集团创始人、董事长兼CEO陈东升指出，健康长寿一定要有充足的财富和财力来满足长期高品质、高质量生存要求。“长寿时代一定会呼唤出长寿的经济，所以长寿经济是最大的观念变革。有可能我们既是消费者，同时也是生产者，更是创新者。”</p><p>陈东升认为，长寿经济呼唤第三次人口红利，所以新的市场需求供给也会产生。随着老年人口持续增长，老年人的需求和消费逐步会成为社会最主要的需求和最主要的消费，整个消费结构随着人口结果的变化，消费者结构也会变化，消费结构变化带来产业结构和经济结构的变化，我们一定要看到长寿经济随着第三次人口红利的出现，一种新的消费、新的需求和新的供给也会诞生。</p><p><br/></p>',1620713596,1,50),(14,7,'意外！特斯拉上海工厂被传暂停扩建，特朗普埋的雷要爆？','<p>意外一个接一个！</p><p>美股盘前特斯拉股价暴跌超7%。业内开始认为是其四月份销售数据大幅下降所致，但随着时间的推移，坏事情似乎并非仅此一件。据路透社消息，知情人士表示，由于中美局势造成的不确定性，美国电动汽车制造商特斯拉公司（TSLA.O）已暂停购买土地以扩大其上海工厂并使其成为全球出口中心的计划。</p><p>此外，美国国家运输安全委员会（NTSB）周一发布初步报告称，特斯拉Model S上个月在德克萨斯州撞毁，造成两人死亡，当时自动驾驶功能很可能没有启用。</p><p><img src=\"/uploads/image/20210512/1620783703135597.jpg\" title=\"1620783703135597.jpg\" alt=\"77F1A986A9964E28A1AA00CEFB7BC5921A9F0A41_size48_w600_h333.jpg\"/></p><p>在特斯拉不断被黑，状况频出的背景之下，比亚迪的销量和好评逐渐起来了。5月9日，比亚迪公布了4月份乘用车销量数据：乘用车销售44606辆新车，同比增长43.5%，环比增长11.6%。5月11日，稳打稳扎的比亚迪更是公告称，拟将控股子公司比亚迪半导体分拆至深交所创业板上市。</p><p>那么，作为竞争对手，且在电动车界浸淫许久的比亚迪能否一举在市值上超越特斯拉呢？</p><p>特朗普埋的雷要爆？</p><p>据路透社消息，知情人士说，由于中美紧张局势造成的不确定性，美国电动汽车制造商特斯拉公司（TSLA.O）已暂停购买土地以扩大其上海工厂并使其成为全球出口中心的计划。</p><p>这其中的原因还要从美国前任总统特朗普说起。唐纳德·特朗普（Donald Trump）任期对中国发起了贸易战，且规定在原有税率基础上，对进口的中国电动汽车征收25％的关税。目前，通用汽车公司（GM.N）在美国出售其中国制造的别克Envision，但需支付25％的额外关税，尽管SUV并非高容量车型。鉴于此，特斯拉现在打算限制中国产量在其全球生产中所占的比例。</p><p>消息人士告诉路透社，特斯拉早些时候曾考虑将其中国制造的入门级Model 3的出口扩大到包括美国在内的更多市场。而目前，特斯拉将中国制造的Model 3s运送到欧洲，并在德国建立工厂。特斯拉上海工厂的设计目标是每年生产500000辆汽车，目前正在以每年450000辆的速度生产Model 3和Model Y。</p><p>据知情人士透露，三月份，特斯拉并未竞标在工厂对面的一块土地，因为至少目前，公司不再大幅度提高中国的生产能力。但在回应这一问题时，特斯拉表示其上海工厂正在“按计划发展”。</p><p>特斯拉从未宣布有意收购这块土地，虽然这里只有特斯拉目前设施所在的200英亩（80公顷）土地面积的一半，但这将使该公司再增加200000至300000辆汽车的容量。</p><p>在马斯克（Elon Musk）的带领下，特斯拉以改变战略方向而闻名，包括在中国。3月份在政府网站上发布的建设文件显示，特斯拉将对其上海工厂进行改造，以增加产能。</p><p>特斯拉在上海的工厂仍然有土地用于生产，但现在用于停车。一位知情人士说，特斯拉可以将其现有站点的容量扩大到50万台以上。另一位人士表示，特斯拉将来可能会获得更多土地用于更多汽车生产线。另外，特斯拉正在上海的工厂建设维修和复制关键组件（如电动机和电池组）的设施，并制造电动汽车充电器。</p><p>特斯拉在中国面临着与国内企业如蔚来汽车的日益激烈的竞争，后者正在考虑以另一种方式生产大众市场产品。</p><p>股价连番暴跌，光环是否还在？</p><p>近期，特斯拉股价持续暴跌，较历史最高位股价已经跌去超过30%，11日盘前最大跌幅超过8%。美股开盘后，特斯拉股价一度下挫逾5%，截至23:00点，跌幅有所收窄，跌超3%。</p><p>据乘联会数据显示，4月特斯拉销量为25845辆，相比3月份（35478辆）环比下降27%，今年1-4月特斯拉累计销量为95125辆。特斯拉4月销量下滑速度已超过市场平均水平（整个行业4月新能源乘用车批发销量达到18.4万辆，环比3月下降8.7%）。</p><p>另一方面，当地时间5月10日晚上，有美国媒体报道称，国家运输安全委员会（NTSB）周一发布初步报告称，特斯拉Model S的自动驾驶功能上个月在德克萨斯州撞毁，造成两人死亡，很可能没有启用。新的家庭监视还显示，车辆驾驶员和乘客在撞车之前就进入了车辆的两个前门。据ABC新闻报道，这与此前“在事故发生时没有迹象表明有人坐在驾驶员座位上”的表述相矛盾。</p><p>值得一提的是，特斯拉全球副总裁陶琳近日的一番关于“加强消费者教育”的言论再度被舆论诟病。据媒体报道，近日，特斯拉全球副总裁陶琳在接受媒体采访时表示，“我们每个季度发布的安全报告，都可以显示，特斯拉的车尤其是用了自动驾驶的系统之后，有效地提升了车辆安全。”</p><p>她表示，下一步出了要进一步提升整车的研发，在车辆的使用环节，还需要加强消费者的教育，比方说我们现在其实需要去跟驾校、交通部门去合作，让大家了解新型汽车的使用方法，避免在使用环节当中的误操作，或者说因为功能上不太了解而带来的一些其他的问题。</p><p>比亚迪能否借机上位？</p><p>在现有的中国新能源汽车当中，蔚来、理想、小鹏等虽然是可以与特斯拉较量的新兴势力，但比亚迪或是那个底蕴深厚的最大竞争者。</p><p>5月9日，比亚迪公布了4月份乘用车销量数据：乘用车销售44606辆新车，同比增长43.5%，环比增长11.6%。新能源车型售出25034辆，同比增长104.2%，环比增长7.05%。这一数据均远高于市场的平均水平，自然也远高于特斯拉的销量。</p><p>来自智车派的评价是，在新能源行业，比亚迪是深耕多年的地下王者，其业务涵盖到了方方面面。近几年，比亚迪不仅在产业链中持续获益，其终端销量也节节攀升。</p><p>不仅如此，比亚迪在资本运作上也渐入佳境。5月11日晚，比亚迪公告，公司拟将控股子公司比亚迪半导体分拆至深交所创业板上市。比亚迪半导体将继续从事功率半导体、智能控制IC、智能传感器及光电半导体的研发、生产及销售。未来，比亚迪半导体将以车规级半导体为核心，同步推动工业、家电、新能源、消费电子等领域的半导体业务发展，致力于成为高效、智能、集成的新型半导体供应商。</p><p>不过，值得注意是，虽然汽车销售总量压过特斯拉，但即使是四月份，其新能车销售总量也依然未能超过特斯拉。特斯拉虽然近期受到舆论压力，但并非没有翻身的机会，不少用户的体验依然出色。</p><p><br/></p>',1620713737,1,50),(39,8,'每日分享-借贷法则','<p style=\"text-align: left;\"><span style=\"color: rgb(255, 0, 0); background-color: rgb(255, 255, 255); font-size: 24px; font-family: 楷体, 楷体_GB2312, SimKai;\">借贷法则是指借贷记账法的规则。</span></p><p style=\"text-align: left;\"><span style=\"color: rgb(255, 0, 0); background-color: rgb(255, 255, 255); font-size: 24px; font-family: 楷体, 楷体_GB2312, SimKai;\">借和贷的原意：均站在金融借贷资本家的角度，借为向金融借贷资本家借钱的人即“借主”；贷为在金融借贷资本家哪儿存钱的人即“贷主”。</span></p><p style=\"text-align: left;\"><section><span style=\"color: rgb(255, 0, 0); background-color: rgb(255, 255, 255); font-size: 24px; font-family: 楷体, 楷体_GB2312, SimKai;\">对于金融借贷资本家来说，也可以认为：借表示资金的去向，贷表示资金的来路，后来演变成纯粹的记账符号之后，“借、贷”将后来演变成纯粹的记账符号之后，“借、贷”将每一个账户都固定的分为两个相互对立的部分，每一个账户都固定的分为两个相互对立的部分，账户账户左方为借方左方为借方，，右方为贷方右方为贷方；凡交易之发生应依平衡原理及会计基本方程式，将每一交易所影响之会计要素，视其增变化，分别记录于账户之适当位置。</span></section></p><p><span style=\"background-color: rgb(255, 255, 255);\"></span><br/></p>',1626490566,1,1),(37,2,'小程序将于2021.08.01正式使用','<p style=\"white-space: normal;\">小程序于2021年8月1日正式使用，现仍为内部测试阶段。</p><p style=\"white-space: normal;\">咨询服务已经正式上线，可正常使用。</p><p style=\"white-space: normal;\">如有疑问，联系客服获取帮助。</p><p><br/></p>',1626417419,1,1),(31,7,'绩效考核无法真正达成业绩？','<p>绩效考核无法真正达成业绩</p><p><br/></p>',1622172735,1,50),(32,7,'关于营业执照上经营范围的一些说明','<p>经营范围是企业可以从事的生产经营与服务项目 [1]&nbsp; 。它反映的是企业业务活动的内容和生产经营方向，是企业业务活动范围的法律界限。</p><p>初次注册公司，不知道如何确定经营范围时，可以直接参考行业内同类公司。</p><p>以互联网科技公司为例，其经营范围如下：</p><p>网络通信科技产品领域内的技术开发、技术咨询、技术转让、技术服务，计算机网络工程，计算机软件开发及维护，计算机辅助设备的安装及维修，电子产品的安装和销售，计算机及相关产品(除计算机信息系统安全专用产品)、办公用品的销售。</p><p><br/></p>',1622172797,1,50),(35,7,'公司变更需要注意的一些事项','<p><strong>1、公司名称变更</strong></p><p>公司成立满一年后，就可以变更公司名称。</p><p>变更完公司名称时，需要在银行、税务、社保等部门也进行相应的变更。如果有商标证书，也需要进行变更。</p><p><br/></p><p><strong>2、注册资本变更</strong></p><p>当公司因为融资、股东增减等情况，打算增加或减少注册资本时，应该及时在工商局进行变更。</p><p>减资比增资办理难，减资还需要登报公示等手续，办理周期较长。</p><p><br/></p><p><strong>3、股东及出资比例变更</strong></p><p>当公司因为融资、股权激励、股东退出等情况，而增加或减少股东时，就会使公司的股东结构发生变化，需要去工商和税务部门变更。（附股权转让流程图）</p><p>股权变更流程</p><p>股权变更流程</p><p>股权转让的难点主要是在税务环节，关键是看股权是否被评估为溢价转让，如果是溢价转让，则需要缴纳20%个税。</p><p><br/></p><p><strong>4、注册地址变更</strong></p><p>随着公司的发展，加入公司的伙伴越来越多，新租了一个更大的办公室，在人员搬过去之后，应该将公司营业执照上的注册地址也进行变更，否则可能会面临工商部门的罚款。</p><p>地址同区变更比跨区变更要容易。除了工商变更，银行、社保也要进行变更，如果有商标证书、ICP证等资质证书，证书上有列明注册地址的，也需要相应进行地址变更。</p><p><br/></p><p><strong>5、经营范围变更</strong></p><p>当公司拓展新业务或者调整业务领域，就要及时去工商部门变更经营范围。</p><p>新增经营范围，如果涉及资质审批时，需要及时申请相关资质。</p><p><br/></p><p><strong>6、高管信息变更</strong></p><p>如果有董事、法人、监事、经理等发生变动，要及时去工商部门进行变更。</p><p>这一项在实际经营中很容易被忽视，尤其是监事这一岗位的变更。</p><p><br/></p>',1622172955,1,50),(36,7,'国家网信办等七部门进驻滴滴出行开展网络安全审查','<p><span style=\"color: rgb(222, 4, 34); font-family: Pingfang-SC, \">财联社7月16日讯，网络安全审查办公室有关负责同志表示，按照网络安全审查工作安排，7月16日，国家网信办会同公安部、国家安全部、自然资源部、交通运输部、税务总局、市场监管总局等部门联合进驻滴滴出行科技有限公司，开展网络安全审查。<img src=\"/uploads/image/20210716/1626417214923044.png\" title=\"1626417214923044.png\" alt=\"U4K8309637(1).png\"/></span></p>',1626417085,1,20),(38,7,'蓝光违约！剥开“川系房企一哥”的外衣','<p><a href=\"https://mp.weixin.qq.com/s/Z4TijBDYjEzqxEQdjARnow\" target=\"_blank\" title=\"蓝光违约\">蓝光违约</a><br/></p>',1626418189,1,1);
/*!40000 ALTER TABLE `ke_article` ENABLE KEYS */;
UNLOCK TABLES;

--
-- Table structure for table `ke_article_cat`
--

DROP TABLE IF EXISTS `ke_article_cat`;
/*!40101 SET @saved_cs_client     = @@character_set_client */;
/*!40101 SET character_set_client = utf8 */;
CREATE TABLE `ke_article_cat` (
  `id` int(20) NOT NULL AUTO_INCREMENT,
  `pid` int(20) NOT NULL DEFAULT '0' COMMENT '上级分类',
  `name` varchar(50) DEFAULT NULL COMMENT '文章分类名称',
  `desc` varchar(255) DEFAULT NULL COMMENT '类目描述',
  `add_time` int(11) DEFAULT '0' COMMENT '添加时间',
  PRIMARY KEY (`id`) USING BTREE
) ENGINE=MyISAM AUTO_INCREMENT=10 DEFAULT CHARSET=utf8 ROW_FORMAT=DYNAMIC;
/*!40101 SET character_set_client = @saved_cs_client */;

--
-- Dumping data for table `ke_article_cat`
--

LOCK TABLES `ke_article_cat` WRITE;
/*!40000 ALTER TABLE `ke_article_cat` DISABLE KEYS */;
INSERT INTO `ke_article_cat` VALUES (1,0,'系统文章','不可删除',1615532626),(2,0,'系统公告','不可删除',1617344248),(3,6,'企业贷款','1',0),(4,6,'地产融资','1',0),(5,6,'过桥资金','1',0),(7,0,'财富资讯','财富资讯文章',1620713511),(8,0,'基金产品','新能源概念',1620962333);
/*!40000 ALTER TABLE `ke_article_cat` ENABLE KEYS */;
UNLOCK TABLES;

--
-- Table structure for table `ke_guanggao`
--

DROP TABLE IF EXISTS `ke_guanggao`;
/*!40101 SET @saved_cs_client     = @@character_set_client */;
/*!40101 SET character_set_client = utf8 */;
CREATE TABLE `ke_guanggao` (
  `id` int(20) NOT NULL AUTO_INCREMENT,
  `cat_id` mediumint(5) DEFAULT '0' COMMENT '广告分类ID',
  `title` varchar(100) DEFAULT NULL COMMENT '广告标题',
  `img` varchar(100) DEFAULT NULL,
  `add_time` int(10) DEFAULT '0' COMMENT '添加时间',
  `listorder` mediumint(5) DEFAULT '0' COMMENT '排序',
  `type` tinyint(2) DEFAULT '0' COMMENT '广告链接类型1菜单链接 2案例 3网点  6外链',
  `url` varchar(100) DEFAULT NULL,
  `is_show` tinyint(2) DEFAULT '1' COMMENT ' 1显示 2不显示',
  `is_login` tinyint(2) DEFAULT '2' COMMENT '1需要登录 2不需要登录',
  PRIMARY KEY (`id`) USING BTREE
) ENGINE=MyISAM AUTO_INCREMENT=30 DEFAULT CHARSET=utf8 ROW_FORMAT=DYNAMIC;
/*!40101 SET character_set_client = @saved_cs_client */;

--
-- Dumping data for table `ke_guanggao`
--

LOCK TABLES `ke_guanggao` WRITE;
/*!40000 ALTER TABLE `ke_guanggao` DISABLE KEYS */;
INSERT INTO `ke_guanggao` VALUES (29,1,'首页幻灯2','/uploads/image/20210526/60ae19817d520.jpg',1621318764,50,2,'1',1,2),(28,1,'首页幻灯','/uploads/image/20210617/60cac8c21d153.jpg',1621318742,50,2,'',1,2),(23,1,'测试跳转咨询师','/uploads/image/20210617/60cac8e04b883.jpg',1616724463,1,3,'2',1,2),(24,1,'跳转外部链接','/uploads/image/20210512/609b2e8ac149e.jpg',1616724497,2,2,'8',1,2);
/*!40000 ALTER TABLE `ke_guanggao` ENABLE KEYS */;
UNLOCK TABLES;

--
-- Table structure for table `ke_guanggao_cat`
--

DROP TABLE IF EXISTS `ke_guanggao_cat`;
/*!40101 SET @saved_cs_client     = @@character_set_client */;
/*!40101 SET character_set_client = utf8 */;
CREATE TABLE `ke_guanggao_cat` (
  `id` int(20) NOT NULL AUTO_INCREMENT,
  `name` varchar(50) DEFAULT NULL COMMENT '广告名称',
  `desc` text COMMENT '描述',
  `add_time` int(11) DEFAULT '0' COMMENT '添加时间',
  PRIMARY KEY (`id`) USING BTREE
) ENGINE=MyISAM AUTO_INCREMENT=3 DEFAULT CHARSET=utf8 ROW_FORMAT=DYNAMIC;
/*!40101 SET character_set_client = @saved_cs_client */;

--
-- Dumping data for table `ke_guanggao_cat`
--

LOCK TABLES `ke_guanggao_cat` WRITE;
/*!40000 ALTER TABLE `ke_guanggao_cat` DISABLE KEYS */;
INSERT INTO `ke_guanggao_cat` VALUES (1,'首页广告位','不可删除，前台显示4张',1616657918);
/*!40000 ALTER TABLE `ke_guanggao_cat` ENABLE KEYS */;
UNLOCK TABLES;

--
-- Table structure for table `ke_jijin_sub`
--

DROP TABLE IF EXISTS `ke_jijin_sub`;
/*!40101 SET @saved_cs_client     = @@character_set_client */;
/*!40101 SET character_set_client = utf8 */;
CREATE TABLE `ke_jijin_sub` (
  `id` int(12) NOT NULL AUTO_INCREMENT,
  `name` varchar(255) NOT NULL DEFAULT '' COMMENT '标题',
  `tags` varchar(255) NOT NULL DEFAULT '' COMMENT '标签',
  `content` text,
  `image` varchar(255) NOT NULL DEFAULT '' COMMENT '图片',
  `weigh` int(10) NOT NULL DEFAULT '100' COMMENT '排序',
  `status` tinyint(4) DEFAULT '2' COMMENT '状态：1=启用，2=禁用',
  `create_time` int(12) DEFAULT NULL COMMENT '添加时间',
  `description` varchar(255) NOT NULL DEFAULT '' COMMENT '简介',
  PRIMARY KEY (`id`)
) ENGINE=InnoDB AUTO_INCREMENT=17 DEFAULT CHARSET=utf8;
/*!40101 SET character_set_client = @saved_cs_client */;

--
-- Dumping data for table `ke_jijin_sub`
--

LOCK TABLES `ke_jijin_sub` WRITE;
/*!40000 ALTER TABLE `ke_jijin_sub` DISABLE KEYS */;
INSERT INTO `ke_jijin_sub` VALUES (2,'基金小白知识科普——什么是基金？','基础内容1','<p style=\"margin-top: 0px; margin-bottom: 1.4em;\">然是小白指南，就要从最基础的入手。首先要知道，所谓的基金到底是个什么东西。</p><p style=\"margin-top: 1.4em; margin-bottom: 1.4em;\">其实对于没有什么理财概念的人，可能光讲清楚基金是不够的，因为你们可能会把基金、股票、债券、银行理财产品等统统分不清楚（别问我为啥知道，谁不是这么过来的），所以稍微展开讲讲这几者之间的区别，以便更好的理解。懂的可直接忽略这部分。</p><p class=\"ztext-empty-paragraph\" style=\"margin-top: -0.8em; margin-bottom: -0.8em;\"><br/></p><p style=\"margin-top: 1.4em; margin-bottom: 1.4em;\"><span style=\"font-weight: 600;\">股票、债券和基金</span></p><p style=\"margin-top: 1.4em; margin-bottom: 1.4em;\">股票、债券和基金，这三者比较有可比性，先拿来对比。</p><p style=\"margin-top: 1.4em; margin-bottom: 1.4em;\">银行理财产品比较特殊，稍后解释。</p><p class=\"ztext-empty-paragraph\" style=\"margin-top: -0.8em; margin-bottom: -0.8em;\"><br/></p><p style=\"margin-top: 1.4em; margin-bottom: 1.4em;\"><span style=\"font-weight: 600;\">（1）股票</span></p><p style=\"margin-top: 1.4em; margin-bottom: 1.4em;\"><span style=\"font-weight: 600;\">股票，代表的就是一个公司的股份。拥有了一个公司的股票，其实就相当于你拥有了一部分公司的股份。</span></p><p style=\"margin-top: 1.4em; margin-bottom: 1.4em;\">比如你和张三合伙开了一个公司，一共投资100元，你投入70元，张三投入30元。那么你就拥有这个公司70%的股份。如果把公司的股份划分为100份，那么每份的价格就刚好等于1元。这里的100股份，就可以看作你们公司的股票，每一股价值1元。哪天你们的公司上市了，投资者觉得你们公司有潜力，把你们的股价抬高到了2元，那么你们的股票就变成2元。</p><p class=\"ztext-empty-paragraph\" style=\"margin-top: -0.8em; margin-bottom: -0.8em;\"><br/></p><p style=\"margin-top: 1.4em; margin-bottom: 1.4em;\"><span style=\"font-weight: 600;\">所以股票代表着股份，即意味着拥有权。</span></p><p style=\"margin-top: 1.4em; margin-bottom: 1.4em;\">因为你手上拥有70%的股份，所以公司每赚1块钱，你就可以获得1*70%＝0.7元的收入</p><p style=\"margin-top: 1.4em; margin-bottom: 1.4em;\">而当每亏损了1块钱，你都要付出1*70%＝0.7元的代价</p><p class=\"ztext-empty-paragraph\" style=\"margin-top: -0.8em; margin-bottom: -0.8em;\"><br/></p><p style=\"margin-top: 1.4em; margin-bottom: 1.4em;\"><span style=\"font-weight: 600;\">因此，股票投资，</span></p><p style=\"margin-top: 1.4em; margin-bottom: 1.4em;\"><span style=\"font-weight: 600;\">收益可以很大，因为你拥有的这个公司很可能是个赚钱机器，因而股价暴涨；</span></p><p style=\"margin-top: 1.4em; margin-bottom: 1.4em;\"><span style=\"font-weight: 600;\">但是风险也很大，因为你拥有的这个公司也可能因经营不善，因而股价暴跌；</span></p><p style=\"margin-top: 1.4em; margin-bottom: 1.4em;\">（当然，实际上股票价格不只跟公司经营状况相关，但这里只为了简单解释概念，所以忽略了很多影响因素，大概懂得什么意思即可）</p><p class=\"ztext-empty-paragraph\" style=\"margin-top: -0.8em; margin-bottom: -0.8em;\"><br/></p><p style=\"margin-top: 1.4em; margin-bottom: 1.4em;\"><span style=\"font-weight: 600;\">（2）债券</span></p><p style=\"margin-top: 1.4em; margin-bottom: 1.4em;\"><span style=\"font-weight: 600;\">债券，代表是一种债权，简单说，就说借钱给别人。</span></p><p style=\"margin-top: 1.4em; margin-bottom: 1.4em;\">国债，简单理解就是国家向你借钱，并给你打了张借条，上面写着“欠某某100元，约定1年偿还，利息1%”，这就是国债啦。</p><p class=\"ztext-empty-paragraph\" style=\"margin-top: -0.8em; margin-bottom: -0.8em;\"><br/></p><p style=\"margin-top: 1.4em; margin-bottom: 1.4em;\"><span style=\"font-weight: 600;\">债券代表的是一种债券关系。</span></p><p style=\"margin-top: 1.4em; margin-bottom: 1.4em;\">你买了债券，就相当于借钱给了他人，这个他人可以是国家、地方政府，也可以企业。</p><p style=\"margin-top: 1.4em; margin-bottom: 1.4em;\">欠债还欠，天经地义。借了别人钱，不管怎么样都是得还给债主的。所<span style=\"font-weight: 600;\">以相对股票而言，债券的风险更小，因为不用承担经营的风险。</span>（当然是存在着违约的风险的，就是说欠你钱的人跑路了，你钱要不回来了。所以借钱的时候，要看借钱给的对象是谁，这也是投资债券时最先要考虑的。）</p><p style=\"margin-top: 1.4em; margin-bottom: 1.4em;\"><span style=\"font-weight: 600;\">既然债券风险小，相对应的，收益肯定也小。</span>因为你的收益从一开始就已经白字黑字写清楚了，“欠某某100元，约定1年偿还，利息1%”，所以你的收益就是这1%的利息。你借钱给的人，不管他用你的钱经营的多好，赚了多少，都跟你没关系的哈乖</p><p class=\"ztext-empty-paragraph\" style=\"margin-top: -0.8em; margin-bottom: -0.8em;\"><br/></p><p style=\"margin-top: 1.4em; margin-bottom: 1.4em;\"><span style=\"font-weight: 600;\">（3）基金</span></p><p style=\"margin-top: 1.4em; margin-bottom: 1.4em;\"><span style=\"font-weight: 600;\">不管是股票还是债券，他们都属于直接投资。</span></p><p style=\"margin-top: 1.4em; margin-bottom: 1.4em;\">什么叫直接投资呢，就是你的钱直接买了商品。而我们要说的基金，是一种间接投资，就是你的钱不是直接买了商品，而是交给一个专业人士，让他帮你去买。这么一说怎么有点像代购，当然跟代购不同的是，你不能指定那个专业人士帮你买什么（一般你也不会这么做，如果你懂的话还要他干嘛），但是他会告诉你他大概会买那些东西，风险怎么样之类的。</p><p class=\"ztext-empty-paragraph\" style=\"margin-top: -0.8em; margin-bottom: -0.8em;\"><br/></p><p style=\"margin-top: 1.4em; margin-bottom: 1.4em;\">所以，<span style=\"font-weight: 600;\">其实基金就是一种委托关系。</span>你委托专业机构（基金管理公司），它受你的委托帮你管理资金和进行投资。当然，不是说你把钱直接丢给基金公司，它就会自动帮你理财。而是基金公司根据不同的投资标的，去把一份投资计划包装成一个套餐，然后给你选择。就像你去旅行社报团一样，会告诉你A套餐桂林3天2日游，B套餐上海5天4日游之类的，你根据自己的兴趣选择就是了。</p><p class=\"ztext-empty-paragraph\" style=\"margin-top: -0.8em; margin-bottom: -0.8em;\"><br/></p><p style=\"margin-top: 1.4em; margin-bottom: 1.4em;\">所以基金，是你让专业人士帮你去投资，因为专业人士一般而言都挺专业的（不然他也不叫专业人士），并且基金投资的时候，会进行分散投资（投多个股票或者股票、债券结合等），<span style=\"font-weight: 600;\">因此风险相对而言就比股票小。</span></p><p style=\"margin-top: 1.4em; margin-bottom: 1.4em;\"><br/></p><p><br/></p>','',1,2,1622077248,'什么是基金？'),(11,'基金小白知识科普——基金分类','基金知识','<p style=\"margin-top: 0px; margin-bottom: 1.4em; color: rgb(18, 18, 18); font-family: -apple-system, BlinkMacSystemFont, &quot;Helvetica Neue&quot;, &quot;PingFang SC&quot;, &quot;Microsoft YaHei&quot;, &quot;Source Han Sans SC&quot;, &quot;Noto Sans CJK SC&quot;, &quot;WenQuanYi Micro Hei&quot;, sans-serif; font-size: medium; white-space: normal; background-color: rgb(255, 255, 255);\">先回顾一下，</p><p style=\"margin-top: 1.4em; margin-bottom: 1.4em; color: rgb(18, 18, 18); font-family: -apple-system, BlinkMacSystemFont, &quot;Helvetica Neue&quot;, &quot;PingFang SC&quot;, &quot;Microsoft YaHei&quot;, &quot;Source Han Sans SC&quot;, &quot;Noto Sans CJK SC&quot;, &quot;WenQuanYi Micro Hei&quot;, sans-serif; font-size: medium; white-space: normal; background-color: rgb(255, 255, 255);\">在第一章，我们主要讲了“基金是什么”这个主题，包括了</p><p style=\"margin-top: 1.4em; margin-bottom: 1.4em; color: rgb(18, 18, 18); font-family: -apple-system, BlinkMacSystemFont, &quot;Helvetica Neue&quot;, &quot;PingFang SC&quot;, &quot;Microsoft YaHei&quot;, &quot;Source Han Sans SC&quot;, &quot;Noto Sans CJK SC&quot;, &quot;WenQuanYi Micro Hei&quot;, sans-serif; font-size: medium; white-space: normal; background-color: rgb(255, 255, 255);\">（1）基金的本质是什么：基金实质就是一种委托关系，委托基金管理公司帮我们去投资。</p><p style=\"margin-top: 1.4em; margin-bottom: 1.4em; color: rgb(18, 18, 18); font-family: -apple-system, BlinkMacSystemFont, &quot;Helvetica Neue&quot;, &quot;PingFang SC&quot;, &quot;Microsoft YaHei&quot;, &quot;Source Han Sans SC&quot;, &quot;Noto Sans CJK SC&quot;, &quot;WenQuanYi Micro Hei&quot;, sans-serif; font-size: medium; white-space: normal; background-color: rgb(255, 255, 255);\">（2）基金的相关主题有哪些：投资人，基金管理人，基金托管人</p><p style=\"margin-top: 1.4em; margin-bottom: 1.4em; color: rgb(18, 18, 18); font-family: -apple-system, BlinkMacSystemFont, &quot;Helvetica Neue&quot;, &quot;PingFang SC&quot;, &quot;Microsoft YaHei&quot;, &quot;Source Han Sans SC&quot;, &quot;Noto Sans CJK SC&quot;, &quot;WenQuanYi Micro Hei&quot;, sans-serif; font-size: medium; white-space: normal; background-color: rgb(255, 255, 255);\">（3）一只基金的一生：产品设计——证监会审批——确认发行——公开发行（募集资金）——建仓期封闭——正式运作——清盘</p><p class=\"ztext-empty-paragraph\" style=\"margin-top: -0.8em; margin-bottom: -0.8em; color: rgb(18, 18, 18); font-family: -apple-system, BlinkMacSystemFont, &quot;Helvetica Neue&quot;, &quot;PingFang SC&quot;, &quot;Microsoft YaHei&quot;, &quot;Source Han Sans SC&quot;, &quot;Noto Sans CJK SC&quot;, &quot;WenQuanYi Micro Hei&quot;, sans-serif; font-size: medium; white-space: normal; background-color: rgb(255, 255, 255);\"><br/></p><p class=\"ztext-empty-paragraph\" style=\"margin-top: 1.4em; margin-bottom: 1.4em; color: rgb(18, 18, 18); font-family: -apple-system, BlinkMacSystemFont, &quot;Helvetica Neue&quot;, &quot;PingFang SC&quot;, &quot;Microsoft YaHei&quot;, &quot;Source Han Sans SC&quot;, &quot;Noto Sans CJK SC&quot;, &quot;WenQuanYi Micro Hei&quot;, sans-serif; font-size: medium; white-space: normal; background-color: rgb(255, 255, 255);\"><br/></p><p style=\"margin-top: 1.4em; margin-bottom: 1.4em; color: rgb(18, 18, 18); font-family: -apple-system, BlinkMacSystemFont, &quot;Helvetica Neue&quot;, &quot;PingFang SC&quot;, &quot;Microsoft YaHei&quot;, &quot;Source Han Sans SC&quot;, &quot;Noto Sans CJK SC&quot;, &quot;WenQuanYi Micro Hei&quot;, sans-serif; font-size: medium; white-space: normal; background-color: rgb(255, 255, 255);\"><span style=\"font-weight: 600;\">那么第二章，我们开始来讲讲基金的分类</span></p><p style=\"margin-top: 1.4em; margin-bottom: 1.4em; color: rgb(18, 18, 18); font-family: -apple-system, BlinkMacSystemFont, &quot;Helvetica Neue&quot;, &quot;PingFang SC&quot;, &quot;Microsoft YaHei&quot;, &quot;Source Han Sans SC&quot;, &quot;Noto Sans CJK SC&quot;, &quot;WenQuanYi Micro Hei&quot;, sans-serif; font-size: medium; white-space: normal; background-color: rgb(255, 255, 255);\">为什么讲基金的分类呢？也就是，我们了解基金分类的目的是什么？</p><p style=\"margin-top: 1.4em; margin-bottom: 1.4em; color: rgb(18, 18, 18); font-family: -apple-system, BlinkMacSystemFont, &quot;Helvetica Neue&quot;, &quot;PingFang SC&quot;, &quot;Microsoft YaHei&quot;, &quot;Source Han Sans SC&quot;, &quot;Noto Sans CJK SC&quot;, &quot;WenQuanYi Micro Hei&quot;, sans-serif; font-size: medium; white-space: normal; background-color: rgb(255, 255, 255);\">这就好比去市场买菜一样，每种菜的口味不同，功效也不太一样，我们想要买到自己想吃的菜，肯定得先知道有哪些种类的菜，各自有什么特点，味道怎么样，那才能选择嘛</p><p class=\"ztext-empty-paragraph\" style=\"margin-top: -0.8em; margin-bottom: -0.8em; color: rgb(18, 18, 18); font-family: -apple-system, BlinkMacSystemFont, &quot;Helvetica Neue&quot;, &quot;PingFang SC&quot;, &quot;Microsoft YaHei&quot;, &quot;Source Han Sans SC&quot;, &quot;Noto Sans CJK SC&quot;, &quot;WenQuanYi Micro Hei&quot;, sans-serif; font-size: medium; white-space: normal; background-color: rgb(255, 255, 255);\"><br/></p><p class=\"ztext-empty-paragraph\" style=\"margin-top: 1.4em; margin-bottom: 1.4em; color: rgb(18, 18, 18); font-family: -apple-system, BlinkMacSystemFont, &quot;Helvetica Neue&quot;, &quot;PingFang SC&quot;, &quot;Microsoft YaHei&quot;, &quot;Source Han Sans SC&quot;, &quot;Noto Sans CJK SC&quot;, &quot;WenQuanYi Micro Hei&quot;, sans-serif; font-size: medium; white-space: normal; background-color: rgb(255, 255, 255);\"><br/></p><p style=\"margin-top: 1.4em; margin-bottom: 1.4em; color: rgb(18, 18, 18); font-family: -apple-system, BlinkMacSystemFont, &quot;Helvetica Neue&quot;, &quot;PingFang SC&quot;, &quot;Microsoft YaHei&quot;, &quot;Source Han Sans SC&quot;, &quot;Noto Sans CJK SC&quot;, &quot;WenQuanYi Micro Hei&quot;, sans-serif; font-size: medium; white-space: normal; background-color: rgb(255, 255, 255);\"><span style=\"font-weight: 600;\">首先，我们先界定下大的范围，即所谓的公募基金和私募基金。</span></p><p style=\"margin-top: 1.4em; margin-bottom: 1.4em; color: rgb(18, 18, 18); font-family: -apple-system, BlinkMacSystemFont, &quot;Helvetica Neue&quot;, &quot;PingFang SC&quot;, &quot;Microsoft YaHei&quot;, &quot;Source Han Sans SC&quot;, &quot;Noto Sans CJK SC&quot;, &quot;WenQuanYi Micro Hei&quot;, sans-serif; font-size: medium; white-space: normal; background-color: rgb(255, 255, 255);\">所谓公和私，其实指的就是对公和对私，对公即对公众开放，公开发行，所有人都可以投资，一般买入门槛很低，一块钱甚至一分钱就可以投了。</p><p style=\"margin-top: 1.4em; margin-bottom: 1.4em; color: rgb(18, 18, 18); font-family: -apple-system, BlinkMacSystemFont, &quot;Helvetica Neue&quot;, &quot;PingFang SC&quot;, &quot;Microsoft YaHei&quot;, &quot;Source Han Sans SC&quot;, &quot;Noto Sans CJK SC&quot;, &quot;WenQuanYi Micro Hei&quot;, sans-serif; font-size: medium; white-space: normal; background-color: rgb(255, 255, 255);\">对私，即对私人发行，不是所有人都可以买的，一般门槛比较高，几十万上百万起。</p><p style=\"margin-top: 1.4em; margin-bottom: 1.4em; color: rgb(18, 18, 18); font-family: -apple-system, BlinkMacSystemFont, &quot;Helvetica Neue&quot;, &quot;PingFang SC&quot;, &quot;Microsoft YaHei&quot;, &quot;Source Han Sans SC&quot;, &quot;Noto Sans CJK SC&quot;, &quot;WenQuanYi Micro Hei&quot;, sans-serif; font-size: medium; white-space: normal; background-color: rgb(255, 255, 255);\">因为公募的范围更广，并且信息更加规范，透明，这个专题所讲的所有内容都针对公募基金。</p><p class=\"ztext-empty-paragraph\" style=\"margin-top: -0.8em; margin-bottom: -0.8em; color: rgb(18, 18, 18); font-family: -apple-system, BlinkMacSystemFont, &quot;Helvetica Neue&quot;, &quot;PingFang SC&quot;, &quot;Microsoft YaHei&quot;, &quot;Source Han Sans SC&quot;, &quot;Noto Sans CJK SC&quot;, &quot;WenQuanYi Micro Hei&quot;, sans-serif; font-size: medium; white-space: normal; background-color: rgb(255, 255, 255);\"><br/></p><p style=\"margin-top: 1.4em; margin-bottom: 1.4em; color: rgb(18, 18, 18); font-family: -apple-system, BlinkMacSystemFont, &quot;Helvetica Neue&quot;, &quot;PingFang SC&quot;, &quot;Microsoft YaHei&quot;, &quot;Source Han Sans SC&quot;, &quot;Noto Sans CJK SC&quot;, &quot;WenQuanYi Micro Hei&quot;, sans-serif; font-size: medium; white-space: normal; background-color: rgb(255, 255, 255);\">因此，我把第二章——基金的分类分成以下三个部分来写：</p><p style=\"margin-top: 1.4em; margin-bottom: 1.4em; color: rgb(18, 18, 18); font-family: -apple-system, BlinkMacSystemFont, &quot;Helvetica Neue&quot;, &quot;PingFang SC&quot;, &quot;Microsoft YaHei&quot;, &quot;Source Han Sans SC&quot;, &quot;Noto Sans CJK SC&quot;, &quot;WenQuanYi Micro Hei&quot;, sans-serif; font-size: medium; white-space: normal; background-color: rgb(255, 255, 255);\"><span style=\"font-weight: 600;\">1.最基础的分类——按投资标的分类</span></p><p style=\"margin-top: 1.4em; margin-bottom: 1.4em; color: rgb(18, 18, 18); font-family: -apple-system, BlinkMacSystemFont, &quot;Helvetica Neue&quot;, &quot;PingFang SC&quot;, &quot;Microsoft YaHei&quot;, &quot;Source Han Sans SC&quot;, &quot;Noto Sans CJK SC&quot;, &quot;WenQuanYi Micro Hei&quot;, sans-serif; font-size: medium; white-space: normal; background-color: rgb(255, 255, 255);\"><span style=\"font-weight: 600;\">2.QDII 、ETF、ETF联结、LOF傻傻分不清楚</span></p><p style=\"margin-top: 1.4em; margin-bottom: 1.4em; color: rgb(18, 18, 18); font-family: -apple-system, BlinkMacSystemFont, &quot;Helvetica Neue&quot;, &quot;PingFang SC&quot;, &quot;Microsoft YaHei&quot;, &quot;Source Han Sans SC&quot;, &quot;Noto Sans CJK SC&quot;, &quot;WenQuanYi Micro Hei&quot;, sans-serif; font-size: medium; white-space: normal; background-color: rgb(255, 255, 255);\"><span style=\"font-weight: 600;\">3.其他补充：分级基金、保本基金、打新基金</span></p><p><br/></p>','',10,2,1622022195,'基金分类'),(12,'家庭理财应该注意什么？','家庭理财','<p>家庭理财应该注意什么？</p>','',10,2,1622170077,'家庭理财应该注意什么？'),(13,'怎么有效面对通货膨胀','通货膨胀','<p>怎么有效面对通货膨胀？</p>','',10,2,1622170124,'怎么有效面对通货膨胀'),(14,'黄金保值吗？','黄金保值','<p>黄金保值吗？</p>','',10,1,1622170181,'黄金保值'),(15,'纪念币的价值知多少？','纪念币的价值知多少','<p>纪念币的价值知多少</p>','',10,1,1622170208,'纪念币的价值'),(16,'资产通胀远比商品通胀惊人，做好资产配置，相信专业的力量','资产配置,姜超谈话','<h1 style=\"line-height:200%\"><span style=\"color: red;\">资产通胀远比商品通胀惊人，做好资产配置，相信专业的力量</span></h1><p style=\"line-height:200%\"><strong><span style=\"font-size: 20px; line-height: 200%;\">本文通过不同形式的摘录，告诉各位投资者，在全球放水的今天，做好理财，做好资产配置是多么的重要。</span></strong></p><p style=\"line-height:200%\">&nbsp;</p><h2 style=\"line-height:200%\"><strong><span style=\"font-family: \">一、以史为鉴，货币贬值长期难免</span></strong><strong><span style=\"font-family: \"><span style=\"font-family: \"></span></span></strong></h2><p style=\"line-height:200%\"><span style=\"font-size: 20px; line-height: 200%; color: black;\">首先给大家看一段对话。</span></p><p style=\";text-align:justify;text-justify:inter-ideograph;line-height:200%;background:white\"><strong><span style=\"font-size: 20px; line-height: 200%; font-family: \">姜超：</span></strong><span style=\"max-width: 100%; box-sizing: border-box; font-size: 20px; line-height: 200%; font-family: \">印象最深的事情就是去年（2020年）。去年发生了百年一遇的疫情。去年3月，美股一个月4次熔断，号称过去一共100年间5次熔断，巴菲特见过5次，而我们见过4次。此后油价的期货出现了负油价，又被称之为百年一遇，当时大家很恐慌。</span></p><p style=\";text-align:justify;text-justify:inter-ideograph;line-height:200%;background:white\"><span style=\"font-size: 20px; line-height: 200%; font-family: \">后来美联储宣布开启了不限量的量化宽松的货币政策，我们就见证了“奇迹”。美国的股市涨疯了、美国的房价后来也涨了。</span></p><p style=\";text-align:justify;text-justify:inter-ideograph;line-height:200%;background:white\"><span style=\"font-size: 20px; line-height: 200%; font-family: \">见证这个现象后，我去研究了历史——美国的货币发行史，我发现自从央行掌握了印钞机之后（美国1933年开始脱离金本位进入到纸币时代）。</span><strong style=\"max-width:100%;box-sizing: border-box\"><span style=\"font-family: \">过去的100年时间，（美国）货币的增长500多倍。后来我发现，这一次的疫情（后的通胀现象）不是意外，不是偶然。无论是疫情，还是二战（战争），包括70年代滞胀，所有的问题最终都是通过更多的货币去解决。</span></strong></p><p style=\";text-align:justify;text-justify:inter-ideograph;line-height:200%;background:white\"><strong><span style=\"font-size: 20px; line-height: 200%; font-family: \">主持人：所以美国其实发现了一个很好解决财经问题的方法，就是印钱。</span></strong></p><p style=\";line-height:200%;background:white;max-width:100%;box-sizing: border-box;min-height: 1em;orphans: auto;widows: 1;-webkit-text-stroke-width: 0px;word-spacing:0px\"><span style=\"font-size: 20px; line-height: 200%; font-family: \">各位投资者都知道物以稀为贵吧，钱多了自然钱就不值钱了，那么随之而来的就是通货膨胀。</span></p><p style=\";line-height:200%;background:white\"><span style=\"font-size: 15px; line-height: 200%; font-family: \">&nbsp;</span></p><p style=\";line-height:200%;background:white\"><strong><span style=\"font-size: 21px; line-height: 200%; font-family: \">二、需要选择合适资产类别，</span>长期回报的区别非常大</strong></p><p style=\";line-height:200%;background:white\"><strong><span style=\"font-size: 20px; line-height: 200%; font-family: 黑体; color: rgb(88, 88, 88); letter-spacing: 0px;\">再由一段对话来解释上一个问题。</span></strong></p><p style=\"line-height:200%;background:white\"><strong><span style=\"font-size: 20px; line-height: 200%; font-family: 黑体; color: rgb(81, 81, 81); letter-spacing: 0px;\">主持人：我们学经济学的，都知道老师讲过一个笑话，说经济学家既怕通胀不来，又怕通胀乱来，通胀到底是意味着好事还是坏事？它到底是个什么东西，能不能简单为大家讲解一下。</span></strong></p><p style=\"line-height:200%;background:white\"><strong><span style=\"font-size: 20px; line-height: 200%; font-family: Calibri, sans-serif; color: rgb(88, 88, 88); letter-spacing: 0px;\">&nbsp;</span></strong></p><p style=\"line-height:200%;background:white\"><strong><span style=\"font-size: 20px; line-height: 200%; font-family: 黑体; color: rgb(81, 81, 81); letter-spacing: 0px;\">姜超：</span></strong><strong><span style=\"font-size: 20px; line-height: 200%; font-family: 黑体; color: rgb(88, 88, 88); letter-spacing: 0px;\">通常大家理解的通胀是实物类商品的涨价，比如说某年突然大蒜涨价，蒜你狠；生姜涨价就是姜你军对吧，这些都指实物产品涨价。</span></strong></p><p style=\"line-height:200%;background:white\"><strong><span style=\"font-size: 20px; line-height: 200%; font-family: Calibri, sans-serif; color: rgb(88, 88, 88); letter-spacing: 0px;\">&nbsp;</span></strong></p><p style=\"line-height:200%;background:white\"><strong><span style=\"font-size: 20px; line-height: 200%; font-family: 黑体; color: rgb(88, 88, 88); letter-spacing: 0px;\">另外一种通胀是资产的上涨。比如说过去房价的上涨、美国股市的上涨等。无论是实物商品的上涨，还是资产的上涨，</span></strong><strong><span style=\"font-size: 20px; line-height: 200%; font-family: 黑体; color: rgb(255, 76, 65); letter-spacing: 0px;\">最终它的核心底层因素还是在于货币。</span></strong><strong><span style=\"font-size: 20px; line-height: 200%; font-family: 黑体; color: rgb(88, 88, 88); letter-spacing: 0px;\">直接从纸面去理解通货膨胀，就是货币多了，货币的购买力贬值，本质上还是货币多了。</span></strong></p><p style=\"line-height:200%;background:white\"><strong><span style=\"font-size: 20px; line-height: 200%; font-family: Calibri, sans-serif; color: rgb(88, 88, 88); letter-spacing: 0px;\">&nbsp;</span></strong></p><p style=\"line-height:200%;background:white\"><strong><span style=\"font-size: 20px; line-height: 200%; font-family: 黑体; color: rgb(81, 81, 81); letter-spacing: 0px;\">主持人：大家以前老是来算，原来100块钱能买多少斤猪肉，现在100多块钱能买几斤猪肉，就是货币多了购买力就下降了，所以通胀对于我们普通人来说，是不是只意味着100块钱能买的猪肉少了？还意味着其他的事情吗？</span></strong></p><p style=\"line-height:200%;background:white\"><strong><span style=\"font-size: 20px; line-height: 200%; font-family: Calibri, sans-serif; color: rgb(88, 88, 88); letter-spacing: 0px;\">&nbsp;</span></strong></p><p style=\"line-height:200%;background:white\"><strong><span style=\"font-size: 20px; line-height: 200%; font-family: 黑体; color: rgb(81, 81, 81); letter-spacing: 0px;\">姜超：</span></strong><strong><span style=\"font-size: 20px; line-height: 200%; font-family: 黑体; color: rgb(88, 88, 88); letter-spacing: 0px;\">购买力下降只是一方面。</span></strong></p><p style=\"line-height:200%;background:white\"><strong><span style=\"font-size: 20px; line-height: 200%; font-family: Calibri, sans-serif; color: rgb(88, 88, 88); letter-spacing: 0px;\">&nbsp;</span></strong></p><p style=\"line-height:200%;background:white\"><strong><span style=\"font-size: 20px; line-height: 200%; font-family: 黑体; color: rgb(88, 88, 88); letter-spacing: 0px;\">另一方面，我举一个例子来帮助大家理解。近期有网络上有这样一个新闻，说北京有一个小区有一个老头，大概在1997年买了一个松下的背投彩电，当时花了7万人民币，但最近去处理的时候，发现10块钱都卖不掉，因为你还要找人把它搬出去，当废品处理。同时期，他小区里面的另一个住户花了10万块钱买那小区的另一套房子，现在市价号称是500万，所以通胀（之下）不同的选择可能意味着完全不同的人生。</span></strong></p><p style=\"line-height:200%;background:white\"><strong><span style=\"font-size: 20px; line-height: 200%; font-family: Calibri, sans-serif; color: rgb(88, 88, 88); letter-spacing: 0px;\">&nbsp;</span></strong></p><p style=\"line-height:200%;background:white\"><strong><span style=\"font-size: 20px; line-height: 200%; font-family: 黑体; color: rgb(81, 81, 81); letter-spacing: 0px;\">主持人：10万变10块和10万变500万，其实就是选择的问题。肯定大家一定都非常想知道怎么办，我们能用什么方法避免通胀或者跑赢通胀？</span></strong></p><p style=\"line-height:200%;background:white\"><strong><span style=\"font-size: 20px; line-height: 200%; font-family: Calibri, sans-serif; color: rgb(88, 88, 88); letter-spacing: 0px;\">&nbsp;</span></strong></p><p style=\"line-height:200%;background:white\"><strong><span style=\"font-size: 20px; line-height: 200%; font-family: 黑体; color: rgb(81, 81, 81); letter-spacing: 0px;\">姜超：</span></strong><strong><span style=\"font-size: 20px; line-height: 200%; font-family: 黑体; color: rgb(88, 88, 88); letter-spacing: 0px;\">从研究的角度出发，我看了一下历史（美国过去100年的数据）：过去的100年美国货币增长了500多倍，同期表现最优异的两类资产，第一类是股票类资产，第二类是房产，这两类资产的平均年化回报率大约是10%，都可以大幅跑赢通胀。</span></strong></p><p style=\"line-height:200%;background:white\"><strong><span style=\"font-size: 20px; line-height: 200%; font-family: Calibri, sans-serif; color: rgb(88, 88, 88); letter-spacing: 0px;\">&nbsp;</span></strong></p><p style=\"line-height:200%;background:white\"><strong><span style=\"font-size: 20px; line-height: 200%; font-family: 黑体; color: rgb(88, 88, 88); letter-spacing: 0px;\">黄金其实也可以跑赢通胀。过去100年在美国投资黄金的年化回报率大约是5%，但是相比于房子和股票还是差太远。巴菲特他不太喜欢黄金，他说黄金过了100年还是黄金，它本身不是一个生产性的资本，但无论你是买房（因为房子可以产生租金）、还是买股票（股票有股息），都是生产性的资本，所以复合回报率要更好。但是黄金也可以对抗通胀。</span></strong></p><p style=\"line-height:200%;background:white\"><strong><span style=\"font-size: 20px; line-height: 200%; font-family: Calibri, sans-serif; color: rgb(88, 88, 88); letter-spacing: 0px;\">&nbsp;</span></strong></p><p style=\"line-height:200%;background:white\"><strong><span style=\"font-size: 20px; line-height: 200%; font-family: 黑体; color: rgb(88, 88, 88); letter-spacing: 0px;\">另外就是同期美国国债的平均回报率也接近5%。但如果你配置在商品（商品就是通胀的表现），其实通胀率大概是每年3%。最差的就是配置现金，因为现金本身不产生任何回报。</span></strong></p><p style=\"line-height:200%;background:white\"><strong><span style=\"font-size: 20px; line-height: 200%; font-family: Calibri, sans-serif; color: rgb(88, 88, 88); letter-spacing: 0px;\">&nbsp;</span></strong></p><p style=\"line-height:200%;background:white\"><strong><span style=\"font-size: 20px; line-height: 200%; font-family: 黑体; color: rgb(88, 88, 88); letter-spacing: 0px;\">所以，即便是存钱也要三思而后行，它确实很安全，但是它不一定能帮你保值和增值。我们可以简单算一笔账，假设在1990年，你存1万块钱到银行，假设存款利率每年2%的话，那么到现在过了30年，30年后的1万块钱变成了2万块钱。但是1990年中国的货币总量是1.5万亿人民币，现在已经超过200万亿人民币，如果一直存钱的话，你的钱在全国的货币里面的份额其实变少了很多。</span></strong></p><p style=\"line-height:200%;background:white\"><strong><span style=\"font-size: 20px; line-height: 200%; font-family: Calibri, sans-serif; color: rgb(88, 88, 88); letter-spacing: 0px;\">&nbsp;</span></strong></p><p style=\"line-height:200%;background:white\"><strong><span style=\"font-size: 20px; line-height: 200%; font-family: 黑体; color: rgb(255, 76, 65); letter-spacing: 0px;\">我们需要去选择资产类别，长期的回报区别非常大。</span></strong></p><p style=\"line-height:200%;background:white\"><strong><span style=\"font-size: 20px; line-height: 200%; font-family: Calibri, sans-serif; color: rgb(88, 88, 88); letter-spacing: 0px;\">&nbsp;</span></strong></p><p style=\"line-height:200%;background:white\"><strong><span style=\"font-size: 20px; line-height: 200%; font-family: 黑体; color: rgb(81, 81, 81); letter-spacing: 0px;\">主持人：现在哪些资产类型可以增值？</span></strong></p><p style=\"line-height:200%;background:white\"><strong><span style=\"font-size: 20px; line-height: 200%; font-family: Calibri, sans-serif; color: rgb(88, 88, 88); letter-spacing: 0px;\">&nbsp;</span></strong></p><p style=\"line-height:200%;background:white\"><strong><span style=\"font-size: 20px; line-height: 200%; font-family: 黑体; color: rgb(81, 81, 81); letter-spacing: 0px;\">姜超：</span></strong><strong><span style=\"font-size: 20px; line-height: 200%; font-family: 黑体; color: rgb(88, 88, 88); letter-spacing: 0px;\">刚才说过，其实美国历史上最好的两类资产，一类是房产，这一类资产我们都有体会。另外一类是股票类资产，如果我们看一下中国公募股票型基金的历史业绩，过去十年平均收益也超过10%，并不差。股票类资产和房产应该是我们最好的两类选择</span></strong></p><p style=\"line-height:200%;background:white\"><strong><span style=\"font-size: 20px; line-height: 200%; font-family: 黑体; color: rgb(88, 88, 88); letter-spacing: 0px;\">然而在国家打压房价这么严厉的今天，房价又超高的今天，显然这并不是适合目前经济的最好的投资方式。</span></strong></p><p style=\";line-height:200%;background:white\"><span style=\"font-size: 15px; line-height: 200%; font-family: \">&nbsp;</span></p><p style=\"line-height:200%\"><strong><span style=\"font-size: 21px; line-height: 200%; font-family: \">三、长期业绩优秀的基金，不是偶然</span></strong></p><p style=\";text-align:justify;text-justify:inter-ideograph;line-height:200%;background:white\"><strong><span style=\"font-size: 20px; line-height: 200%; font-family: 黑体; color: black; letter-spacing: 0px; font-weight: normal;\">主持人：房子的持有成本比较高，我们还是说基金，想问一下姜超老师，如何判断一只基金到底是好不好，能不能买？</span></strong></p><p style=\";text-align:justify;text-justify:inter-ideograph;line-height:200%;background:white;max-width:100%;box-sizing: border-box;min-height: 1em;orphans: auto;widows: 1;-webkit-text-stroke-width: 0px;word-spacing:0px\"><span style=\"font-size: 20px; line-height: 200%; font-family: Calibri, sans-serif; color: black; letter-spacing: 0px; max-width: 100%; box-sizing: border-box;\">&nbsp;</span></p><p style=\";text-align:justify;text-justify:inter-ideograph;line-height:200%;background:white;max-width:100%;box-sizing: border-box;min-height: 1em;orphans: auto;widows: 1;-webkit-text-stroke-width: 0px;word-spacing:0px\"><span style=\"max-width: 100%; box-sizing: border-box;\"><strong style=\"max-width:100%;box-sizing: border-box\"><span style=\"font-size: 20px; line-height: 200%; font-family: 黑体; color: black; letter-spacing: 0px; font-weight: normal;\">姜超：</span></strong></span><span style=\"max-width: 100%; box-sizing: border-box; font-size: 20px; line-height: 200%; font-family: 黑体; color: black; letter-spacing: 0px;\">我先分享一个故事。股神巴菲特的老师是格雷厄姆，他给格雷厄姆的那本书写了一篇文章评价这本书。他说，我们假设有这样一个游戏，这个游戏就是我们去扔硬币，假设这个扔硬币是一场竞赛，你扔到正面的人可以晋级，扔到反面的人被淘汰，全国的所有人都来比赛，假设经过20轮选出了10个冠军，连续20轮都扔到了正面，你可不可以说，这10个人特别善于扔硬币、他想要正面就是正面？</span></p><p style=\";text-align:justify;text-justify:inter-ideograph;line-height:200%;background:white;max-width:100%;box-sizing: border-box;min-height: 1em;orphans: auto;widows: 1;-webkit-text-stroke-width: 0px;word-spacing:0px\"><span style=\"font-size: 20px; line-height: 200%; font-family: Calibri, sans-serif; color: black; letter-spacing: 0px; max-width: 100%; box-sizing: border-box;\">&nbsp;</span></p><p style=\";text-align:justify;text-justify:inter-ideograph;line-height:200%;background:white;max-width:100%;box-sizing: border-box;min-height: 1em;orphans: auto;widows: 1;-webkit-text-stroke-width: 0px;word-spacing:0px\"><span style=\"max-width: 100%; box-sizing: border-box;\"><strong style=\"max-width:100%;box-sizing: border-box\"><span style=\"max-width: 100%; box-sizing: border-box; font-size: 20px; line-height: 200%; font-family: 黑体; color: black; letter-spacing: 0px; font-weight: normal;\">主持人：你发现可能只是他的运气比较好，运气特别好。</span></strong></span></p><p style=\";text-align:justify;text-justify:inter-ideograph;line-height:200%;background:white;max-width:100%;box-sizing: border-box;min-height: 1em;orphans: auto;widows: 1;-webkit-text-stroke-width: 0px;word-spacing:0px\"><span style=\"font-size: 20px; line-height: 200%; font-family: Calibri, sans-serif; color: black; letter-spacing: 0px; max-width: 100%; box-sizing: border-box;\">&nbsp;</span></p><p style=\";text-align:justify;text-justify:inter-ideograph;line-height:200%;background:white;max-width:100%;box-sizing: border-box;min-height: 1em;orphans: auto;widows: 1;-webkit-text-stroke-width: 0px;word-spacing:0px\"><span style=\"max-width: 100%; box-sizing: border-box;\"><strong style=\"max-width:100%;box-sizing: border-box\"><span style=\"font-size: 20px; line-height: 200%; font-family: 黑体; color: black; letter-spacing: 0px; font-weight: normal;\">姜超：</span></strong></span><span style=\"max-width: 100%; box-sizing: border-box; font-size: 20px; line-height: 200%; font-family: 黑体; color: black; letter-spacing: 0px;\">巴菲特又说，把人换成猴子去做这个事情，可能结果也一样，可能经过20轮也有10只猴子每次都扔出来正面。</span></p><p style=\";text-align:justify;text-justify:inter-ideograph;line-height:200%;background:white;max-width:100%;box-sizing: border-box;min-height: 1em;orphans: auto;widows: 1;-webkit-text-stroke-width: 0px;word-spacing:0px\"><span style=\"font-size: 20px; line-height: 200%; font-family: Calibri, sans-serif; color: black; letter-spacing: 0px; max-width: 100%; box-sizing: border-box;\">&nbsp;</span></p><p style=\";text-align:justify;text-justify:inter-ideograph;line-height:200%;background:white;max-width:100%;box-sizing: border-box;min-height: 1em;orphans: auto;widows: 1;-webkit-text-stroke-width: 0px;word-spacing:0px\"><span style=\"font-size: 20px; line-height: 200%; font-family: 黑体; color: black; letter-spacing: 0px; max-width: 100%; box-sizing: border-box;\">但巴菲特又讲了另外很重要的一个观点，假设我们发现这10个猴子全部来自于同一个动物园，比如上海动物园，那是不是说明上海的猴子特别善于扔硬币？也就是从结果来看，这些人是不是有同样的特征？巴菲特当时上过格雷厄姆的课，他的同学大约有7-8个人，他发现这7、8个人经过了20年的投资的实践之后，业绩全都很不错。</span></p><p style=\";text-align:justify;text-justify:inter-ideograph;line-height:200%;background:white;max-width:100%;box-sizing: border-box;min-height: 1em;orphans: auto;widows: 1;-webkit-text-stroke-width: 0px;word-spacing:0px\"><span style=\"font-size: 20px; line-height: 200%; font-family: Calibri, sans-serif; color: black; letter-spacing: 0px; max-width: 100%; box-sizing: border-box;\">&nbsp;</span></p><p style=\";text-align:justify;text-justify:inter-ideograph;line-height:200%;background:white;max-width:100%;box-sizing: border-box;min-height: 1em;orphans: auto;widows: 1;-webkit-text-stroke-width: 0px;word-spacing:0px\"><span style=\"font-size: 20px; line-height: 200%; font-family: 黑体; color: black; letter-spacing: 0px; max-width: 100%; box-sizing: border-box;\">回到买什么基金的问题，我们也可以看一下基金市场，中国的公募基金历史已经超过了10年，哪些人的从业时间超过10年或5年，过去10年或5年间业绩都不错？可以以这个事实为基础，去选择优秀的基金。优秀的过往业绩，它预示着可能这些基金经理相对比较有经验，可以带来长期看更好的回报。</span></p><p style=\";text-align:justify;text-justify:inter-ideograph;line-height:200%;background:white;max-width:100%;box-sizing: border-box;min-height: 1em;orphans: auto;widows: 1;-webkit-text-stroke-width: 0px;word-spacing:0px\"><span style=\"font-size: 20px; line-height: 200%; font-family: Calibri, sans-serif; color: black; letter-spacing: 0px; max-width: 100%; box-sizing: border-box;\">&nbsp;</span></p><p style=\";text-align:justify;text-justify:inter-ideograph;line-height:200%;background:white;max-width:100%;box-sizing: border-box;min-height: 1em;orphans: auto;widows: 1;-webkit-text-stroke-width: 0px;word-spacing:0px\"><span style=\"max-width: 100%; box-sizing: border-box;\"><strong style=\"max-width:100%;box-sizing: border-box\"><span style=\"max-width: 100%; box-sizing: border-box; font-size: 20px; line-height: 200%; font-family: 黑体; color: black; letter-spacing: 0px; font-weight: normal;\">主持人：刚才您说到猴子扔硬币，我相信大家肯定也想说，整个资本市场看宏观是大概可以看清方向的，但股票的涨跌、基金的涨跌受短期因素影响太多了，买基金买股票是短期操作，跟扔硬币像吗？它真的会有很大的运气成分在里面？</span></strong></span></p><p style=\";text-align:justify;text-justify:inter-ideograph;line-height:200%;background:white;max-width:100%;box-sizing: border-box;min-height: 1em;orphans: auto;widows: 1;-webkit-text-stroke-width: 0px;word-spacing:0px\"><span style=\"font-size: 20px; line-height: 200%; font-family: Calibri, sans-serif; color: black; letter-spacing: 0px; max-width: 100%; box-sizing: border-box;\">&nbsp;</span></p><p style=\";text-align:justify;text-justify:inter-ideograph;line-height:200%;background:white;max-width:100%;box-sizing: border-box;min-height: 1em;orphans: auto;widows: 1;-webkit-text-stroke-width: 0px;word-spacing:0px\"><span style=\"max-width: 100%; box-sizing: border-box;\"><strong style=\"max-width:100%;box-sizing: border-box\"><span style=\"font-size: 20px; line-height: 200%; font-family: 黑体; color: black; letter-spacing: 0px; font-weight: normal;\">姜超：</span></strong></span><span style=\"max-width: 100%; box-sizing: border-box;\"><span style=\"font-size: 20px; line-height: 200%; font-family: 黑体; color: black; letter-spacing: 0px;\">买基金买股票和扔硬币不太一样。因为扔硬币全靠运气，但投资这个行业特别像专业运动。比如说打篮球，乔丹的投篮就是比别人准，哪怕他后来第二次复出、接近40岁，依然是拿了冠军。投资这个行业其实也是，你看巴菲特，已经接近100岁，但是他的伯克希尔公司的股价最近又创了新高。</span><strong style=\"max-width:100%;box-sizing: border-box\"><span style=\"font-family: 黑体; font-weight: normal; max-width: 100%; box-sizing: border-box;\">整个投资行业，我们要相信专业的力量，</span></strong><span style=\"max-width: 100%; box-sizing: border-box;\">专业的力量它不只是一个扔硬币，你换了一个别的人，很可能是不会有这样的一个结果的。</span></span></p><p style=\"line-height:200%\"><span style=\"font-size: 20px; line-height: 200%; font-family: 黑体; color: black;\">&nbsp;</span></p><p style=\"line-height:200%\"><span style=\"font-size: 20px; line-height: 200%; font-family: 黑体; color: black;\">总有投资者认为自己很厉害，什么都想自己做，然而真实情况确实连专业的基金经理都不能保证大家都赚钱，对于非专业人士又哪来的自信和勇气呢？专业的事情就要交给专业的团队。</span></p><p style=\"line-height:200%\">&nbsp;</p><p style=\"line-height:200%\">&nbsp;</p><p style=\"line-height:200%\"><strong><span style=\"font-size: 20px; line-height: 200%; font-family: 黑体; color: rgb(111, 111, 111); letter-spacing: 0px; background: white;\">四、做好资产配置，选择很重要</span></strong></p><p style=\"line-height:200%\"><strong><span style=\"font-size: 20px; line-height: 200%; font-family: 黑体; color: rgb(111, 111, 111); letter-spacing: 0px; background: white;\">&nbsp;</span></strong></p><p style=\";text-align:justify;text-justify:inter-ideograph;line-height:200%;background:white\"><strong><span style=\"font-size: 20px; line-height: 200%; font-family: 黑体; color: black; letter-spacing: 0px; font-weight: normal;\">主持人：关于分配资产姜超老师有无方法介绍？现在大家都知道，不要把鸡蛋放在同一个篮子里，那么鸡蛋应该放在哪几个篮子里？</span></strong></p><p style=\";text-align:justify;text-justify:inter-ideograph;line-height:200%;background:white;max-width:100%;box-sizing: border-box;min-height: 1em;orphans: auto;widows: 1;-webkit-text-stroke-width: 0px;word-spacing:0px\"><span style=\"font-size: 20px; line-height: 200%; font-family: Calibri, sans-serif; color: black; letter-spacing: 0px; max-width: 100%; box-sizing: border-box;\">&nbsp;</span></p><p style=\";text-align:justify;text-justify:inter-ideograph;line-height:200%;background:white;max-width:100%;box-sizing: border-box;min-height: 1em;orphans: auto;widows: 1;-webkit-text-stroke-width: 0px;word-spacing:0px\"><span style=\"max-width: 100%; box-sizing: border-box;\"><strong style=\"max-width:100%;box-sizing: border-box\"><span style=\"font-size: 20px; line-height: 200%; font-family: 黑体; color: black; letter-spacing: 0px; font-weight: normal;\">姜超：</span></strong></span><span style=\"max-width: 100%; box-sizing: border-box; font-size: 20px; line-height: 200%; font-family: 黑体; color: black; letter-spacing: 0px;\">我的体会是选择很重要。刚才我讲的故事，97年两个老头一个人选择去买了电视机，一个人选择买的是房子，过了20多年差距太大了。</span></p><p style=\";text-align:justify;text-justify:inter-ideograph;line-height:200%;background:white;max-width:100%;box-sizing: border-box;min-height: 1em;orphans: auto;widows: 1;-webkit-text-stroke-width: 0px;word-spacing:0px\"><span style=\"font-size: 20px; line-height: 200%; font-family: Calibri, sans-serif; color: black; letter-spacing: 0px; max-width: 100%; box-sizing: border-box;\">&nbsp;</span></p><p style=\";text-align:justify;text-justify:inter-ideograph;line-height:200%;background:white;max-width:100%;box-sizing: border-box;min-height: 1em;orphans: auto;widows: 1;-webkit-text-stroke-width: 0px;word-spacing:0px\"><span style=\"font-size: 20px; line-height: 200%; font-family: 黑体; color: black; letter-spacing: 0px; max-width: 100%; box-sizing: border-box;\">展望未来，既然过去美国100年间货币一直在超发，未来货币超发即便有所收敛，但货币依然会超发。货币超发之后，去处、流向很重要。过去主要流向房地产市场，但是当下，我认为房住不炒应该会坚定不移地落实。这个时候会有新的吸纳超发货币的市场，可能就是我们的资本市场。</span></p><p style=\";text-align:justify;text-justify:inter-ideograph;line-height:200%;background:white;max-width:100%;box-sizing: border-box;min-height: 1em;orphans: auto;widows: 1;-webkit-text-stroke-width: 0px;word-spacing:0px\"><span style=\"font-size: 20px; line-height: 200%; font-family: Calibri, sans-serif; color: black; letter-spacing: 0px; max-width: 100%; box-sizing: border-box;\">&nbsp;</span></p><p style=\";text-align:justify;text-justify:inter-ideograph;line-height:200%;background:white;max-width:100%;box-sizing: border-box;min-height: 1em;orphans: auto;widows: 1;-webkit-text-stroke-width: 0px;word-spacing:0px\"><span style=\"max-width: 100%; box-sizing: border-box !important;\"><strong style=\"max-width:100%;box-sizing: border-box\"><span style=\"max-width: 100%; font-size: 20px; line-height: 200%; font-family: 黑体; color: black; letter-spacing: 0px; font-weight: normal; box-sizing: border-box !important;\">我个人定义资本市场有三重价值。</span></strong></span></p><p style=\";text-align:justify;text-justify:inter-ideograph;line-height:200%;background:white;max-width:100%;box-sizing: border-box;min-height: 1em;orphans: auto;widows: 1;-webkit-text-stroke-width: 0px;word-spacing:0px\"><span style=\"font-size: 20px; line-height: 200%; font-family: Calibri, sans-serif; color: black; letter-spacing: 0px; max-width: 100%; box-sizing: border-box;\">&nbsp;</span></p><p style=\";text-align:justify;text-justify:inter-ideograph;line-height:200%;background:white;max-width:100%;box-sizing: border-box;min-height: 1em;orphans: auto;widows: 1;-webkit-text-stroke-width: 0px;word-spacing:0px\"><span style=\"font-size: 20px; line-height: 200%; font-family: 黑体; color: black; letter-spacing: 0px; max-width: 100%; box-sizing: border-box;\">第一重，它可以帮助吸纳超发的货币。</span></p><p style=\";text-align:justify;text-justify:inter-ideograph;line-height:200%;background:white;max-width:100%;box-sizing: border-box;min-height: 1em;orphans: auto;widows: 1;-webkit-text-stroke-width: 0px;word-spacing:0px\"><span style=\"font-size: 20px; line-height: 200%; font-family: Calibri, sans-serif; color: black; letter-spacing: 0px; max-width: 100%; box-sizing: border-box;\">&nbsp;</span></p><p style=\";text-align:justify;text-justify:inter-ideograph;line-height:200%;background:white;max-width:100%;box-sizing: border-box;min-height: 1em;orphans: auto;widows: 1;-webkit-text-stroke-width: 0px;word-spacing:0px\"><span style=\"font-size: 20px; line-height: 200%; font-family: 黑体; color: black; letter-spacing: 0px; max-width: 100%; box-sizing: border-box;\">第二重在于，资本市场的资金你投过去，可以帮助中国的优秀企业去发展。比如说，当下美国打压我们的科技企业，我们都觉得很委屈，但是我们怎么样成长起来，我们发现至少我们的科创板给这些科技企业输送了很多子弹，给他们资金。很多企业也没有让我们失望，成长得很快。所以我们通过资本市场可以帮助中国优秀的企业成长。</span></p><p style=\";text-align:justify;text-justify:inter-ideograph;line-height:200%;background:white;max-width:100%;box-sizing: border-box;min-height: 1em;orphans: auto;widows: 1;-webkit-text-stroke-width: 0px;word-spacing:0px\"><span style=\"font-size: 20px; line-height: 200%; font-family: Calibri, sans-serif; color: black; letter-spacing: 0px; max-width: 100%; box-sizing: border-box;\">&nbsp;</span></p><p style=\";text-align:justify;text-justify:inter-ideograph;line-height:200%;background:white;max-width:100%;box-sizing: border-box;min-height: 1em;orphans: auto;widows: 1;-webkit-text-stroke-width: 0px;word-spacing:0px\"><span style=\"font-size: 20px; line-height: 200%; font-family: 黑体; color: black; letter-spacing: 0px; max-width: 100%; box-sizing: border-box;\">第三重在于，居民的财富如果配置在中国资本市场上最优秀的企业，这些企业股价的上涨可以帮助居民的财富实现保值和增值。</span></p><p style=\";text-align:justify;text-justify:inter-ideograph;line-height:200%;background:white;max-width:100%;box-sizing: border-box;min-height: 1em;orphans: auto;widows: 1;-webkit-text-stroke-width: 0px;word-spacing:0px\"><span style=\"font-size: 20px; line-height: 200%; font-family: Calibri, sans-serif; color: black; letter-spacing: 0px; max-width: 100%; box-sizing: border-box;\">&nbsp;</span></p><p style=\";text-align:justify;text-justify:inter-ideograph;line-height:200%;background:white;max-width:100%;box-sizing: border-box;min-height: 1em;orphans: auto;widows: 1;-webkit-text-stroke-width: 0px;word-spacing:0px\"><span style=\"max-width: 100%; box-sizing: border-box !important;\"><strong style=\"max-width:100%;box-sizing: border-box\"><span style=\"font-size: 20px; line-height: 200%; font-family: 黑体; color: black; letter-spacing: 0px; font-weight: normal;\">所以我认为未来的10年或者20年最大的机会在于中国的资本市场，</span></strong></span><span style=\"max-width: 100%; box-sizing: border-box; font-size: 20px; line-height: 200%; font-family: 黑体; color: black; letter-spacing: 0px;\">可能短期会有一些波折，但我相信这个方向应该是正确的，不然我也不会做改行这个选择。</span></p><p style=\";text-align:justify;text-justify:inter-ideograph;line-height:200%;background:white;max-width:100%;box-sizing: border-box;min-height: 1em;orphans: auto;widows: 1;-webkit-text-stroke-width: 0px;word-spacing:0px\"><span style=\"font-size: 20px; line-height: 200%; font-family: Calibri, sans-serif; color: black; letter-spacing: 0px; max-width: 100%; box-sizing: border-box;\">&nbsp;</span></p><p style=\";text-align:justify;text-justify:inter-ideograph;line-height:200%;background:white;max-width:100%;box-sizing: border-box;min-height: 1em;orphans: auto;widows: 1;-webkit-text-stroke-width: 0px;word-spacing:0px\"><span style=\"max-width: 100%; box-sizing: border-box;\"><strong style=\"max-width:100%;box-sizing: border-box\"><span style=\"max-width: 100%; box-sizing: border-box; font-size: 20px; line-height: 200%; font-family: 黑体; color: black; letter-spacing: 0px; font-weight: normal;\">主持人：货币超发的状态会持续存在，所以关键是钱往哪里流，之前流到房子里，但是现在我们坚决贯彻房住不炒，所以现在资金的流向很有可能是资本市场，未来10年资本市场可能是大家投资的好去处</span>。</strong></span></p><p style=\";text-align:justify;text-justify:inter-ideograph;line-height:200%;background:white\"><strong><span style=\"font-size: 20px; line-height: 200%; font-family: 黑体; color: black; letter-spacing: 0px; font-weight: normal;\">这么赤裸裸的告诉你了，能听懂吗？</span></strong></p><p style=\";text-align:justify;text-justify:inter-ideograph;line-height:200%;background:white\"><span style=\"font-size: 20px; line-height: 200%; font-family: 黑体; color: rgb(88, 88, 88); letter-spacing: 0px;\">&nbsp;</span></p><p style=\"line-height:200%\"><strong><span style=\"font-size: 20px; line-height: 200%; font-family: 黑体; color: rgb(111, 111, 111); letter-spacing: 0px; background: white; font-weight: normal;\">&nbsp;</span></strong></p><p style=\"line-height:200%\"><span style=\"font-size: 20px; line-height: 200%; font-family: 黑体;\">&nbsp;</span></p><p><br/></p>','',10,1,1628130274,'做好资产配置！');
/*!40000 ALTER TABLE `ke_jijin_sub` ENABLE KEYS */;
UNLOCK TABLES;

--
-- Table structure for table `ke_order`
--

DROP TABLE IF EXISTS `ke_order`;
/*!40101 SET @saved_cs_client     = @@character_set_client */;
/*!40101 SET character_set_client = utf8 */;
CREATE TABLE `ke_order` (
  `id` int(12) NOT NULL AUTO_INCREMENT,
  `order_no` varchar(64) COLLATE utf8_unicode_ci NOT NULL COMMENT '订单编号',
  `user_id` int(12) NOT NULL DEFAULT '0' COMMENT '用户',
  `service_id` int(12) NOT NULL COMMENT '咨询师，0=基金，其他是咨询师',
  `price` decimal(10,2) NOT NULL DEFAULT '0.00' COMMENT '价值',
  `c_amount` decimal(10,2) NOT NULL DEFAULT '0.00' COMMENT '应付款',
  `t_amount` decimal(10,2) NOT NULL DEFAULT '0.00' COMMENT '实付款',
  `pay_type` enum('wechat','alipay') COLLATE utf8_unicode_ci NOT NULL DEFAULT 'wechat' COMMENT '支付方式',
  `payment_code` varchar(64) COLLATE utf8_unicode_ci NOT NULL DEFAULT '' COMMENT '支付平台订单号',
  `pay_time` int(12) DEFAULT NULL COMMENT '付款时间',
  `status` enum('1','2','3','4','5') COLLATE utf8_unicode_ci NOT NULL DEFAULT '1' COMMENT '状态:1=待付款,2=服务中,3=服务结束,4=已取消,5=退款中,6=已完成',
  `create_time` int(12) DEFAULT NULL COMMENT '下单时间',
  `update_time` int(12) unsigned DEFAULT NULL COMMENT '更新时间',
  `coupon_id` int(12) NOT NULL DEFAULT '0' COMMENT '优惠券',
  `service_text` varchar(255) COLLATE utf8_unicode_ci NOT NULL DEFAULT '' COMMENT '咨询师名称',
  `service_timeout` int(12) NOT NULL DEFAULT '0' COMMENT '咨询过期时间',
  PRIMARY KEY (`id`) USING BTREE,
  KEY `order_no` (`order_no`) USING BTREE,
  KEY `user_id` (`user_id`) USING BTREE
) ENGINE=MyISAM AUTO_INCREMENT=197 DEFAULT CHARSET=utf8 COLLATE=utf8_unicode_ci ROW_FORMAT=DYNAMIC;
/*!40101 SET character_set_client = @saved_cs_client */;

--
-- Dumping data for table `ke_order`
--

LOCK TABLES `ke_order` WRITE;
/*!40000 ALTER TABLE `ke_order` DISABLE KEYS */;
INSERT INTO `ke_order` VALUES (2,'20211424asbh6',1,4,44.00,44.00,0.00,'wechat','121212121211212',3434343,'1',44444,NULL,0,'',0),(3,'20210507193231',5,5,570.00,570.00,0.00,'wechat','',NULL,'1',1620371793,NULL,0,'',0),(4,'20210507873553',5,5,570.00,570.00,0.00,'wechat','',NULL,'1',1620371858,NULL,0,'',0),(5,'20210507166609',5,5,570.00,570.00,0.00,'wechat','',NULL,'1',1620371936,NULL,0,'',0),(6,'20210507492960',5,5,570.00,570.00,0.00,'wechat','',NULL,'1',1620371981,NULL,0,'',0),(7,'2021050711267',5,5,570.00,570.00,0.00,'wechat','',NULL,'1',1620372047,NULL,0,'',0),(8,'20210507348284',5,5,570.00,570.00,0.00,'wechat','',NULL,'1',1620372233,NULL,0,'',0),(9,'2021050786568',5,5,570.00,570.00,0.00,'wechat','',NULL,'1',1620372235,NULL,0,'',0),(10,'20210507583004',5,4,500.00,500.00,0.00,'wechat','',NULL,'1',1620372336,NULL,0,'',0),(11,'2021050702192',5,5,570.00,570.00,0.00,'wechat','',NULL,'1',1620372355,NULL,0,'',0),(12,'20210507421284',5,5,570.00,570.00,0.00,'wechat','',NULL,'1',1620372443,NULL,0,'',0),(13,'2021050780649',5,5,570.00,570.00,0.00,'wechat','',NULL,'1',1620372551,NULL,0,'',0),(14,'2021050764760',5,5,570.00,570.00,0.00,'wechat','',NULL,'1',1620372695,NULL,0,'',0),(15,'20210507178694',5,5,570.00,570.00,0.00,'wechat','',NULL,'1',1620372742,NULL,0,'',0),(16,'20210507670689',5,4,500.00,500.00,0.00,'wechat','',NULL,'1',1620373213,NULL,0,'',0),(17,'20210507375436',5,5,570.00,570.00,0.00,'wechat','',NULL,'1',1620373277,NULL,0,'企业贷款',0),(18,'20210507092086',5,4,500.00,500.00,0.00,'wechat','',NULL,'1',1620373935,NULL,0,'企业贷款',0),(19,'20210507678493',5,4,500.00,500.00,0.00,'wechat','',NULL,'1',1620377464,NULL,0,'企业贷款',0),(20,'20210507207769',5,4,500.00,500.00,0.00,'wechat','',NULL,'1',1620377621,NULL,0,'企业贷款',0),(21,'2021050799058',5,4,500.00,500.00,0.00,'wechat','',NULL,'1',1620377640,NULL,0,'企业贷款',0),(22,'2021050747045',5,4,500.00,495.00,0.00,'wechat','',NULL,'1',1620377861,NULL,9,'企业贷款',0),(23,'2021050725342',5,4,500.00,420.00,0.00,'wechat','',NULL,'1',1620377936,NULL,8,'企业贷款',0),(24,'20210507301979',5,5,570.00,565.00,0.00,'wechat','',NULL,'1',1620377973,NULL,9,'企业贷款',0),(25,'2021050734190',5,4,500.00,495.00,0.00,'wechat','',NULL,'1',1620378007,NULL,9,'企业贷款',0),(26,'20210507249688',5,5,570.00,570.00,0.00,'wechat','',NULL,'1',1620378048,NULL,0,'企业贷款',0),(27,'2021050735204',5,5,570.00,570.00,0.00,'wechat','',NULL,'1',1620378150,NULL,0,'企业贷款',0),(28,'202105072387',5,4,500.00,420.00,0.00,'wechat','',NULL,'1',1620378174,NULL,8,'企业贷款',0),(29,'20210507237910',5,4,500.00,420.00,0.00,'wechat','',NULL,'1',1620378225,NULL,8,'企业贷款',0),(30,'20210507036503',5,4,500.00,495.00,0.00,'wechat','',NULL,'1',1620378745,NULL,9,'企业贷款',0),(31,'2021050818803',5,4,500.00,500.00,0.00,'wechat','',NULL,'1',1620436166,NULL,0,'企业贷款',0),(32,'20210508665016',5,4,500.00,500.00,0.00,'wechat','',NULL,'1',1620438527,NULL,0,'企业贷款',0),(33,'2021050877895',5,4,500.00,500.00,0.00,'wechat','',NULL,'1',1620438597,NULL,0,'企业贷款',0),(34,'202105088340',5,5,570.00,570.00,0.00,'wechat','',NULL,'1',1620438631,NULL,0,'企业贷款',0),(35,'20210508201617',5,5,570.00,570.00,0.00,'wechat','',NULL,'1',1620438738,NULL,0,'企业贷款',0),(36,'2021050844612',5,4,500.00,500.00,0.00,'wechat','',NULL,'1',1620439073,NULL,0,'企业贷款',0),(37,'20210508120222',5,5,570.00,570.00,0.00,'wechat','',NULL,'1',1620439243,NULL,0,'企业贷款',0),(38,'202105085893',5,5,570.00,570.00,0.00,'wechat','',NULL,'1',1620441072,NULL,0,'企业贷款',0),(39,'20210508462569',5,4,500.00,500.00,0.00,'wechat','',NULL,'1',1620457959,NULL,0,'企业贷款',0),(40,'2021050854087',5,4,500.00,495.00,0.00,'wechat','',NULL,'1',1620458194,NULL,9,'企业贷款',0),(41,'20210509444121',5,5,0.01,0.01,0.00,'wechat','',NULL,'1',1620546341,NULL,0,'企业租赁',0),(42,'20210509557744',5,5,0.01,0.01,0.00,'wechat','',NULL,'1',1620547459,NULL,0,'企业租赁',0),(43,'202105097014',5,5,0.01,0.01,0.00,'wechat','',NULL,'1',1620547463,NULL,0,'企业租赁',0),(44,'2021050956660',5,5,0.01,0.01,0.00,'wechat','',NULL,'1',1620548075,NULL,0,'企业租赁',0),(45,'2021050995738',5,5,0.01,0.01,0.00,'wechat','',NULL,'1',1620548399,NULL,0,'企业租赁',0),(46,'20210509096841',5,0,0.00,0.00,0.00,'wechat','',NULL,'1',1620550226,NULL,0,'基金咨询',0),(47,'20210509601632',5,0,0.00,0.00,0.00,'wechat','',NULL,'1',1620550254,NULL,0,'基金咨询',0),(48,'20210509780982',5,0,1.00,1.00,0.00,'wechat','',NULL,'1',1620550273,NULL,0,'基金咨询',0),(49,'20210509752315',5,0,0.00,0.00,0.00,'wechat','',NULL,'1',1620550284,NULL,0,'基金咨询',0),(50,'2021050922252',5,0,0.00,0.00,0.00,'wechat','',NULL,'1',1620550296,NULL,0,'基金咨询',0),(51,'20210509633013',5,0,0.00,0.00,0.00,'wechat','',NULL,'1',1620550317,NULL,0,'基金咨询',0),(52,'20210509994635',5,0,1.00,1.00,0.00,'wechat','',NULL,'3',1620550328,NULL,0,'基金咨询',0),(53,'20210509671152',5,0,1.00,1.00,0.00,'wechat','',NULL,'',1620550337,NULL,0,'基金咨询',0),(54,'20210510570295',5,5,0.01,-4.99,0.00,'wechat','',NULL,'1',1620630207,NULL,9,'企业租赁',0),(55,'2021051052403',5,5,0.01,0.01,0.00,'wechat','',NULL,'1',1620630235,NULL,0,'企业租赁',0),(56,'20210510736705',5,4,0.01,0.01,0.00,'wechat','',NULL,'1',1620630512,NULL,0,'企业贷款',0),(57,'20210510443285',5,4,0.01,0.01,0.00,'wechat','',NULL,'1',1620630726,NULL,0,'企业贷款',0),(58,'202105103658',5,0,1.00,1.00,0.00,'wechat','',NULL,'1',1620630731,NULL,0,'基金咨询',0),(59,'2021051083800',5,0,0.00,0.00,0.00,'wechat','',NULL,'1',1620632518,NULL,0,'基金咨询',0),(60,'20210510699177',5,0,0.00,0.00,0.00,'wechat','',NULL,'1',1620632529,NULL,0,'基金咨询',0),(61,'202105100585',5,0,1.00,1.00,0.00,'wechat','',NULL,'1',1620632607,NULL,0,'基金咨询',0),(62,'20210510619003',5,0,1.00,-4.00,0.00,'wechat','',NULL,'1',1620650450,NULL,9,'基金咨询',0),(63,'20210510992504',5,0,1.00,1.00,0.00,'wechat','',NULL,'1',1620650462,NULL,0,'基金咨询',0),(64,'2021051115769',5,2,44444.00,44439.00,0.00,'wechat','',NULL,'1',1620696808,NULL,9,'111111',0),(65,'20210511098188',5,4,0.01,0.01,0.00,'wechat','',NULL,'1',1620696862,NULL,0,'企业贷款',0),(66,'2021051165198',5,4,0.01,-4.99,0.00,'wechat','',NULL,'1',1620696872,NULL,9,'企业贷款',0),(67,'2021051120678',5,4,0.01,0.01,0.00,'wechat','',NULL,'1',1620697007,NULL,0,'企业贷款',0),(68,'20210511275905',5,4,0.01,0.01,0.00,'wechat','',NULL,'1',1620697061,NULL,0,'企业贷款',0),(69,'20210511550028',5,4,0.01,0.01,0.00,'wechat','',NULL,'1',1620697090,NULL,0,'企业贷款',0),(70,'2021051130576',5,4,0.01,0.01,0.00,'wechat','',NULL,'1',1620697109,NULL,0,'企业贷款',0),(71,'20210511860324',5,2,44444.00,44364.00,0.00,'wechat','',NULL,'1',1620697510,NULL,8,'111111',0),(72,'20210511659846',5,5,0.01,0.01,0.00,'wechat','',NULL,'1',1620697527,NULL,0,'企业租赁',0),(73,'2021051104531',5,0,500.00,500.00,0.00,'wechat','',NULL,'1',1620697573,NULL,0,'基金咨询',0),(74,'2021051179881',5,0,500.00,500.00,0.00,'wechat','',NULL,'1',1620697576,NULL,0,'基金咨询',0),(75,'20210511642640',5,0,100.00,100.00,0.00,'wechat','',NULL,'1',1620701135,NULL,0,'基金咨询',0),(76,'20210511797809',5,0,100.00,95.00,0.00,'wechat','',NULL,'1',1620701173,NULL,9,'基金咨询',0),(77,'20210511485862',5,5,0.01,0.01,0.00,'wechat','',NULL,'1',1620701278,NULL,0,'企业租赁',0),(78,'20210511320035',5,3,788.00,788.00,0.00,'wechat','',NULL,'1',1620701985,NULL,0,'咨询师',0),(79,'2021051136807',5,5,0.01,0.01,0.00,'wechat','',NULL,'1',1620701993,NULL,0,'企业租赁',0),(80,'20210511323744',7,3,788.00,788.00,0.00,'wechat','',NULL,'1',1620702938,NULL,0,'咨询师',0),(81,'20210511518344',7,0,80.00,80.00,0.00,'wechat','',NULL,'1',1620703467,NULL,0,'基金咨询',0),(82,'20210511144974',7,0,8099.00,8099.00,0.00,'wechat','',NULL,'1',1620703475,NULL,0,'基金咨询',0),(83,'20210511796127',8,2,44444.00,44444.00,0.00,'wechat','',NULL,'1',1620704509,NULL,0,'111111',0),(84,'202105112871',8,5,0.01,0.01,0.01,'wechat','4200001010202105112222965521',1620708433,'2',1620704528,1620708433,0,'企业租赁',0),(85,'2021051130043',5,5,0.01,0.01,0.00,'wechat','',NULL,'1',1620704612,NULL,0,'企业租赁',0),(86,'2021051154904',8,3,788.00,788.00,0.00,'wechat','',NULL,'1',1620704932,NULL,0,'咨询师',0),(87,'20210511124666',7,0,809900.00,809900.00,0.00,'wechat','',NULL,'1',1620704999,NULL,0,'基金咨询',0),(88,'20210511914276',7,0,80.99,80.99,0.00,'wechat','',NULL,'1',1620705185,NULL,0,'基金咨询',0),(89,'2021051152152',7,0,0.01,0.01,0.01,'wechat','4200001027202105111302701833',1620707550,'2',1620707540,1620707550,0,'基金咨询',0),(90,'20210511744224',5,0,2.00,2.00,0.00,'wechat','',NULL,'1',1620711694,NULL,0,'基金咨询',0),(91,'2021051110549',5,0,1.00,1.00,0.00,'wechat','',NULL,'1',1620711771,NULL,0,'基金咨询',0),(92,'20210511041106',5,5,0.01,0.01,0.00,'wechat','',NULL,'1',1620711894,NULL,0,'企业租赁',0),(93,'2021051159566',5,5,0.01,-79.99,0.00,'wechat','',NULL,'1',1620711979,NULL,8,'企业租赁',0),(94,'20210511724616',5,0,1.00,1.00,0.00,'wechat','',NULL,'1',1620712026,NULL,0,'基金咨询',0),(95,'20210511042116',5,0,1.00,1.00,0.00,'wechat','',NULL,'1',1620712064,NULL,0,'基金咨询',0),(96,'2021051116310',5,0,0.01,0.01,0.00,'wechat','',NULL,'1',1620712121,NULL,0,'基金咨询',0),(97,'202105112521',5,0,0.01,0.01,0.00,'wechat','',NULL,'1',1620712124,NULL,0,'基金咨询',0),(98,'20210511033771',5,2,44444.00,44444.00,0.00,'wechat','',NULL,'1',1620712232,NULL,0,'111111',0),(99,'2021051124331',5,4,0.01,0.01,0.00,'wechat','',NULL,'1',1620712765,NULL,0,'企业贷款',0),(100,'2021051163629',5,2,44444.00,44444.00,0.00,'wechat','',NULL,'1',1620712771,NULL,0,'111111',0),(101,'20210511763866',5,0,1.00,1.00,0.00,'wechat','',NULL,'1',1620712823,NULL,0,'基金咨询',0),(102,'2021051197490',5,0,2.00,2.00,0.00,'wechat','',NULL,'1',1620713033,NULL,0,'基金咨询',0),(103,'20210511413806',5,0,1.00,1.00,0.00,'wechat','',NULL,'1',1620713260,NULL,0,'基金咨询',0),(104,'20210511235140',5,0,1.00,1.00,0.00,'wechat','',NULL,'1',1620713440,NULL,0,'基金咨询',0),(105,'2021051121808',5,0,2.00,2.00,0.00,'wechat','',NULL,'1',1620714943,NULL,0,'基金咨询',0),(106,'20210511461096',5,5,0.01,0.01,0.00,'wechat','',NULL,'1',1620714995,NULL,0,'企业租赁',0),(107,'20210511942709',5,5,0.01,0.01,0.00,'wechat','',NULL,'1',1620715081,NULL,0,'企业租赁',0),(108,'20210511974842',5,5,0.01,0.01,0.00,'wechat','',NULL,'1',1620715244,NULL,0,'企业租赁',0),(109,'20210511923424',5,0,2.00,2.00,0.00,'wechat','',NULL,'1',1620715387,NULL,0,'基金咨询',0),(110,'20210511632441',5,0,2.00,2.00,0.00,'wechat','',NULL,'1',1620716090,NULL,0,'基金咨询',0),(111,'2021051100665',5,5,0.01,0.01,0.00,'wechat','',NULL,'1',1620716201,NULL,0,'企业租赁',0),(112,'20210511547522',5,5,0.01,0.01,0.00,'wechat','',NULL,'1',1620716258,NULL,0,'企业租赁',0),(113,'20210511144199',5,0,3.00,3.00,0.00,'wechat','',NULL,'1',1620716270,NULL,0,'基金咨询',0),(114,'20210511108962',5,0,1.00,1.00,0.00,'wechat','',NULL,'1',1620716292,NULL,0,'基金咨询',0),(115,'202105114963',5,0,1.00,1.00,0.00,'wechat','',NULL,'1',1620716309,NULL,0,'基金咨询',0),(116,'20210511539856',5,0,2.00,2.00,0.00,'wechat','',NULL,'1',1620716330,NULL,0,'基金咨询',0),(117,'202105110827',5,2,44444.00,44444.00,0.00,'wechat','',NULL,'1',1620716894,NULL,0,'111111',0),(118,'20210511150205',5,2,44444.00,44444.00,0.00,'wechat','',NULL,'1',1620716897,NULL,0,'111111',0),(119,'2021051109505',5,5,0.01,0.01,0.00,'wechat','',NULL,'1',1620716901,NULL,0,'企业租赁',0),(120,'20210511533543',5,5,0.01,0.01,0.00,'wechat','',NULL,'1',1620716930,NULL,0,'企业租赁',0),(121,'20210511823731',5,5,0.01,0.01,0.00,'wechat','',NULL,'1',1620716958,NULL,0,'企业租赁',0),(122,'20210511212260',5,2,44444.00,44444.00,0.00,'wechat','',NULL,'1',1620717020,NULL,0,'111111',0),(123,'20210511825252',5,5,0.01,0.01,0.00,'wechat','',NULL,'1',1620717050,NULL,0,'企业租赁',0),(124,'2021051143690',5,0,2.00,2.00,0.00,'wechat','',NULL,'1',1620720388,NULL,0,'基金咨询',0),(125,'20210512717015',5,3,788.00,788.00,0.00,'wechat','',NULL,'1',1620781685,NULL,0,'咨询师',0),(126,'2021051257069',12,4,0.01,0.01,0.00,'wechat','',NULL,'1',1620782054,NULL,0,'企业贷款',0),(127,'2021051263512',5,0,2.00,2.00,0.00,'wechat','',NULL,'1',1620783317,NULL,0,'基金咨询',0),(128,'2021051273598',5,5,0.01,0.01,0.00,'wechat','',NULL,'1',1620783459,NULL,0,'企业租赁',0),(129,'20210512571488',14,0,10.00,10.00,0.00,'wechat','',NULL,'1',1620811770,NULL,0,'基金咨询',0),(130,'202105122497',14,4,0.01,0.01,0.00,'wechat','',NULL,'1',1620813741,NULL,0,'企业贷款',0),(131,'20210512648666',5,5,0.01,0.01,0.00,'wechat','',NULL,'1',1620827052,NULL,0,'企业租赁',0),(132,'20210512066708',5,5,0.01,0.01,0.00,'wechat','',NULL,'1',1620827054,NULL,0,'企业租赁',0),(133,'20210512149007',5,5,0.01,-79.99,0.00,'wechat','',NULL,'1',1620827056,NULL,8,'企业租赁',0),(134,'20210512766315',5,0,5.00,0.00,0.00,'wechat','',NULL,'1',1620827091,NULL,9,'基金咨询',0),(135,'20210512550879',5,0,5.00,5.00,0.00,'wechat','',NULL,'1',1620827105,NULL,0,'基金咨询',0),(136,'2021051237407',5,5,0.01,-79.99,0.00,'wechat','',NULL,'1',1620827142,NULL,8,'企业租赁',0),(137,'20210513352630',14,0,10.00,10.00,0.00,'wechat','',NULL,'1',1620872261,NULL,0,'基金咨询',0),(138,'2021051370008',14,0,10.00,10.00,0.00,'wechat','',NULL,'1',1620872266,NULL,0,'基金咨询',0),(139,'2021051414209',14,2,44444.00,44444.00,0.00,'wechat','',NULL,'1',1620955847,NULL,0,'不良资产',0),(140,'20210514486647',14,4,0.01,0.01,0.01,'wechat','4200001017202105141783254581',1620955864,'2',1620955858,1620955864,0,'企业贷款',31536000),(141,'2021051467508',14,4,0.01,0.01,0.00,'wechat','',NULL,'1',1620955877,NULL,0,'企业贷款',0),(142,'2021051414238',14,2,0.30,0.30,0.00,'wechat','',NULL,'1',1620955906,NULL,0,'不良资产',0),(143,'20210514933812',14,0,10.00,10.00,0.00,'wechat','',NULL,'1',1620955914,NULL,0,'基金咨询',0),(144,'20210514665694',14,0,0.01,0.01,0.00,'wechat','',NULL,'1',1620955922,NULL,0,'基金咨询',0),(145,'2021051455211',11,2,0.30,0.30,0.00,'wechat','',NULL,'1',1620956462,NULL,0,'不良资产',0),(146,'202105143261',11,6,0.20,0.20,0.20,'wechat','4200001014202105147519824722',1620956487,'2',1620956478,1620956487,0,'地产融资',31536000),(147,'20210514818987',11,4,0.01,0.01,0.01,'wechat','4200001001202105140933791941',1620956528,'2',1620956521,1620956528,0,'企业贷款',31536000),(148,'20210514324226',14,2,0.30,0.30,0.00,'wechat','',NULL,'1',1620956566,NULL,0,'不良资产',0),(149,'2021051484789',14,4,0.01,0.01,0.01,'wechat','4200001012202105143727619286',1620956758,'2',1620956752,1620956758,0,'企业贷款',31536000),(150,'2021051451027',5,0,2.00,2.00,0.00,'wechat','',NULL,'1',1620960937,NULL,0,'基金咨询',0),(151,'2021051418324',5,0,0.00,0.00,0.00,'wechat','',NULL,'1',1620972431,NULL,0,'基金咨询',0),(152,'20210514366699',5,0,0.01,0.01,0.00,'wechat','',NULL,'1',1620972549,NULL,0,'基金咨询',0),(153,'2021051451569',5,0,0.00,0.00,0.00,'wechat','',NULL,'1',1620972558,NULL,0,'基金咨询',0),(154,'2021051465172',5,0,0.00,0.00,0.00,'wechat','',NULL,'1',1620972575,NULL,0,'基金咨询',0),(155,'2021051462624',5,0,0.01,0.01,0.00,'wechat','',NULL,'1',1620972600,NULL,0,'基金咨询',0),(156,'20210514656832',5,2,0.30,0.30,0.00,'wechat','',NULL,'1',1620981774,NULL,0,'不良资产',0),(157,'20210514030211',5,0,0.00,0.00,0.00,'wechat','',NULL,'1',1620981804,NULL,0,'基金咨询',0),(158,'20210514962902',5,0,870088.88,870088.88,0.00,'wechat','',NULL,'1',1620981854,NULL,0,'基金咨询',0),(159,'2021051414087',5,0,870088.88,870088.88,0.00,'wechat','',NULL,'2',1620981860,NULL,0,'基金咨询',0),(160,'20210515870785',14,2,0.30,0.30,0.30,'wechat','4200001026202105150579045787',1621048247,'2',1621048242,1621048247,0,'不良资产',31536000),(161,'20210515805335',14,0,0.01,0.01,0.00,'wechat','',NULL,'1',1621048283,NULL,0,'基金咨询',0),(162,'2021051545860',14,4,0.01,0.01,0.00,'wechat','',NULL,'1',1621054662,NULL,0,'企业贷款',0),(163,'2021051593490',14,2,0.30,0.30,0.00,'wechat','',NULL,'1',1621073040,NULL,0,'不良资产',0),(164,'2021051540612',14,2,0.30,0.30,0.30,'wechat','4200001012202105151838436267',1621073062,'2',1621073054,1621073062,0,'不良资产',31536000),(165,'2021051765338',11,2,0.30,0.30,0.00,'wechat','',NULL,'1',1621212908,NULL,0,'不良资产',0),(166,'2021051735757',8,2,0.30,0.30,0.00,'wechat','',NULL,'1',1621235478,NULL,0,'不良资产',0),(167,'20210517712805',5,2,0.30,0.30,0.00,'wechat','',NULL,'1',1621241712,NULL,0,'不良资产',0),(168,'2021051816344',5,2,0.30,0.30,0.00,'wechat','',NULL,'1',1621298533,NULL,0,'不良资产',0),(169,'2021051855315',5,0,2.00,2.00,0.00,'wechat','',NULL,'1',1621302810,NULL,0,'基金咨询',0),(170,'2021051828742',5,4,0.01,0.01,0.01,'wechat','4200001022202105185537108827',1621303012,'2',1621302912,1621303012,0,'企业贷款',31536000),(171,'20210518341489',5,0,0.01,0.01,0.00,'wechat','',NULL,'1',1621303050,NULL,0,'基金咨询',0),(172,'2021051866302',5,2,0.30,-4.70,0.00,'wechat','',NULL,'1',1621303197,NULL,32,'不良资产',0),(173,'202105189798',11,2,0.30,0.30,0.30,'wechat','4200001026202105186930635181',1621318862,'2',1621318854,1621318862,0,'不良资产',31536000),(174,'2021051815004',14,2,0.30,0.30,0.00,'wechat','',NULL,'1',1621318911,NULL,0,'不良资产',0),(175,'20210518502874',14,4,0.01,0.01,0.01,'wechat','4200001002202105182800938446',1621319084,'2',1621319078,1621319084,0,'企业贷款',31536000),(176,'2021051866625',14,0,0.01,0.01,0.00,'wechat','',NULL,'1',1621319124,NULL,0,'基金咨询',0),(177,'2021051835330',14,6,0.20,0.20,0.20,'wechat','4200001007202105185794998356',1621319301,'2',1621319296,1621319301,0,'地产融资',31536000),(178,'202105182354',14,6,0.10,0.09,0.00,'wechat','',NULL,'1',1621321328,NULL,85,'0-30万元',0),(179,'20210518950833',14,4,0.01,-0.19,0.00,'wechat','',NULL,'1',1621341090,NULL,86,'50-100万元',0),(180,'2021051865561',14,4,0.01,0.01,0.00,'wechat','',NULL,'1',1621341120,NULL,0,'50-100万元',0),(181,'2021051920950',15,6,0.10,0.10,0.10,'wechat','4200001029202105196060655326',1621482175,'2',1621418920,1621482175,0,'0-30万元',31536000),(182,'20210519476035',14,6,0.10,0.10,0.10,'wechat','4200001011202105195944046552',1621482218,'2',1621418966,1621482218,0,'0-30万元',31536000),(183,'2021051975681',15,6,0.10,0.10,0.00,'wechat','',NULL,'1',1621419113,NULL,0,'0-30万元',0),(184,'20210520363394',14,6,0.10,0.09,0.09,'wechat','4200001021202105204909351365',1621480432,'2',1621479580,1621480432,88,'0-30万元',31536000),(185,'2021052096549',11,6,0.10,0.10,0.10,'wechat','4200001014202105204390640731',1621480425,'2',1621480414,1621480425,0,'0-30万元',31536000),(186,'20210521882916',5,2,0.50,0.50,0.00,'wechat','',NULL,'1',1621558919,NULL,0,'200-300万元',0),(187,'2021052619753',14,0,0.01,0.01,0.00,'wechat','',NULL,'1',1622022630,NULL,0,'基金咨询',0),(188,'20210528703010',5,0,0.00,0.00,0.00,'wechat','',NULL,'1',1622169295,NULL,0,'基金咨询',0),(189,'2021052889945',11,0,0.00,0.00,0.00,'wechat','',NULL,'1',1622169445,NULL,0,'基金咨询',0),(190,'2021052887545',5,0,0.00,0.00,0.00,'wechat','',NULL,'1',1622169520,NULL,0,'基金咨询',0),(191,'2021052829501',11,0,0.00,0.00,0.00,'wechat','',NULL,'1',1622169671,NULL,0,'基金咨询',0),(192,'20210602274904',16,7,2000.00,2000.00,0.00,'wechat','',NULL,'1',1622606111,NULL,0,'公司财务审计',0),(193,'2021071697927',14,8,0.58,0.38,0.38,'wechat','4200001144202107164381189262',1626415096,'2',1626415081,1626415096,86,'Lv.6   300-500万金融资产',31536000),(194,'20210716434',14,11,0.20,0.19,0.00,'wechat','',NULL,'1',1626415166,NULL,85,'其他线下咨询服务',0),(195,'2021071607449',11,14,688.00,688.00,0.00,'wechat','',NULL,'1',1626416819,NULL,0,'Lv.9   1000万以上金融资产',0),(196,'2021080667619',14,4,288.00,288.00,0.00,'wechat','',NULL,'1',1628241736,NULL,0,'Lv.3   50-100万元',0);
/*!40000 ALTER TABLE `ke_order` ENABLE KEYS */;
UNLOCK TABLES;

--
-- Table structure for table `ke_region`
--

DROP TABLE IF EXISTS `ke_region`;
/*!40101 SET @saved_cs_client     = @@character_set_client */;
/*!40101 SET character_set_client = utf8 */;
CREATE TABLE `ke_region` (
  `region_id` smallint(5) unsigned NOT NULL AUTO_INCREMENT,
  `parent_id` smallint(5) unsigned NOT NULL DEFAULT '0',
  `region_name` varchar(120) NOT NULL DEFAULT '',
  `region_type` tinyint(1) NOT NULL DEFAULT '2' COMMENT '1省2市3县区',
  `str` varchar(2) DEFAULT NULL COMMENT '首字母',
  PRIMARY KEY (`region_id`) USING BTREE,
  KEY `parent_id` (`parent_id`) USING BTREE,
  KEY `region_type` (`region_type`) USING BTREE
) ENGINE=MyISAM AUTO_INCREMENT=3440 DEFAULT CHARSET=utf8 ROW_FORMAT=DYNAMIC;
/*!40101 SET character_set_client = @saved_cs_client */;

--
-- Dumping data for table `ke_region`
--

LOCK TABLES `ke_region` WRITE;
/*!40000 ALTER TABLE `ke_region` DISABLE KEYS */;
INSERT INTO `ke_region` VALUES (1,0,'中国',0,'Z'),(2,1,'北京',1,'B'),(3,1,'安徽',1,'A'),(4,1,'福建',1,'F'),(5,1,'甘肃',1,'G'),(6,1,'广东',1,'G'),(7,1,'广西',1,'G'),(8,1,'贵州',1,'G'),(9,1,'海南',1,'H'),(10,1,'河北',1,'H'),(11,1,'河南',1,'H'),(12,1,'黑龙江',1,'H'),(13,1,'湖北',1,'H'),(14,1,'湖南',1,'H'),(15,1,'吉林',1,'J'),(16,1,'江苏',1,'J'),(17,1,'江西',1,'J'),(18,1,'辽宁',1,'L'),(19,1,'内蒙古',1,'N'),(20,1,'宁夏',1,'N'),(21,1,'青海',1,'Q'),(22,1,'山东',1,'S'),(23,1,'山西',1,'S'),(24,1,'陕西',1,'S'),(25,1,'上海',1,'S'),(26,1,'四川',1,'S'),(27,1,'天津',1,'T'),(28,1,'西藏',1,'X'),(29,1,'新疆',1,'X'),(30,1,'云南',1,'Y'),(31,1,'浙江',1,'Z'),(32,1,'重庆',1,'Z'),(33,1,'香港',1,'X'),(34,1,'澳门',1,'A'),(35,1,'台湾',1,'T'),(36,3,'安庆',2,'A'),(37,3,'蚌埠',2,'B'),(38,3,'巢湖',2,'C'),(39,3,'池州',2,'C'),(40,3,'滁州',2,'C'),(41,3,'阜阳',2,'F'),(42,3,'淮北',2,'H'),(43,3,'淮南',2,'H'),(44,3,'黄山',2,'H'),(45,3,'六安',2,'L'),(46,3,'马鞍山',2,'M'),(47,3,'宿州',2,'S'),(48,3,'铜陵',2,'T'),(49,3,'芜湖',2,'W'),(50,3,'宣城',2,'X'),(51,3,'亳州',2,'H'),(52,2,'北京',2,'B'),(53,4,'福州',2,'F'),(54,4,'龙岩',2,'L'),(55,4,'南平',2,'N'),(56,4,'宁德',2,'N'),(57,4,'莆田',2,'P'),(58,4,'泉州',2,'Q'),(59,4,'三明',2,'S'),(60,4,'厦门',2,'X'),(61,4,'漳州',2,'Z'),(62,5,'兰州',2,'L'),(63,5,'白银',2,'B'),(64,5,'定西',2,'D'),(65,5,'甘南',2,'G'),(66,5,'嘉峪关',2,'J'),(67,5,'金昌',2,'J'),(68,5,'酒泉',2,'J'),(69,5,'临夏',2,'L'),(70,5,'陇南',2,'L'),(71,5,'平凉',2,'P'),(72,5,'庆阳',2,'Q'),(73,5,'天水',2,'T'),(74,5,'武威',2,'W'),(75,5,'张掖',2,'Z'),(76,6,'广州',2,'G'),(77,6,'深圳',2,'S'),(78,6,'潮州',2,'C'),(79,6,'东莞',2,'D'),(80,6,'佛山',2,'F'),(81,6,'河源',2,'H'),(82,6,'惠州',2,'H'),(83,6,'江门',2,'J'),(84,6,'揭阳',2,'J'),(85,6,'茂名',2,'M'),(86,6,'梅州',2,'M'),(87,6,'清远',2,'Q'),(88,6,'汕头',2,'S'),(89,6,'汕尾',2,'S'),(90,6,'韶关',2,'S'),(91,6,'阳江',2,'Y'),(92,6,'云浮',2,'Y'),(93,6,'湛江',2,'Z'),(94,6,'肇庆',2,'Z'),(95,6,'中山',2,'Z'),(96,6,'珠海',2,'Z'),(97,7,'南宁',2,'N'),(98,7,'桂林',2,'G'),(99,7,'百色',2,'B'),(100,7,'北海',2,'B'),(101,7,'崇左',2,'C'),(102,7,'防城港',2,'F'),(103,7,'贵港',2,'G'),(104,7,'河池',2,'H'),(105,7,'贺州',2,'H'),(106,7,'来宾',2,'L'),(107,7,'柳州',2,'L'),(108,7,'钦州',2,'Q'),(109,7,'梧州',2,'W'),(110,7,'玉林',2,'Y'),(111,8,'贵阳',2,'G'),(112,8,'安顺',2,'A'),(113,8,'毕节',2,'B'),(114,8,'六盘水',2,'L'),(115,8,'黔东南',2,'Q'),(116,8,'黔南',2,'Q'),(117,8,'黔西南',2,'Q'),(118,8,'铜仁',2,'T'),(119,8,'遵义',2,'Z'),(120,9,'海口',2,'H'),(121,9,'三亚',2,'S'),(122,9,'白沙',2,'B'),(123,9,'保亭',2,'B'),(124,9,'昌江',2,'C'),(125,9,'澄迈县',2,'C'),(126,9,'定安县',2,'D'),(127,9,'东方',2,'D'),(128,9,'乐东',2,'L'),(129,9,'临高县',2,'L'),(130,9,'陵水',2,'L'),(131,9,'琼海',2,'Q'),(132,9,'琼中',2,'Q'),(133,9,'屯昌县',2,'T'),(134,9,'万宁',2,'W'),(135,9,'文昌',2,'W'),(136,9,'五指山',2,'W'),(137,9,'儋州',2,'D'),(138,10,'石家庄',2,'S'),(139,10,'保定',2,'B'),(140,10,'沧州',2,'C'),(141,10,'承德',2,'C'),(142,10,'邯郸',2,'H'),(143,10,'衡水',2,'H'),(144,10,'廊坊',2,'L'),(145,10,'秦皇岛',2,'Q'),(146,10,'唐山',2,'T'),(147,10,'邢台',2,'X'),(148,10,'张家口',2,'Z'),(149,11,'郑州',2,'Z'),(150,11,'洛阳',2,'L'),(151,11,'开封',2,'K'),(152,11,'安阳',2,'A'),(153,11,'鹤壁',2,'H'),(154,11,'济源',2,'J'),(155,11,'焦作',2,'J'),(156,11,'南阳',2,'N'),(157,11,'平顶山',2,'P'),(158,11,'三门峡',2,'S'),(159,11,'商丘',2,'S'),(160,11,'新乡',2,'X'),(161,11,'信阳',2,'X'),(162,11,'许昌',2,'X'),(163,11,'周口',2,'Z'),(164,11,'驻马店',2,'Z'),(165,11,'漯河',2,'L'),(166,11,'濮阳',2,'P'),(167,12,'哈尔滨',2,'H'),(168,12,'大庆',2,'D'),(169,12,'大兴安岭',2,'D'),(170,12,'鹤岗',2,'H'),(171,12,'黑河',2,'H'),(172,12,'鸡西',2,'J'),(173,12,'佳木斯',2,'J'),(174,12,'牡丹江',2,'M'),(175,12,'七台河',2,'Q'),(176,12,'齐齐哈尔',2,'Q'),(177,12,'双鸭山',2,'S'),(178,12,'绥化',2,'S'),(179,12,'伊春',2,'Y'),(180,13,'武汉',2,'W'),(181,13,'仙桃',2,'X'),(182,13,'鄂州',2,'E'),(183,13,'黄冈',2,'H'),(184,13,'黄石',2,'H'),(185,13,'荆门',2,'J'),(186,13,'荆州',2,'J'),(187,13,'潜江',2,'Q'),(188,13,'神农架林区',2,'S'),(189,13,'十堰',2,'S'),(190,13,'随州',2,'S'),(191,13,'天门',2,'T'),(192,13,'咸宁',2,'X'),(193,13,'襄樊',2,'X'),(194,13,'孝感',2,'X'),(195,13,'宜昌',2,'Y'),(196,13,'恩施',2,'E'),(197,14,'长沙',2,'C'),(198,14,'张家界',2,'Z'),(199,14,'常德',2,'C'),(200,14,'郴州',2,'C'),(201,14,'衡阳',2,'H'),(202,14,'怀化',2,'H'),(203,14,'娄底',2,'L'),(204,14,'邵阳',2,'S'),(205,14,'湘潭',2,'X'),(206,14,'湘西',2,'X'),(207,14,'益阳',2,'Y'),(208,14,'永州',2,'Y'),(209,14,'岳阳',2,'Y'),(210,14,'株洲',2,'Z'),(211,15,'长春',2,'C'),(212,15,'吉林',2,'J'),(213,15,'白城',2,'B'),(214,15,'白山',2,'B'),(215,15,'辽源',2,'L'),(216,15,'四平',2,'S'),(217,15,'松原',2,'S'),(218,15,'通化',2,'T'),(219,15,'延边',2,'Y'),(220,16,'南京',2,'N'),(221,16,'苏州',2,'S'),(222,16,'无锡',2,'W'),(223,16,'常州',2,'C'),(224,16,'淮安',2,'H'),(225,16,'连云港',2,'L'),(226,16,'南通',2,'N'),(227,16,'宿迁',2,'S'),(228,16,'泰州',2,'T'),(229,16,'徐州',2,'X'),(230,16,'盐城',2,'Y'),(231,16,'扬州',2,'Y'),(232,16,'镇江',2,'Z'),(233,17,'南昌',2,'N'),(234,17,'抚州',2,'F'),(235,17,'赣州',2,'G'),(236,17,'吉安',2,'J'),(237,17,'景德镇',2,'J'),(238,17,'九江',2,'J'),(239,17,'萍乡',2,'P'),(240,17,'上饶',2,'S'),(241,17,'新余',2,'X'),(242,17,'宜春',2,'Y'),(243,17,'鹰潭',2,'Y'),(244,18,'沈阳',2,'S'),(245,18,'大连',2,'D'),(246,18,'鞍山',2,'A'),(247,18,'本溪',2,'B'),(248,18,'朝阳',2,'C'),(249,18,'丹东',2,'D'),(250,18,'抚顺',2,'F'),(251,18,'阜新',2,'F'),(252,18,'葫芦岛',2,'H'),(253,18,'锦州',2,'J'),(254,18,'辽阳',2,'L'),(255,18,'盘锦',2,'P'),(256,18,'铁岭',2,'T'),(257,18,'营口',2,'Y'),(258,19,'呼和浩特',2,'H'),(259,19,'阿拉善盟',2,'A'),(260,19,'巴彦淖尔盟',2,'B'),(261,19,'包头',2,'B'),(262,19,'赤峰',2,'C'),(263,19,'鄂尔多斯',2,'E'),(264,19,'呼伦贝尔',2,'H'),(265,19,'通辽',2,'T'),(266,19,'乌海',2,'W'),(267,19,'乌兰察布市',2,'W'),(268,19,'锡林郭勒盟',2,'X'),(269,19,'兴安盟',2,'X'),(270,20,'银川',2,'Y'),(271,20,'固原',2,'G'),(272,20,'石嘴山',2,'S'),(273,20,'吴忠',2,'W'),(274,20,'中卫',2,'Z'),(275,21,'西宁',2,'X'),(276,21,'果洛',2,'G'),(277,21,'海北',2,'H'),(278,21,'海东',2,'H'),(279,21,'海南',2,'H'),(280,21,'海西',2,'H'),(281,21,'黄南',2,'H'),(282,21,'玉树',2,'Y'),(283,22,'济南',2,'J'),(284,22,'青岛',2,'Q'),(285,22,'滨州',2,'B'),(286,22,'德州',2,'D'),(287,22,'东营',2,'D'),(288,22,'菏泽',2,'H'),(289,22,'济宁',2,'J'),(290,22,'莱芜',2,'L'),(291,22,'聊城',2,'L'),(292,22,'临沂',2,'L'),(293,22,'日照',2,'R'),(294,22,'泰安',2,'T'),(295,22,'威海',2,'W'),(296,22,'潍坊',2,'W'),(297,22,'烟台',2,'Y'),(298,22,'枣庄',2,'Z'),(299,22,'淄博',2,'Z'),(300,23,'太原',2,'T'),(301,23,'长治',2,'C'),(302,23,'大同',2,'D'),(303,23,'晋城',2,'J'),(304,23,'晋中',2,'J'),(305,23,'临汾',2,'L'),(306,23,'吕梁',2,'L'),(307,23,'朔州',2,'S'),(308,23,'忻州',2,'X'),(309,23,'阳泉',2,'Y'),(310,23,'运城',2,'Y'),(311,24,'西安',2,'X'),(312,24,'安康',2,'A'),(313,24,'宝鸡',2,'B'),(314,24,'汉中',2,'H'),(315,24,'商洛',2,'S'),(316,24,'铜川',2,'T'),(317,24,'渭南',2,'W'),(318,24,'咸阳',2,'X'),(319,24,'延安',2,'Y'),(320,24,'榆林',2,'Y'),(321,25,'上海',2,'S'),(322,26,'成都',2,'C'),(323,26,'绵阳',2,'M'),(324,26,'阿坝',2,'A'),(325,26,'巴中',2,'B'),(326,26,'达州',2,'D'),(327,26,'德阳',2,'D'),(328,26,'甘孜',2,'G'),(329,26,'广安',2,'G'),(330,26,'广元',2,'G'),(331,26,'乐山',2,'L'),(332,26,'凉山',2,'L'),(333,26,'眉山',2,'M'),(334,26,'南充',2,'N'),(335,26,'内江',2,'N'),(336,26,'攀枝花',2,'P'),(337,26,'遂宁',2,'S'),(338,26,'雅安',2,'Y'),(339,26,'宜宾',2,'Y'),(340,26,'资阳',2,'Z'),(341,26,'自贡',2,'Z'),(342,26,'泸州',2,'L'),(343,27,'天津',2,'T'),(344,28,'拉萨',2,'L'),(345,28,'阿里',2,'A'),(346,28,'昌都',2,'C'),(347,28,'林芝',2,'L'),(348,28,'那曲',2,'N'),(349,28,'日喀则',2,'R'),(350,28,'山南',2,'S'),(351,29,'乌鲁木齐',2,'W'),(352,29,'阿克苏',2,'A'),(353,29,'阿拉尔',2,'A'),(354,29,'巴音郭楞',2,'B'),(355,29,'博尔塔拉',2,'B'),(356,29,'昌吉',2,'C'),(357,29,'哈密',2,'H'),(358,29,'和田',2,'H'),(359,29,'喀什',2,'K'),(360,29,'克拉玛依',2,'K'),(361,29,'克孜勒苏',2,'K'),(362,29,'石河子',2,'S'),(363,29,'图木舒克',2,'T'),(364,29,'吐鲁番',2,'T'),(365,29,'五家渠',2,'W'),(366,29,'伊犁',2,'Y'),(367,30,'昆明',2,'K'),(368,30,'怒江',2,'N'),(369,30,'普洱',2,'P'),(370,30,'丽江',2,'L'),(371,30,'保山',2,'B'),(372,30,'楚雄',2,'C'),(373,30,'大理',2,'D'),(374,30,'德宏',2,'D'),(375,30,'迪庆',2,'D'),(376,30,'红河',2,'H'),(377,30,'临沧',2,'L'),(378,30,'曲靖',2,'Q'),(379,30,'文山',2,'W'),(380,30,'西双版纳',2,'X'),(381,30,'玉溪',2,'Y'),(382,30,'昭通',2,'Z'),(383,31,'杭州',2,'H'),(384,31,'湖州',2,'H'),(385,31,'嘉兴',2,'J'),(386,31,'金华',2,'J'),(387,31,'丽水',2,'L'),(388,31,'宁波',2,'N'),(389,31,'绍兴',2,'S'),(390,31,'台州',2,'T'),(391,31,'温州',2,'W'),(392,31,'舟山',2,'Z'),(393,31,'衢州',2,'Q'),(394,32,'重庆',2,'Z'),(395,33,'香港',2,'X'),(396,34,'澳门',2,'A'),(397,35,'台湾',2,'T'),(398,36,'迎江区',3,'Y'),(399,36,'大观区',3,'D'),(400,36,'宜秀区',3,'Y'),(401,36,'桐城市',3,'T'),(402,36,'怀宁县',3,'H'),(403,36,'枞阳县',3,''),(404,36,'潜山县',3,'Q'),(405,36,'太湖县',3,'T'),(406,36,'宿松县',3,'S'),(407,36,'望江县',3,'W'),(408,36,'岳西县',3,'Y'),(409,37,'中市区',3,'Z'),(410,37,'东市区',3,'D'),(411,37,'西市区',3,'X'),(412,37,'郊区',3,'J'),(413,37,'怀远县',3,'H'),(414,37,'五河县',3,'W'),(415,37,'固镇县',3,'G'),(416,38,'居巢区',3,'J'),(417,38,'庐江县',3,'L'),(418,38,'无为县',3,'W'),(419,38,'含山县',3,'H'),(420,38,'和县',3,'H'),(421,39,'贵池区',3,'G'),(422,39,'东至县',3,'D'),(423,39,'石台县',3,'S'),(424,39,'青阳县',3,'Q'),(425,40,'琅琊区',3,'L'),(426,40,'南谯区',3,'N'),(427,40,'天长市',3,'T'),(428,40,'明光市',3,'M'),(429,40,'来安县',3,'L'),(430,40,'全椒县',3,'Q'),(431,40,'定远县',3,'D'),(432,40,'凤阳县',3,'F'),(433,41,'蚌山区',3,'B'),(434,41,'龙子湖区',3,'L'),(435,41,'禹会区',3,'Y'),(436,41,'淮上区',3,'H'),(437,41,'颍州区',3,''),(438,41,'颍东区',3,''),(439,41,'颍泉区',3,''),(440,41,'界首市',3,'J'),(441,41,'临泉县',3,'L'),(442,41,'太和县',3,'T'),(443,41,'阜南县',3,'F'),(444,41,'颖上县',3,'Y'),(445,42,'相山区',3,'X'),(446,42,'杜集区',3,'D'),(447,42,'烈山区',3,'L'),(448,42,'濉溪县',3,''),(449,43,'田家庵区',3,'T'),(450,43,'大通区',3,'D'),(451,43,'谢家集区',3,'X'),(452,43,'八公山区',3,'B'),(453,43,'潘集区',3,'P'),(454,43,'凤台县',3,'F'),(455,44,'屯溪区',3,'T'),(456,44,'黄山区',3,'H'),(457,44,'徽州区',3,'H'),(458,44,'歙县',3,''),(459,44,'休宁县',3,'X'),(460,44,'黟县',3,''),(461,44,'祁门县',3,'Q'),(462,45,'金安区',3,'J'),(463,45,'裕安区',3,'Y'),(464,45,'寿县',3,'S'),(465,45,'霍邱县',3,'H'),(466,45,'舒城县',3,'S'),(467,45,'金寨县',3,'J'),(468,45,'霍山县',3,'H'),(469,46,'雨山区',3,'Y'),(470,46,'花山区',3,'H'),(471,46,'金家庄区',3,'J'),(472,46,'当涂县',3,'D'),(473,47,'埇桥区',3,''),(474,47,'砀山县',3,''),(475,47,'萧县',3,'X'),(476,47,'灵璧县',3,'L'),(477,47,'泗县',3,''),(478,48,'铜官山区',3,'T'),(479,48,'狮子山区',3,'S'),(480,48,'郊区',3,'J'),(481,48,'铜陵县',3,'T'),(482,49,'镜湖区',3,'J'),(483,49,'弋江区',3,''),(484,49,'鸠江区',3,''),(485,49,'三山区',3,'S'),(486,49,'芜湖县',3,'W'),(487,49,'繁昌县',3,'F'),(488,49,'南陵县',3,'N'),(489,50,'宣州区',3,'X'),(490,50,'宁国市',3,'N'),(491,50,'郎溪县',3,'L'),(492,50,'广德县',3,'G'),(493,50,'泾县',3,''),(494,50,'绩溪县',3,'J'),(495,50,'旌德县',3,''),(496,51,'涡阳县',3,'W'),(497,51,'蒙城县',3,'M'),(498,51,'利辛县',3,'L'),(499,51,'谯城区',3,''),(500,52,'东城区',3,'D'),(501,52,'西城区',3,'X'),(502,52,'海淀区',3,'H'),(503,52,'朝阳区',3,'C'),(504,52,'崇文区',3,'C'),(505,52,'宣武区',3,'X'),(506,52,'丰台区',3,'F'),(507,52,'石景山区',3,'S'),(508,52,'房山区',3,'F'),(509,52,'门头沟区',3,'M'),(510,52,'通州区',3,'T'),(511,52,'顺义区',3,'S'),(512,52,'昌平区',3,'C'),(513,52,'怀柔区',3,'H'),(514,52,'平谷区',3,'P'),(515,52,'大兴区',3,'D'),(516,52,'密云县',3,'M'),(517,52,'延庆县',3,'Y'),(518,53,'鼓楼区',3,'G'),(519,53,'台江区',3,'T'),(520,53,'仓山区',3,'C'),(521,53,'马尾区',3,'M'),(522,53,'晋安区',3,'J'),(523,53,'福清市',3,'F'),(524,53,'长乐市',3,'C'),(525,53,'闽侯县',3,'M'),(526,53,'连江县',3,'L'),(527,53,'罗源县',3,'L'),(528,53,'闽清县',3,'M'),(529,53,'永泰县',3,'Y'),(530,53,'平潭县',3,'P'),(531,54,'新罗区',3,'X'),(532,54,'漳平市',3,'Z'),(533,54,'长汀县',3,'C'),(534,54,'永定县',3,'Y'),(535,54,'上杭县',3,'S'),(536,54,'武平县',3,'W'),(537,54,'连城县',3,'L'),(538,55,'延平区',3,'Y'),(539,55,'邵武市',3,'S'),(540,55,'武夷山市',3,'W'),(541,55,'建瓯市',3,'J'),(542,55,'建阳市',3,'J'),(543,55,'顺昌县',3,'S'),(544,55,'浦城县',3,'P'),(545,55,'光泽县',3,'G'),(546,55,'松溪县',3,'S'),(547,55,'政和县',3,'Z'),(548,56,'蕉城区',3,'J'),(549,56,'福安市',3,'F'),(550,56,'福鼎市',3,'F'),(551,56,'霞浦县',3,'X'),(552,56,'古田县',3,'G'),(553,56,'屏南县',3,'P'),(554,56,'寿宁县',3,'S'),(555,56,'周宁县',3,'Z'),(556,56,'柘荣县',3,''),(557,57,'城厢区',3,'C'),(558,57,'涵江区',3,'H'),(559,57,'荔城区',3,'L'),(560,57,'秀屿区',3,'X'),(561,57,'仙游县',3,'X'),(562,58,'鲤城区',3,'L'),(563,58,'丰泽区',3,'F'),(564,58,'洛江区',3,'L'),(565,58,'清濛开发区',3,''),(566,58,'泉港区',3,'Q'),(567,58,'石狮市',3,'S'),(568,58,'晋江市',3,'J'),(569,58,'南安市',3,'N'),(570,58,'惠安县',3,'H'),(571,58,'安溪县',3,'A'),(572,58,'永春县',3,'Y'),(573,58,'德化县',3,'D'),(574,58,'金门县',3,'J'),(575,59,'梅列区',3,'M'),(576,59,'三元区',3,'S'),(577,59,'永安市',3,'Y'),(578,59,'明溪县',3,'M'),(579,59,'清流县',3,'Q'),(580,59,'宁化县',3,'N'),(581,59,'大田县',3,'D'),(582,59,'尤溪县',3,'Y'),(583,59,'沙县',3,'S'),(584,59,'将乐县',3,'J'),(585,59,'泰宁县',3,'T'),(586,59,'建宁县',3,'J'),(587,60,'思明区',3,'S'),(588,60,'海沧区',3,'H'),(589,60,'湖里区',3,'H'),(590,60,'集美区',3,'J'),(591,60,'同安区',3,'T'),(592,60,'翔安区',3,'X'),(593,61,'芗城区',3,''),(594,61,'龙文区',3,'L'),(595,61,'龙海市',3,'L'),(596,61,'云霄县',3,'Y'),(597,61,'漳浦县',3,'Z'),(598,61,'诏安县',3,''),(599,61,'长泰县',3,'C'),(600,61,'东山县',3,'D'),(601,61,'南靖县',3,'N'),(602,61,'平和县',3,'P'),(603,61,'华安县',3,'H'),(604,62,'皋兰县',3,'G'),(605,62,'城关区',3,'C'),(606,62,'七里河区',3,'Q'),(607,62,'西固区',3,'X'),(608,62,'安宁区',3,'A'),(609,62,'红古区',3,'H'),(610,62,'永登县',3,'Y'),(611,62,'榆中县',3,'Y'),(612,63,'白银区',3,'B'),(613,63,'平川区',3,'P'),(614,63,'会宁县',3,'H'),(615,63,'景泰县',3,'J'),(616,63,'靖远县',3,'J'),(617,64,'临洮县',3,'L'),(618,64,'陇西县',3,'L'),(619,64,'通渭县',3,'T'),(620,64,'渭源县',3,'W'),(621,64,'漳县',3,'Z'),(622,64,'岷县',3,''),(623,64,'安定区',3,'A'),(624,64,'安定区',3,'A'),(625,65,'合作市',3,'H'),(626,65,'临潭县',3,'L'),(627,65,'卓尼县',3,'Z'),(628,65,'舟曲县',3,'Z'),(629,65,'迭部县',3,'D'),(630,65,'玛曲县',3,'M'),(631,65,'碌曲县',3,'L'),(632,65,'夏河县',3,'X'),(633,66,'嘉峪关市',3,'J'),(634,67,'金川区',3,'J'),(635,67,'永昌县',3,'Y'),(636,68,'肃州区',3,'S'),(637,68,'玉门市',3,'Y'),(638,68,'敦煌市',3,'D'),(639,68,'金塔县',3,'J'),(640,68,'瓜州县',3,'G'),(641,68,'肃北',3,'S'),(642,68,'阿克塞',3,'A'),(643,69,'临夏市',3,'L'),(644,69,'临夏县',3,'L'),(645,69,'康乐县',3,'K'),(646,69,'永靖县',3,'Y'),(647,69,'广河县',3,'G'),(648,69,'和政县',3,'H'),(649,69,'东乡族自治县',3,'D'),(650,69,'积石山',3,'J'),(651,70,'成县',3,'C'),(652,70,'徽县',3,'H'),(653,70,'康县',3,'K'),(654,70,'礼县',3,'L'),(655,70,'两当县',3,'L'),(656,70,'文县',3,'W'),(657,70,'西和县',3,'X'),(658,70,'宕昌县',3,''),(659,70,'武都区',3,'W'),(660,71,'崇信县',3,'C'),(661,71,'华亭县',3,'H'),(662,71,'静宁县',3,'J'),(663,71,'灵台县',3,'L'),(664,71,'崆峒区',3,''),(665,71,'庄浪县',3,'Z'),(666,71,'泾川县',3,''),(667,72,'合水县',3,'H'),(668,72,'华池县',3,'H'),(669,72,'环县',3,'H'),(670,72,'宁县',3,'N'),(671,72,'庆城县',3,'Q'),(672,72,'西峰区',3,'X'),(673,72,'镇原县',3,'Z'),(674,72,'正宁县',3,'Z'),(675,73,'甘谷县',3,'G'),(676,73,'秦安县',3,'Q'),(677,73,'清水县',3,'Q'),(678,73,'秦州区',3,'Q'),(679,73,'麦积区',3,'M'),(680,73,'武山县',3,'W'),(681,73,'张家川',3,'Z'),(682,74,'古浪县',3,'G'),(683,74,'民勤县',3,'M'),(684,74,'天祝',3,'T'),(685,74,'凉州区',3,'L'),(686,75,'高台县',3,'G'),(687,75,'临泽县',3,'L'),(688,75,'民乐县',3,'M'),(689,75,'山丹县',3,'S'),(690,75,'肃南',3,'S'),(691,75,'甘州区',3,'G'),(692,76,'从化市',3,'C'),(693,76,'天河区',3,'T'),(694,76,'东山区',3,'D'),(695,76,'白云区',3,'B'),(696,76,'海珠区',3,'H'),(697,76,'荔湾区',3,'L'),(698,76,'越秀区',3,'Y'),(699,76,'黄埔区',3,'H'),(700,76,'番禺区',3,'F'),(701,76,'花都区',3,'H'),(702,76,'增城区',3,'Z'),(703,76,'从化区',3,'C'),(704,76,'市郊',3,'S'),(705,77,'福田区',3,'F'),(706,77,'罗湖区',3,'L'),(707,77,'南山区',3,'N'),(708,77,'宝安区',3,'B'),(709,77,'龙岗区',3,'L'),(710,77,'盐田区',3,'Y'),(711,78,'湘桥区',3,'X'),(712,78,'潮安县',3,'C'),(713,78,'饶平县',3,'R'),(714,79,'南城区',3,'N'),(715,79,'东城区',3,'D'),(716,79,'万江区',3,'W'),(717,79,'莞城区',3,''),(718,79,'石龙镇',3,'S'),(719,79,'虎门镇',3,'H'),(720,79,'麻涌镇',3,'M'),(721,79,'道滘镇',3,''),(722,79,'石碣镇',3,'S'),(723,79,'沙田镇',3,'S'),(724,79,'望牛墩镇',3,'W'),(725,79,'洪梅镇',3,'H'),(726,79,'茶山镇',3,'C'),(727,79,'寮步镇',3,''),(728,79,'大岭山镇',3,'D'),(729,79,'大朗镇',3,'D'),(730,79,'黄江镇',3,'H'),(731,79,'樟木头',3,'Z'),(732,79,'凤岗镇',3,'F'),(733,79,'塘厦镇',3,'T'),(734,79,'谢岗镇',3,'X'),(735,79,'厚街镇',3,'H'),(736,79,'清溪镇',3,'Q'),(737,79,'常平镇',3,'C'),(738,79,'桥头镇',3,'Q'),(739,79,'横沥镇',3,'H'),(740,79,'东坑镇',3,'D'),(741,79,'企石镇',3,'Q'),(742,79,'石排镇',3,'S'),(743,79,'长安镇',3,'C'),(744,79,'中堂镇',3,'Z'),(745,79,'高埗镇',3,''),(746,80,'禅城区',3,''),(747,80,'南海区',3,'N'),(748,80,'顺德区',3,'S'),(749,80,'三水区',3,'S'),(750,80,'高明区',3,'G'),(751,81,'东源县',3,'D'),(752,81,'和平县',3,'H'),(753,81,'源城区',3,'Y'),(754,81,'连平县',3,'L'),(755,81,'龙川县',3,'L'),(756,81,'紫金县',3,'Z'),(757,82,'惠阳区',3,'H'),(758,82,'惠城区',3,'H'),(759,82,'大亚湾',3,'D'),(760,82,'博罗县',3,'B'),(761,82,'惠东县',3,'H'),(762,82,'龙门县',3,'L'),(763,83,'江海区',3,'J'),(764,83,'蓬江区',3,'P'),(765,83,'新会区',3,'X'),(766,83,'台山市',3,'T'),(767,83,'开平市',3,'K'),(768,83,'鹤山市',3,'H'),(769,83,'恩平市',3,'E'),(770,84,'榕城区',3,''),(771,84,'普宁市',3,'P'),(772,84,'揭东县',3,'J'),(773,84,'揭西县',3,'J'),(774,84,'惠来县',3,'H'),(775,85,'茂南区',3,'M'),(776,85,'茂港区',3,'M'),(777,85,'高州市',3,'G'),(778,85,'化州市',3,'H'),(779,85,'信宜市',3,'X'),(780,85,'电白县',3,'D'),(781,86,'梅县',3,'M'),(782,86,'梅江区',3,'M'),(783,86,'兴宁市',3,'X'),(784,86,'大埔县',3,'D'),(785,86,'丰顺县',3,'F'),(786,86,'五华县',3,'W'),(787,86,'平远县',3,'P'),(788,86,'蕉岭县',3,'J'),(789,87,'清城区',3,'Q'),(790,87,'英德市',3,'Y'),(791,87,'连州市',3,'L'),(792,87,'佛冈县',3,'F'),(793,87,'阳山县',3,'Y'),(794,87,'清新县',3,'Q'),(795,87,'连山',3,'L'),(796,87,'连南',3,'L'),(797,88,'南澳县',3,'N'),(798,88,'潮阳区',3,'C'),(799,88,'澄海区',3,'C'),(800,88,'龙湖区',3,'L'),(801,88,'金平区',3,'J'),(802,88,'濠江区',3,''),(803,88,'潮南区',3,'C'),(804,89,'城区',3,'C'),(805,89,'陆丰市',3,'L'),(806,89,'海丰县',3,'H'),(807,89,'陆河县',3,'L'),(808,90,'曲江县',3,'Q'),(809,90,'浈江区',3,''),(810,90,'武江区',3,'W'),(811,90,'曲江区',3,'Q'),(812,90,'乐昌市',3,'L'),(813,90,'南雄市',3,'N'),(814,90,'始兴县',3,'S'),(815,90,'仁化县',3,'R'),(816,90,'翁源县',3,'W'),(817,90,'新丰县',3,'X'),(818,90,'乳源',3,'R'),(819,91,'江城区',3,'J'),(820,91,'阳春市',3,'Y'),(821,91,'阳西县',3,'Y'),(822,91,'阳东县',3,'Y'),(823,92,'云城区',3,'Y'),(824,92,'罗定市',3,'L'),(825,92,'新兴县',3,'X'),(826,92,'郁南县',3,'Y'),(827,92,'云安县',3,'Y'),(828,93,'赤坎区',3,'C'),(829,93,'霞山区',3,'X'),(830,93,'坡头区',3,'P'),(831,93,'麻章区',3,'M'),(832,93,'廉江市',3,'L'),(833,93,'雷州市',3,'L'),(834,93,'吴川市',3,'W'),(835,93,'遂溪县',3,'S'),(836,93,'徐闻县',3,'X'),(837,94,'肇庆市',3,'Z'),(838,94,'高要市',3,'G'),(839,94,'四会市',3,'S'),(840,94,'广宁县',3,'G'),(841,94,'怀集县',3,'H'),(842,94,'封开县',3,'F'),(843,94,'德庆县',3,'D'),(844,95,'石岐街道',3,'S'),(845,95,'东区街道',3,'D'),(846,95,'西区街道',3,'X'),(847,95,'环城街道',3,'H'),(848,95,'中山港街道',3,'Z'),(849,95,'五桂山街道',3,'W'),(850,96,'香洲区',3,'X'),(851,96,'斗门区',3,'D'),(852,96,'金湾区',3,'J'),(853,97,'邕宁区',3,''),(854,97,'青秀区',3,'Q'),(855,97,'兴宁区',3,'X'),(856,97,'良庆区',3,'L'),(857,97,'西乡塘区',3,'X'),(858,97,'江南区',3,'J'),(859,97,'武鸣县',3,'W'),(860,97,'隆安县',3,'L'),(861,97,'马山县',3,'M'),(862,97,'上林县',3,'S'),(863,97,'宾阳县',3,'B'),(864,97,'横县',3,'H'),(865,98,'秀峰区',3,'X'),(866,98,'叠彩区',3,'D'),(867,98,'象山区',3,'X'),(868,98,'七星区',3,'Q'),(869,98,'雁山区',3,'Y'),(870,98,'阳朔县',3,'Y'),(871,98,'临桂县',3,'L'),(872,98,'灵川县',3,'L'),(873,98,'全州县',3,'Q'),(874,98,'平乐县',3,'P'),(875,98,'兴安县',3,'X'),(876,98,'灌阳县',3,'G'),(877,98,'荔浦县',3,'L'),(878,98,'资源县',3,'Z'),(879,98,'永福县',3,'Y'),(880,98,'龙胜',3,'L'),(881,98,'恭城',3,'G'),(882,99,'右江区',3,'Y'),(883,99,'凌云县',3,'L'),(884,99,'平果县',3,'P'),(885,99,'西林县',3,'X'),(886,99,'乐业县',3,'L'),(887,99,'德保县',3,'D'),(888,99,'田林县',3,'T'),(889,99,'田阳县',3,'T'),(890,99,'靖西县',3,'J'),(891,99,'田东县',3,'T'),(892,99,'那坡县',3,'N'),(893,99,'隆林',3,'L'),(894,100,'海城区',3,'H'),(895,100,'银海区',3,'Y'),(896,100,'铁山港区',3,'T'),(897,100,'合浦县',3,'H'),(898,101,'江州区',3,'J'),(899,101,'凭祥市',3,'P'),(900,101,'宁明县',3,'N'),(901,101,'扶绥县',3,'F'),(902,101,'龙州县',3,'L'),(903,101,'大新县',3,'D'),(904,101,'天等县',3,'T'),(905,102,'港口区',3,'G'),(906,102,'防城区',3,'F'),(907,102,'东兴市',3,'D'),(908,102,'上思县',3,'S'),(909,103,'港北区',3,'G'),(910,103,'港南区',3,'G'),(911,103,'覃塘区',3,''),(912,103,'桂平市',3,'G'),(913,103,'平南县',3,'P'),(914,104,'金城江区',3,'J'),(915,104,'宜州市',3,'Y'),(916,104,'天峨县',3,'T'),(917,104,'凤山县',3,'F'),(918,104,'南丹县',3,'N'),(919,104,'东兰县',3,'D'),(920,104,'都安',3,'D'),(921,104,'罗城',3,'L'),(922,104,'巴马',3,'B'),(923,104,'环江',3,'H'),(924,104,'大化',3,'D'),(925,105,'八步区',3,'B'),(926,105,'钟山县',3,'Z'),(927,105,'昭平县',3,'Z'),(928,105,'富川',3,'F'),(929,106,'兴宾区',3,'X'),(930,106,'合山市',3,'H'),(931,106,'象州县',3,'X'),(932,106,'武宣县',3,'W'),(933,106,'忻城县',3,'X'),(934,106,'金秀',3,'J'),(935,107,'城中区',3,'C'),(936,107,'鱼峰区',3,'Y'),(937,107,'柳北区',3,'L'),(938,107,'柳南区',3,'L'),(939,107,'柳江县',3,'L'),(940,107,'柳城县',3,'L'),(941,107,'鹿寨县',3,'L'),(942,107,'融安县',3,'R'),(943,107,'融水',3,'R'),(944,107,'三江',3,'S'),(945,108,'钦南区',3,'Q'),(946,108,'钦北区',3,'Q'),(947,108,'灵山县',3,'L'),(948,108,'浦北县',3,'P'),(949,109,'万秀区',3,'W'),(950,109,'蝶山区',3,'D'),(951,109,'长洲区',3,'C'),(952,109,'岑溪市',3,''),(953,109,'苍梧县',3,'C'),(954,109,'藤县',3,'T'),(955,109,'蒙山县',3,'M'),(956,110,'玉州区',3,'Y'),(957,110,'北流市',3,'B'),(958,110,'容县',3,'R'),(959,110,'陆川县',3,'L'),(960,110,'博白县',3,'B'),(961,110,'兴业县',3,'X'),(962,111,'南明区',3,'N'),(963,111,'云岩区',3,'Y'),(964,111,'花溪区',3,'H'),(965,111,'乌当区',3,'W'),(966,111,'白云区',3,'B'),(967,111,'小河区',3,'X'),(968,111,'金阳新区',3,'J'),(969,111,'新天园区',3,'X'),(970,111,'清镇市',3,'Q'),(971,111,'开阳县',3,'K'),(972,111,'修文县',3,'X'),(973,111,'息烽县',3,'X'),(974,112,'西秀区',3,'X'),(975,112,'关岭',3,'G'),(976,112,'镇宁',3,'Z'),(977,112,'紫云',3,'Z'),(978,112,'平坝县',3,'P'),(979,112,'普定县',3,'P'),(980,113,'毕节市',3,'B'),(981,113,'大方县',3,'D'),(982,113,'黔西县',3,'Q'),(983,113,'金沙县',3,'J'),(984,113,'织金县',3,'Z'),(985,113,'纳雍县',3,'N'),(986,113,'赫章县',3,'H'),(987,113,'威宁',3,'W'),(988,114,'钟山区',3,'Z'),(989,114,'六枝特区',3,'L'),(990,114,'水城县',3,'S'),(991,114,'盘县',3,'P'),(992,115,'凯里市',3,'K'),(993,115,'黄平县',3,'H'),(994,115,'施秉县',3,'S'),(995,115,'三穗县',3,'S'),(996,115,'镇远县',3,'Z'),(997,115,'岑巩县',3,''),(998,115,'天柱县',3,'T'),(999,115,'锦屏县',3,'J'),(1000,115,'剑河县',3,'J'),(1001,115,'台江县',3,'T'),(1002,115,'黎平县',3,'L'),(1003,115,'榕江县',3,''),(1004,115,'从江县',3,'C'),(1005,115,'雷山县',3,'L'),(1006,115,'麻江县',3,'M'),(1007,115,'丹寨县',3,'D'),(1008,116,'都匀市',3,'D'),(1009,116,'福泉市',3,'F'),(1010,116,'荔波县',3,'L'),(1011,116,'贵定县',3,'G'),(1012,116,'瓮安县',3,'W'),(1013,116,'独山县',3,'D'),(1014,116,'平塘县',3,'P'),(1015,116,'罗甸县',3,'L'),(1016,116,'长顺县',3,'C'),(1017,116,'龙里县',3,'L'),(1018,116,'惠水县',3,'H'),(1019,116,'三都',3,'S'),(1020,117,'兴义市',3,'X'),(1021,117,'兴仁县',3,'X'),(1022,117,'普安县',3,'P'),(1023,117,'晴隆县',3,'Q'),(1024,117,'贞丰县',3,'Z'),(1025,117,'望谟县',3,'W'),(1026,117,'册亨县',3,'C'),(1027,117,'安龙县',3,'A'),(1028,118,'铜仁市',3,'T'),(1029,118,'江口县',3,'J'),(1030,118,'石阡县',3,'S'),(1031,118,'思南县',3,'S'),(1032,118,'德江县',3,'D'),(1033,118,'玉屏',3,'Y'),(1034,118,'印江',3,'Y'),(1035,118,'沿河',3,'Y'),(1036,118,'松桃',3,'S'),(1037,118,'万山特区',3,'W'),(1038,119,'红花岗区',3,'H'),(1039,119,'务川县',3,'W'),(1040,119,'道真县',3,'D'),(1041,119,'汇川区',3,'H'),(1042,119,'赤水市',3,'C'),(1043,119,'仁怀市',3,'R'),(1044,119,'遵义县',3,'Z'),(1045,119,'桐梓县',3,'T'),(1046,119,'绥阳县',3,'S'),(1047,119,'正安县',3,'Z'),(1048,119,'凤冈县',3,'F'),(1049,119,'湄潭县',3,''),(1050,119,'余庆县',3,'Y'),(1051,119,'习水县',3,'X'),(1052,119,'道真',3,'D'),(1053,119,'务川',3,'W'),(1054,120,'秀英区',3,'X'),(1055,120,'龙华区',3,'L'),(1056,120,'琼山区',3,'Q'),(1057,120,'美兰区',3,'M'),(1058,137,'市区',3,'S'),(1059,137,'洋浦开发区',3,'Y'),(1060,137,'那大镇',3,'N'),(1061,137,'王五镇',3,'W'),(1062,137,'雅星镇',3,'Y'),(1063,137,'大成镇',3,'D'),(1064,137,'中和镇',3,'Z'),(1065,137,'峨蔓镇',3,'E'),(1066,137,'南丰镇',3,'N'),(1067,137,'白马井镇',3,'B'),(1068,137,'兰洋镇',3,'L'),(1069,137,'和庆镇',3,'H'),(1070,137,'海头镇',3,'H'),(1071,137,'排浦镇',3,'P'),(1072,137,'东成镇',3,'D'),(1073,137,'光村镇',3,'G'),(1074,137,'木棠镇',3,'M'),(1075,137,'新州镇',3,'X'),(1076,137,'三都镇',3,'S'),(1077,137,'其他',3,'Q'),(1078,138,'长安区',3,'C'),(1079,138,'桥东区',3,'Q'),(1080,138,'桥西区',3,'Q'),(1081,138,'新华区',3,'X'),(1082,138,'裕华区',3,'Y'),(1083,138,'井陉矿区',3,'J'),(1084,138,'高新区',3,'G'),(1085,138,'辛集市',3,'X'),(1086,138,'藁城市',3,''),(1087,138,'晋州市',3,'J'),(1088,138,'新乐市',3,'X'),(1089,138,'鹿泉市',3,'L'),(1090,138,'井陉县',3,'J'),(1091,138,'正定县',3,'Z'),(1092,138,'栾城县',3,''),(1093,138,'行唐县',3,'X'),(1094,138,'灵寿县',3,'L'),(1095,138,'高邑县',3,'G'),(1096,138,'深泽县',3,'S'),(1097,138,'赞皇县',3,'Z'),(1098,138,'无极县',3,'W'),(1099,138,'平山县',3,'P'),(1100,138,'元氏县',3,'Y'),(1101,138,'赵县',3,'Z'),(1102,139,'新市区',3,'X'),(1103,139,'南市区',3,'N'),(1104,139,'北市区',3,'B'),(1105,139,'涿州市',3,''),(1106,139,'定州市',3,'D'),(1107,139,'安国市',3,'A'),(1108,139,'高碑店市',3,'G'),(1109,139,'满城县',3,'M'),(1110,139,'清苑县',3,'Q'),(1111,139,'涞水县',3,''),(1112,139,'阜平县',3,'F'),(1113,139,'徐水县',3,'X'),(1114,139,'定兴县',3,'D'),(1115,139,'唐县',3,'T'),(1116,139,'高阳县',3,'G'),(1117,139,'容城县',3,'R'),(1118,139,'涞源县',3,''),(1119,139,'望都县',3,'W'),(1120,139,'安新县',3,'A'),(1121,139,'易县',3,'Y'),(1122,139,'曲阳县',3,'Q'),(1123,139,'蠡县',3,''),(1124,139,'顺平县',3,'S'),(1125,139,'博野县',3,'B'),(1126,139,'雄县',3,'X'),(1127,140,'运河区',3,'Y'),(1128,140,'新华区',3,'X'),(1129,140,'泊头市',3,'B'),(1130,140,'任丘市',3,'R'),(1131,140,'黄骅市',3,'H'),(1132,140,'河间市',3,'H'),(1133,140,'沧县',3,'C'),(1134,140,'青县',3,'Q'),(1135,140,'东光县',3,'D'),(1136,140,'海兴县',3,'H'),(1137,140,'盐山县',3,'Y'),(1138,140,'肃宁县',3,'S'),(1139,140,'南皮县',3,'N'),(1140,140,'吴桥县',3,'W'),(1141,140,'献县',3,'X'),(1142,140,'孟村',3,'M'),(1143,141,'双桥区',3,'S'),(1144,141,'双滦区',3,'S'),(1145,141,'鹰手营子矿区',3,'Y'),(1146,141,'承德县',3,'C'),(1147,141,'兴隆县',3,'X'),(1148,141,'平泉县',3,'P'),(1149,141,'滦平县',3,'L'),(1150,141,'隆化县',3,'L'),(1151,141,'丰宁',3,'F'),(1152,141,'宽城',3,'K'),(1153,141,'围场',3,'W'),(1154,142,'从台区',3,'C'),(1155,142,'复兴区',3,'F'),(1156,142,'邯山区',3,'H'),(1157,142,'峰峰矿区',3,'F'),(1158,142,'武安市',3,'W'),(1159,142,'邯郸县',3,'H'),(1160,142,'临漳县',3,'L'),(1161,142,'成安县',3,'C'),(1162,142,'大名县',3,'D'),(1163,142,'涉县',3,'S'),(1164,142,'磁县',3,'C'),(1165,142,'肥乡县',3,'F'),(1166,142,'永年县',3,'Y'),(1167,142,'邱县',3,'Q'),(1168,142,'鸡泽县',3,'J'),(1169,142,'广平县',3,'G'),(1170,142,'馆陶县',3,'G'),(1171,142,'魏县',3,'W'),(1172,142,'曲周县',3,'Q'),(1173,143,'桃城区',3,'T'),(1174,143,'冀州市',3,'J'),(1175,143,'深州市',3,'S'),(1176,143,'枣强县',3,'Z'),(1177,143,'武邑县',3,'W'),(1178,143,'武强县',3,'W'),(1179,143,'饶阳县',3,'R'),(1180,143,'安平县',3,'A'),(1181,143,'故城县',3,'G'),(1182,143,'景县',3,'J'),(1183,143,'阜城县',3,'F'),(1184,144,'安次区',3,'A'),(1185,144,'广阳区',3,'G'),(1186,144,'霸州市',3,'B'),(1187,144,'三河市',3,'S'),(1188,144,'固安县',3,'G'),(1189,144,'永清县',3,'Y'),(1190,144,'香河县',3,'X'),(1191,144,'大城县',3,'D'),(1192,144,'文安县',3,'W'),(1193,144,'大厂',3,'D'),(1194,145,'海港区',3,'H'),(1195,145,'山海关区',3,'S'),(1196,145,'北戴河区',3,'B'),(1197,145,'昌黎县',3,'C'),(1198,145,'抚宁县',3,'F'),(1199,145,'卢龙县',3,'L'),(1200,145,'青龙县',3,'Q'),(1201,146,'路北区',3,'L'),(1202,146,'路南区',3,'L'),(1203,146,'古冶区',3,'G'),(1204,146,'开平区',3,'K'),(1205,146,'丰南区',3,'F'),(1206,146,'丰润区',3,'F'),(1207,146,'遵化市',3,'Z'),(1208,146,'迁安市',3,'Q'),(1209,146,'滦县',3,'L'),(1210,146,'滦南县',3,'L'),(1211,146,'乐亭县',3,'L'),(1212,146,'迁西县',3,'Q'),(1213,146,'玉田县',3,'Y'),(1214,146,'唐海县',3,'T'),(1215,147,'桥东区',3,'Q'),(1216,147,'桥西区',3,'Q'),(1217,147,'南宫市',3,'N'),(1218,147,'沙河市',3,'S'),(1219,147,'邢台县',3,'X'),(1220,147,'临城县',3,'L'),(1221,147,'内丘县',3,'N'),(1222,147,'柏乡县',3,'B'),(1223,147,'隆尧县',3,'L'),(1224,147,'任县',3,'R'),(1225,147,'南和县',3,'N'),(1226,147,'宁晋县',3,'N'),(1227,147,'巨鹿县',3,'J'),(1228,147,'新河县',3,'X'),(1229,147,'广宗县',3,'G'),(1230,147,'平乡县',3,'P'),(1231,147,'威县',3,'W'),(1232,147,'清河县',3,'Q'),(1233,147,'临西县',3,'L'),(1234,148,'桥西区',3,'Q'),(1235,148,'桥东区',3,'Q'),(1236,148,'宣化区',3,'X'),(1237,148,'下花园区',3,'X'),(1238,148,'宣化县',3,'X'),(1239,148,'张北县',3,'Z'),(1240,148,'康保县',3,'K'),(1241,148,'沽源县',3,'G'),(1242,148,'尚义县',3,'S'),(1243,148,'蔚县',3,'W'),(1244,148,'阳原县',3,'Y'),(1245,148,'怀安县',3,'H'),(1246,148,'万全县',3,'W'),(1247,148,'怀来县',3,'H'),(1248,148,'涿鹿县',3,''),(1249,148,'赤城县',3,'C'),(1250,148,'崇礼县',3,'C'),(1251,149,'金水区',3,'J'),(1253,149,'二七区',3,'E'),(1254,149,'管城区',3,'G'),(1255,149,'中原区',3,'Z'),(1256,149,'上街区',3,'S'),(1257,149,'惠济区',3,'H'),(1258,149,'郑东新区',3,'Z'),(1259,149,'经开区',3,'J'),(1260,149,'高新区',3,'G'),(1261,149,'航空港区',3,'H'),(1262,149,'巩义市',3,'G'),(1263,149,'荥阳市',3,''),(1264,149,'新密市',3,'X'),(1265,149,'新郑市',3,'X'),(1266,149,'登封市',3,'D'),(1267,149,'中牟县',3,'Z'),(1268,150,'西工区',3,'X'),(1269,150,'老城区',3,'L'),(1270,150,'涧西区',3,'J'),(1271,150,'瀍河回族区',3,''),(1272,150,'洛龙区',3,'L'),(1273,150,'吉利区',3,'J'),(1274,150,'偃师市',3,''),(1275,150,'孟津县',3,'M'),(1276,150,'新安县',3,'X'),(1277,150,'栾川县',3,''),(1278,150,'嵩县',3,''),(1279,150,'汝阳县',3,'R'),(1280,150,'宜阳县',3,'Y'),(1281,150,'洛宁县',3,'L'),(1282,150,'伊川县',3,'Y'),(1283,151,'鼓楼区',3,'G'),(1284,151,'龙亭区',3,'L'),(1285,151,'顺河回族区',3,'S'),(1286,151,'金明区',3,'J'),(1287,151,'禹王台区',3,'Y'),(1288,151,'杞县',3,''),(1289,151,'通许县',3,'T'),(1290,151,'尉氏县',3,'W'),(1291,151,'开封县',3,'K'),(1292,151,'兰考县',3,'L'),(1293,152,'北关区',3,'B'),(1294,152,'文峰区',3,'W'),(1295,152,'殷都区',3,'Y'),(1296,152,'龙安区',3,'L'),(1297,152,'林州市',3,'L'),(1298,152,'安阳县',3,'A'),(1299,152,'汤阴县',3,'T'),(1300,152,'滑县',3,'H'),(1301,152,'内黄县',3,'N'),(1302,153,'淇滨区',3,''),(1303,153,'山城区',3,'S'),(1304,153,'鹤山区',3,'H'),(1305,153,'浚县',3,'J'),(1306,153,'淇县',3,''),(1307,154,'济源市',3,'J'),(1308,155,'解放区',3,'J'),(1309,155,'中站区',3,'Z'),(1310,155,'马村区',3,'M'),(1311,155,'山阳区',3,'S'),(1312,155,'沁阳市',3,'Q'),(1313,155,'孟州市',3,'M'),(1314,155,'修武县',3,'X'),(1315,155,'博爱县',3,'B'),(1316,155,'武陟县',3,'W'),(1317,155,'温县',3,'W'),(1318,156,'卧龙区',3,'W'),(1319,156,'宛城区',3,'W'),(1320,156,'邓州市',3,'D'),(1321,156,'南召县',3,'N'),(1322,156,'方城县',3,'F'),(1323,156,'西峡县',3,'X'),(1324,156,'镇平县',3,'Z'),(1325,156,'内乡县',3,'N'),(1326,156,'淅川县',3,''),(1327,156,'社旗县',3,'S'),(1328,156,'唐河县',3,'T'),(1329,156,'新野县',3,'X'),(1330,156,'桐柏县',3,'T'),(1331,157,'新华区',3,'X'),(1332,157,'卫东区',3,'W'),(1333,157,'湛河区',3,'Z'),(1334,157,'石龙区',3,'S'),(1335,157,'舞钢市',3,'W'),(1336,157,'汝州市',3,'R'),(1337,157,'宝丰县',3,'B'),(1338,157,'叶县',3,'Y'),(1339,157,'鲁山县',3,'L'),(1340,157,'郏县',3,''),(1341,158,'湖滨区',3,'H'),(1342,158,'义马市',3,'Y'),(1343,158,'灵宝市',3,'L'),(1344,158,'渑池县',3,''),(1345,158,'陕县',3,'S'),(1346,158,'卢氏县',3,'L'),(1347,159,'梁园区',3,'L'),(1348,159,'睢阳区',3,''),(1349,159,'永城市',3,'Y'),(1350,159,'民权县',3,'M'),(1351,159,'睢县',3,''),(1352,159,'宁陵县',3,'N'),(1353,159,'虞城县',3,'Y'),(1354,159,'柘城县',3,''),(1355,159,'夏邑县',3,'X'),(1356,160,'卫滨区',3,'W'),(1357,160,'红旗区',3,'H'),(1358,160,'凤泉区',3,'F'),(1359,160,'牧野区',3,'M'),(1360,160,'卫辉市',3,'W'),(1361,160,'辉县市',3,'H'),(1362,160,'新乡县',3,'X'),(1363,160,'获嘉县',3,'H'),(1364,160,'原阳县',3,'Y'),(1365,160,'延津县',3,'Y'),(1366,160,'封丘县',3,'F'),(1367,160,'长垣县',3,'C'),(1368,161,'浉河区',3,''),(1369,161,'平桥区',3,'P'),(1370,161,'罗山县',3,'L'),(1371,161,'光山县',3,'G'),(1372,161,'新县',3,'X'),(1373,161,'商城县',3,'S'),(1374,161,'固始县',3,'G'),(1375,161,'潢川县',3,''),(1376,161,'淮滨县',3,'H'),(1377,161,'息县',3,'X'),(1378,162,'魏都区',3,'W'),(1379,162,'禹州市',3,'Y'),(1380,162,'长葛市',3,'C'),(1381,162,'许昌县',3,'X'),(1382,162,'鄢陵县',3,''),(1383,162,'襄城县',3,'X'),(1384,163,'川汇区',3,'C'),(1385,163,'项城市',3,'X'),(1386,163,'扶沟县',3,'F'),(1387,163,'西华县',3,'X'),(1388,163,'商水县',3,'S'),(1389,163,'沈丘县',3,'S'),(1390,163,'郸城县',3,'D'),(1391,163,'淮阳县',3,'H'),(1392,163,'太康县',3,'T'),(1393,163,'鹿邑县',3,'L'),(1394,164,'驿城区',3,''),(1395,164,'西平县',3,'X'),(1396,164,'上蔡县',3,'S'),(1397,164,'平舆县',3,'P'),(1398,164,'正阳县',3,'Z'),(1399,164,'确山县',3,'Q'),(1400,164,'泌阳县',3,'M'),(1401,164,'汝南县',3,'R'),(1402,164,'遂平县',3,'S'),(1403,164,'新蔡县',3,'X'),(1404,165,'郾城区',3,''),(1405,165,'源汇区',3,'Y'),(1406,165,'召陵区',3,'Z'),(1407,165,'舞阳县',3,'W'),(1408,165,'临颍县',3,'L'),(1409,166,'华龙区',3,'H'),(1410,166,'清丰县',3,'Q'),(1411,166,'南乐县',3,'N'),(1412,166,'范县',3,'F'),(1413,166,'台前县',3,'T'),(1414,166,'濮阳县',3,''),(1415,167,'道里区',3,'D'),(1416,167,'南岗区',3,'N'),(1417,167,'动力区',3,'D'),(1418,167,'平房区',3,'P'),(1419,167,'香坊区',3,'X'),(1420,167,'太平区',3,'T'),(1421,167,'道外区',3,'D'),(1422,167,'阿城区',3,'A'),(1423,167,'呼兰区',3,'H'),(1424,167,'松北区',3,'S'),(1425,167,'尚志市',3,'S'),(1426,167,'双城市',3,'S'),(1427,167,'五常市',3,'W'),(1428,167,'方正县',3,'F'),(1429,167,'宾县',3,'B'),(1430,167,'依兰县',3,'Y'),(1431,167,'巴彦县',3,'B'),(1432,167,'通河县',3,'T'),(1433,167,'木兰县',3,'M'),(1434,167,'延寿县',3,'Y'),(1435,168,'萨尔图区',3,'S'),(1436,168,'红岗区',3,'H'),(1437,168,'龙凤区',3,'L'),(1438,168,'让胡路区',3,'R'),(1439,168,'大同区',3,'D'),(1440,168,'肇州县',3,'Z'),(1441,168,'肇源县',3,'Z'),(1442,168,'林甸县',3,'L'),(1443,168,'杜尔伯特',3,'D'),(1444,169,'呼玛县',3,'H'),(1445,169,'漠河县',3,'M'),(1446,169,'塔河县',3,'T'),(1447,170,'兴山区',3,'X'),(1448,170,'工农区',3,'G'),(1449,170,'南山区',3,'N'),(1450,170,'兴安区',3,'X'),(1451,170,'向阳区',3,'X'),(1452,170,'东山区',3,'D'),(1453,170,'萝北县',3,'L'),(1454,170,'绥滨县',3,'S'),(1455,171,'爱辉区',3,'A'),(1456,171,'五大连池市',3,'W'),(1457,171,'北安市',3,'B'),(1458,171,'嫩江县',3,'N'),(1459,171,'逊克县',3,'X'),(1460,171,'孙吴县',3,'S'),(1461,172,'鸡冠区',3,'J'),(1462,172,'恒山区',3,'H'),(1463,172,'城子河区',3,'C'),(1464,172,'滴道区',3,'D'),(1465,172,'梨树区',3,'L'),(1466,172,'虎林市',3,'H'),(1467,172,'密山市',3,'M'),(1468,172,'鸡东县',3,'J'),(1469,173,'前进区',3,'Q'),(1470,173,'郊区',3,'J'),(1471,173,'向阳区',3,'X'),(1472,173,'东风区',3,'D'),(1473,173,'同江市',3,'T'),(1474,173,'富锦市',3,'F'),(1475,173,'桦南县',3,''),(1476,173,'桦川县',3,''),(1477,173,'汤原县',3,'T'),(1478,173,'抚远县',3,'F'),(1479,174,'爱民区',3,'A'),(1480,174,'东安区',3,'D'),(1481,174,'阳明区',3,'Y'),(1482,174,'西安区',3,'X'),(1483,174,'绥芬河市',3,'S'),(1484,174,'海林市',3,'H'),(1485,174,'宁安市',3,'N'),(1486,174,'穆棱市',3,'M'),(1487,174,'东宁县',3,'D'),(1488,174,'林口县',3,'L'),(1489,175,'桃山区',3,'T'),(1490,175,'新兴区',3,'X'),(1491,175,'茄子河区',3,'Q'),(1492,175,'勃利县',3,'B'),(1493,176,'龙沙区',3,'L'),(1494,176,'昂昂溪区',3,'A'),(1495,176,'铁峰区',3,'T'),(1496,176,'建华区',3,'J'),(1497,176,'富拉尔基区',3,'F'),(1498,176,'碾子山区',3,'N'),(1499,176,'梅里斯达斡尔区',3,'M'),(1500,176,'讷河市',3,''),(1501,176,'龙江县',3,'L'),(1502,176,'依安县',3,'Y'),(1503,176,'泰来县',3,'T'),(1504,176,'甘南县',3,'G'),(1505,176,'富裕县',3,'F'),(1506,176,'克山县',3,'K'),(1507,176,'克东县',3,'K'),(1508,176,'拜泉县',3,'B'),(1509,177,'尖山区',3,'J'),(1510,177,'岭东区',3,'L'),(1511,177,'四方台区',3,'S'),(1512,177,'宝山区',3,'B'),(1513,177,'集贤县',3,'J'),(1514,177,'友谊县',3,'Y'),(1515,177,'宝清县',3,'B'),(1516,177,'饶河县',3,'R'),(1517,178,'北林区',3,'B'),(1518,178,'安达市',3,'A'),(1519,178,'肇东市',3,'Z'),(1520,178,'海伦市',3,'H'),(1521,178,'望奎县',3,'W'),(1522,178,'兰西县',3,'L'),(1523,178,'青冈县',3,'Q'),(1524,178,'庆安县',3,'Q'),(1525,178,'明水县',3,'M'),(1526,178,'绥棱县',3,'S'),(1527,179,'伊春区',3,'Y'),(1528,179,'带岭区',3,'D'),(1529,179,'南岔区',3,'N'),(1530,179,'金山屯区',3,'J'),(1531,179,'西林区',3,'X'),(1532,179,'美溪区',3,'M'),(1533,179,'乌马河区',3,'W'),(1534,179,'翠峦区',3,'C'),(1535,179,'友好区',3,'Y'),(1536,179,'上甘岭区',3,'S'),(1537,179,'五营区',3,'W'),(1538,179,'红星区',3,'H'),(1539,179,'新青区',3,'X'),(1540,179,'汤旺河区',3,'T'),(1541,179,'乌伊岭区',3,'W'),(1542,179,'铁力市',3,'T'),(1543,179,'嘉荫县',3,'J'),(1544,180,'江岸区',3,'J'),(1545,180,'武昌区',3,'W'),(1546,180,'江汉区',3,'J'),(1547,180,'硚口区',3,''),(1548,180,'汉阳区',3,'H'),(1549,180,'青山区',3,'Q'),(1550,180,'洪山区',3,'H'),(1551,180,'东西湖区',3,'D'),(1552,180,'汉南区',3,'H'),(1553,180,'蔡甸区',3,'C'),(1554,180,'江夏区',3,'J'),(1555,180,'黄陂区',3,'H'),(1556,180,'新洲区',3,'X'),(1557,180,'经济开发区',3,'J'),(1558,181,'仙桃市',3,'X'),(1559,182,'鄂城区',3,'E'),(1560,182,'华容区',3,'H'),(1561,182,'梁子湖区',3,'L'),(1562,183,'黄州区',3,'H'),(1563,183,'麻城市',3,'M'),(1564,183,'武穴市',3,'W'),(1565,183,'团风县',3,'T'),(1566,183,'红安县',3,'H'),(1567,183,'罗田县',3,'L'),(1568,183,'英山县',3,'Y'),(1569,183,'浠水县',3,''),(1570,183,'蕲春县',3,''),(1571,183,'黄梅县',3,'H'),(1572,184,'黄石港区',3,'H'),(1573,184,'西塞山区',3,'X'),(1574,184,'下陆区',3,'X'),(1575,184,'铁山区',3,'T'),(1576,184,'大冶市',3,'D'),(1577,184,'阳新县',3,'Y'),(1578,185,'东宝区',3,'D'),(1579,185,'掇刀区',3,'D'),(1580,185,'钟祥市',3,'Z'),(1581,185,'京山县',3,'J'),(1582,185,'沙洋县',3,'S'),(1583,186,'沙市区',3,'S'),(1584,186,'荆州区',3,'J'),(1585,186,'石首市',3,'S'),(1586,186,'洪湖市',3,'H'),(1587,186,'松滋市',3,'S'),(1588,186,'公安县',3,'G'),(1589,186,'监利县',3,'J'),(1590,186,'江陵县',3,'J'),(1591,187,'潜江市',3,'Q'),(1592,188,'神农架林区',3,'S'),(1593,189,'张湾区',3,'Z'),(1594,189,'茅箭区',3,'M'),(1595,189,'丹江口市',3,'D'),(1596,189,'郧县',3,'Y'),(1597,189,'郧西县',3,'Y'),(1598,189,'竹山县',3,'Z'),(1599,189,'竹溪县',3,'Z'),(1600,189,'房县',3,'F'),(1601,190,'曾都区',3,'Z'),(1602,190,'广水市',3,'G'),(1603,191,'天门市',3,'T'),(1604,192,'咸安区',3,'X'),(1605,192,'赤壁市',3,'C'),(1606,192,'嘉鱼县',3,'J'),(1607,192,'通城县',3,'T'),(1608,192,'崇阳县',3,'C'),(1609,192,'通山县',3,'T'),(1610,193,'襄城区',3,'X'),(1611,193,'樊城区',3,'F'),(1612,193,'襄阳区',3,'X'),(1613,193,'老河口市',3,'L'),(1614,193,'枣阳市',3,'Z'),(1615,193,'宜城市',3,'Y'),(1616,193,'南漳县',3,'N'),(1617,193,'谷城县',3,'G'),(1618,193,'保康县',3,'B'),(1619,194,'孝南区',3,'X'),(1620,194,'应城市',3,'Y'),(1621,194,'安陆市',3,'A'),(1622,194,'汉川市',3,'H'),(1623,194,'孝昌县',3,'X'),(1624,194,'大悟县',3,'D'),(1625,194,'云梦县',3,'Y'),(1626,195,'长阳',3,'C'),(1627,195,'五峰',3,'W'),(1628,195,'西陵区',3,'X'),(1629,195,'伍家岗区',3,'W'),(1630,195,'点军区',3,'D'),(1631,195,'猇亭区',3,''),(1632,195,'夷陵区',3,'Y'),(1633,195,'宜都市',3,'Y'),(1634,195,'当阳市',3,'D'),(1635,195,'枝江市',3,'Z'),(1636,195,'远安县',3,'Y'),(1637,195,'兴山县',3,'X'),(1638,195,'秭归县',3,''),(1639,196,'恩施市',3,'E'),(1640,196,'利川市',3,'L'),(1641,196,'建始县',3,'J'),(1642,196,'巴东县',3,'B'),(1643,196,'宣恩县',3,'X'),(1644,196,'咸丰县',3,'X'),(1645,196,'来凤县',3,'L'),(1646,196,'鹤峰县',3,'H'),(1647,197,'岳麓区',3,'Y'),(1648,197,'芙蓉区',3,''),(1649,197,'天心区',3,'T'),(1650,197,'开福区',3,'K'),(1651,197,'雨花区',3,'Y'),(1652,197,'开发区',3,'K'),(1653,197,'浏阳市',3,''),(1654,197,'长沙县',3,'C'),(1655,197,'望城县',3,'W'),(1656,197,'宁乡县',3,'N'),(1657,198,'永定区',3,'Y'),(1658,198,'武陵源区',3,'W'),(1659,198,'慈利县',3,'C'),(1660,198,'桑植县',3,'S'),(1661,199,'武陵区',3,'W'),(1662,199,'鼎城区',3,'D'),(1663,199,'津市市',3,'J'),(1664,199,'安乡县',3,'A'),(1665,199,'汉寿县',3,'H'),(1666,199,'澧县',3,''),(1667,199,'临澧县',3,'L'),(1668,199,'桃源县',3,'T'),(1669,199,'石门县',3,'S'),(1670,200,'北湖区',3,'B'),(1671,200,'苏仙区',3,'S'),(1672,200,'资兴市',3,'Z'),(1673,200,'桂阳县',3,'G'),(1674,200,'宜章县',3,'Y'),(1675,200,'永兴县',3,'Y'),(1676,200,'嘉禾县',3,'J'),(1677,200,'临武县',3,'L'),(1678,200,'汝城县',3,'R'),(1679,200,'桂东县',3,'G'),(1680,200,'安仁县',3,'A'),(1681,201,'雁峰区',3,'Y'),(1682,201,'珠晖区',3,'Z'),(1683,201,'石鼓区',3,'S'),(1684,201,'蒸湘区',3,'Z'),(1685,201,'南岳区',3,'N'),(1686,201,'耒阳市',3,''),(1687,201,'常宁市',3,'C'),(1688,201,'衡阳县',3,'H'),(1689,201,'衡南县',3,'H'),(1690,201,'衡山县',3,'H'),(1691,201,'衡东县',3,'H'),(1692,201,'祁东县',3,'Q'),(1693,202,'鹤城区',3,'H'),(1694,202,'靖州',3,'J'),(1695,202,'麻阳',3,'M'),(1696,202,'通道',3,'T'),(1697,202,'新晃',3,'X'),(1698,202,'芷江',3,''),(1699,202,'沅陵县',3,''),(1700,202,'辰溪县',3,'C'),(1701,202,'溆浦县',3,''),(1702,202,'中方县',3,'Z'),(1703,202,'会同县',3,'H'),(1704,202,'洪江市',3,'H'),(1705,203,'娄星区',3,'L'),(1706,203,'冷水江市',3,'L'),(1707,203,'涟源市',3,'L'),(1708,203,'双峰县',3,'S'),(1709,203,'新化县',3,'X'),(1710,204,'城步',3,'C'),(1711,204,'双清区',3,'S'),(1712,204,'大祥区',3,'D'),(1713,204,'北塔区',3,'B'),(1714,204,'武冈市',3,'W'),(1715,204,'邵东县',3,'S'),(1716,204,'新邵县',3,'X'),(1717,204,'邵阳县',3,'S'),(1718,204,'隆回县',3,'L'),(1719,204,'洞口县',3,'D'),(1720,204,'绥宁县',3,'S'),(1721,204,'新宁县',3,'X'),(1722,205,'岳塘区',3,'Y'),(1723,205,'雨湖区',3,'Y'),(1724,205,'湘乡市',3,'X'),(1725,205,'韶山市',3,'S'),(1726,205,'湘潭县',3,'X'),(1727,206,'吉首市',3,'J'),(1728,206,'泸溪县',3,''),(1729,206,'凤凰县',3,'F'),(1730,206,'花垣县',3,'H'),(1731,206,'保靖县',3,'B'),(1732,206,'古丈县',3,'G'),(1733,206,'永顺县',3,'Y'),(1734,206,'龙山县',3,'L'),(1735,207,'赫山区',3,'H'),(1736,207,'资阳区',3,'Z'),(1737,207,'沅江市',3,''),(1738,207,'南县',3,'N'),(1739,207,'桃江县',3,'T'),(1740,207,'安化县',3,'A'),(1741,208,'江华',3,'J'),(1742,208,'冷水滩区',3,'L'),(1743,208,'零陵区',3,'L'),(1744,208,'祁阳县',3,'Q'),(1745,208,'东安县',3,'D'),(1746,208,'双牌县',3,'S'),(1747,208,'道县',3,'D'),(1748,208,'江永县',3,'J'),(1749,208,'宁远县',3,'N'),(1750,208,'蓝山县',3,'L'),(1751,208,'新田县',3,'X'),(1752,209,'岳阳楼区',3,'Y'),(1753,209,'君山区',3,'J'),(1754,209,'云溪区',3,'Y'),(1755,209,'汨罗市',3,''),(1756,209,'临湘市',3,'L'),(1757,209,'岳阳县',3,'Y'),(1758,209,'华容县',3,'H'),(1759,209,'湘阴县',3,'X'),(1760,209,'平江县',3,'P'),(1761,210,'天元区',3,'T'),(1762,210,'荷塘区',3,'H'),(1763,210,'芦淞区',3,'L'),(1764,210,'石峰区',3,'S'),(1765,210,'醴陵市',3,''),(1766,210,'株洲县',3,'Z'),(1767,210,'攸县',3,''),(1768,210,'茶陵县',3,'C'),(1769,210,'炎陵县',3,'Y'),(1770,211,'朝阳区',3,'C'),(1771,211,'宽城区',3,'K'),(1772,211,'二道区',3,'E'),(1773,211,'南关区',3,'N'),(1774,211,'绿园区',3,'L'),(1775,211,'双阳区',3,'S'),(1776,211,'净月潭开发区',3,'J'),(1777,211,'高新技术开发区',3,'G'),(1778,211,'经济技术开发区',3,'J'),(1779,211,'汽车产业开发区',3,'Q'),(1780,211,'德惠市',3,'D'),(1781,211,'九台市',3,'J'),(1782,211,'榆树市',3,'Y'),(1783,211,'农安县',3,'N'),(1784,212,'船营区',3,'C'),(1785,212,'昌邑区',3,'C'),(1786,212,'龙潭区',3,'L'),(1787,212,'丰满区',3,'F'),(1788,212,'蛟河市',3,''),(1789,212,'桦甸市',3,''),(1790,212,'舒兰市',3,'S'),(1791,212,'磐石市',3,'P'),(1792,212,'永吉县',3,'Y'),(1793,213,'洮北区',3,''),(1794,213,'洮南市',3,''),(1795,213,'大安市',3,'D'),(1796,213,'镇赉县',3,'Z'),(1797,213,'通榆县',3,'T'),(1798,214,'江源区',3,'J'),(1799,214,'八道江区',3,'B'),(1800,214,'长白',3,'C'),(1801,214,'临江市',3,'L'),(1802,214,'抚松县',3,'F'),(1803,214,'靖宇县',3,'J'),(1804,215,'龙山区',3,'L'),(1805,215,'西安区',3,'X'),(1806,215,'东丰县',3,'D'),(1807,215,'东辽县',3,'D'),(1808,216,'铁西区',3,'T'),(1809,216,'铁东区',3,'T'),(1810,216,'伊通',3,'Y'),(1811,216,'公主岭市',3,'G'),(1812,216,'双辽市',3,'S'),(1813,216,'梨树县',3,'L'),(1814,217,'前郭尔罗斯',3,'Q'),(1815,217,'宁江区',3,'N'),(1816,217,'长岭县',3,'C'),(1817,217,'乾安县',3,'Q'),(1818,217,'扶余县',3,'F'),(1819,218,'东昌区',3,'D'),(1820,218,'二道江区',3,'E'),(1821,218,'梅河口市',3,'M'),(1822,218,'集安市',3,'J'),(1823,218,'通化县',3,'T'),(1824,218,'辉南县',3,'H'),(1825,218,'柳河县',3,'L'),(1826,219,'延吉市',3,'Y'),(1827,219,'图们市',3,'T'),(1828,219,'敦化市',3,'D'),(1829,219,'珲春市',3,''),(1830,219,'龙井市',3,'L'),(1831,219,'和龙市',3,'H'),(1832,219,'安图县',3,'A'),(1833,219,'汪清县',3,'W'),(1834,220,'玄武区',3,'X'),(1835,220,'鼓楼区',3,'G'),(1836,220,'白下区',3,'B'),(1837,220,'建邺区',3,'J'),(1838,220,'秦淮区',3,'Q'),(1839,220,'雨花台区',3,'Y'),(1840,220,'下关区',3,'X'),(1841,220,'栖霞区',3,'Q'),(1842,220,'浦口区',3,'P'),(1843,220,'江宁区',3,'J'),(1844,220,'六合区',3,'L'),(1845,220,'溧水县',3,''),(1846,220,'高淳县',3,'G'),(1847,221,'沧浪区',3,'C'),(1848,221,'金阊区',3,'J'),(1849,221,'平江区',3,'P'),(1850,221,'虎丘区',3,'H'),(1851,221,'吴中区',3,'W'),(1852,221,'相城区',3,'X'),(1853,221,'园区',3,'Y'),(1854,221,'新区',3,'X'),(1855,221,'常熟市',3,'C'),(1856,221,'张家港市',3,'Z'),(1857,221,'玉山镇',3,'Y'),(1858,221,'巴城镇',3,'B'),(1859,221,'周市镇',3,'Z'),(1860,221,'陆家镇',3,'L'),(1861,221,'花桥镇',3,'H'),(1862,221,'淀山湖镇',3,'D'),(1863,221,'张浦镇',3,'Z'),(1864,221,'周庄镇',3,'Z'),(1865,221,'千灯镇',3,'Q'),(1866,221,'锦溪镇',3,'J'),(1867,221,'开发区',3,'K'),(1868,221,'吴江市',3,'W'),(1869,221,'太仓市',3,'T'),(1870,222,'崇安区',3,'C'),(1871,222,'北塘区',3,'B'),(1872,222,'南长区',3,'N'),(1873,222,'锡山区',3,'X'),(1874,222,'惠山区',3,'H'),(1875,222,'滨湖区',3,'B'),(1876,222,'新区',3,'X'),(1877,222,'江阴市',3,'J'),(1878,222,'宜兴市',3,'Y'),(1879,223,'天宁区',3,'T'),(1880,223,'钟楼区',3,'Z'),(1881,223,'戚墅堰区',3,'Q'),(1882,223,'郊区',3,'J'),(1883,223,'新北区',3,'X'),(1884,223,'武进区',3,'W'),(1885,223,'溧阳市',3,''),(1886,223,'金坛市',3,'J'),(1887,224,'清河区',3,'Q'),(1888,224,'清浦区',3,'Q'),(1889,224,'楚州区',3,'C'),(1890,224,'淮阴区',3,'H'),(1891,224,'涟水县',3,'L'),(1892,224,'洪泽县',3,'H'),(1893,224,'盱眙县',3,''),(1894,224,'金湖县',3,'J'),(1895,225,'新浦区',3,'X'),(1896,225,'连云区',3,'L'),(1897,225,'海州区',3,'H'),(1898,225,'赣榆县',3,'G'),(1899,225,'东海县',3,'D'),(1900,225,'灌云县',3,'G'),(1901,225,'灌南县',3,'G'),(1902,226,'崇川区',3,'C'),(1903,226,'港闸区',3,'G'),(1904,226,'经济开发区',3,'J'),(1905,226,'启东市',3,'Q'),(1906,226,'如皋市',3,'R'),(1907,226,'通州市',3,'T'),(1908,226,'海门市',3,'H'),(1909,226,'海安县',3,'H'),(1910,226,'如东县',3,'R'),(1911,227,'宿城区',3,'S'),(1912,227,'宿豫区',3,'S'),(1913,227,'宿豫县',3,'S'),(1914,227,'沭阳县',3,''),(1915,227,'泗阳县',3,''),(1916,227,'泗洪县',3,''),(1917,228,'海陵区',3,'H'),(1918,228,'高港区',3,'G'),(1919,228,'兴化市',3,'X'),(1920,228,'靖江市',3,'J'),(1921,228,'泰兴市',3,'T'),(1922,228,'姜堰市',3,'J'),(1923,229,'云龙区',3,'Y'),(1924,229,'鼓楼区',3,'G'),(1925,229,'九里区',3,'J'),(1926,229,'贾汪区',3,'J'),(1927,229,'泉山区',3,'Q'),(1928,229,'新沂市',3,'X'),(1929,229,'邳州市',3,''),(1930,229,'丰县',3,'F'),(1931,229,'沛县',3,'P'),(1932,229,'铜山县',3,'T'),(1933,229,'睢宁县',3,''),(1934,230,'城区',3,'C'),(1935,230,'亭湖区',3,'T'),(1936,230,'盐都区',3,'Y'),(1937,230,'盐都县',3,'Y'),(1938,230,'东台市',3,'D'),(1939,230,'大丰市',3,'D'),(1940,230,'响水县',3,'X'),(1941,230,'滨海县',3,'B'),(1942,230,'阜宁县',3,'F'),(1943,230,'射阳县',3,'S'),(1944,230,'建湖县',3,'J'),(1945,231,'广陵区',3,'G'),(1946,231,'维扬区',3,'W'),(1947,231,'邗江区',3,''),(1948,231,'仪征市',3,'Y'),(1949,231,'高邮市',3,'G'),(1950,231,'江都市',3,'J'),(1951,231,'宝应县',3,'B'),(1952,232,'京口区',3,'J'),(1953,232,'润州区',3,'R'),(1954,232,'丹徒区',3,'D'),(1955,232,'丹阳市',3,'D'),(1956,232,'扬中市',3,'Y'),(1957,232,'句容市',3,'J'),(1958,233,'东湖区',3,'D'),(1959,233,'西湖区',3,'X'),(1960,233,'青云谱区',3,'Q'),(1961,233,'湾里区',3,'W'),(1962,233,'青山湖区',3,'Q'),(1963,233,'红谷滩新区',3,'H'),(1964,233,'昌北区',3,'C'),(1965,233,'高新区',3,'G'),(1966,233,'南昌县',3,'N'),(1967,233,'新建县',3,'X'),(1968,233,'安义县',3,'A'),(1969,233,'进贤县',3,'J'),(1970,234,'临川区',3,'L'),(1971,234,'南城县',3,'N'),(1972,234,'黎川县',3,'L'),(1973,234,'南丰县',3,'N'),(1974,234,'崇仁县',3,'C'),(1975,234,'乐安县',3,'L'),(1976,234,'宜黄县',3,'Y'),(1977,234,'金溪县',3,'J'),(1978,234,'资溪县',3,'Z'),(1979,234,'东乡县',3,'D'),(1980,234,'广昌县',3,'G'),(1981,235,'章贡区',3,'Z'),(1982,235,'于都县',3,'Y'),(1983,235,'瑞金市',3,'R'),(1984,235,'南康市',3,'N'),(1985,235,'赣县',3,'G'),(1986,235,'信丰县',3,'X'),(1987,235,'大余县',3,'D'),(1988,235,'上犹县',3,'S'),(1989,235,'崇义县',3,'C'),(1990,235,'安远县',3,'A'),(1991,235,'龙南县',3,'L'),(1992,235,'定南县',3,'D'),(1993,235,'全南县',3,'Q'),(1994,235,'宁都县',3,'N'),(1995,235,'兴国县',3,'X'),(1996,235,'会昌县',3,'H'),(1997,235,'寻乌县',3,'X'),(1998,235,'石城县',3,'S'),(1999,236,'安福县',3,'A'),(2000,236,'吉州区',3,'J'),(2001,236,'青原区',3,'Q'),(2002,236,'井冈山市',3,'J'),(2003,236,'吉安县',3,'J'),(2004,236,'吉水县',3,'J'),(2005,236,'峡江县',3,'X'),(2006,236,'新干县',3,'X'),(2007,236,'永丰县',3,'Y'),(2008,236,'泰和县',3,'T'),(2009,236,'遂川县',3,'S'),(2010,236,'万安县',3,'W'),(2011,236,'永新县',3,'Y'),(2012,237,'珠山区',3,'Z'),(2013,237,'昌江区',3,'C'),(2014,237,'乐平市',3,'L'),(2015,237,'浮梁县',3,'F'),(2016,238,'浔阳区',3,''),(2017,238,'庐山区',3,'L'),(2018,238,'瑞昌市',3,'R'),(2019,238,'九江县',3,'J'),(2020,238,'武宁县',3,'W'),(2021,238,'修水县',3,'X'),(2022,238,'永修县',3,'Y'),(2023,238,'德安县',3,'D'),(2024,238,'星子县',3,'X'),(2025,238,'都昌县',3,'D'),(2026,238,'湖口县',3,'H'),(2027,238,'彭泽县',3,'P'),(2028,239,'安源区',3,'A'),(2029,239,'湘东区',3,'X'),(2030,239,'莲花县',3,'L'),(2031,239,'芦溪县',3,'L'),(2032,239,'上栗县',3,'S'),(2033,240,'信州区',3,'X'),(2034,240,'德兴市',3,'D'),(2035,240,'上饶县',3,'S'),(2036,240,'广丰县',3,'G'),(2037,240,'玉山县',3,'Y'),(2038,240,'铅山县',3,'Q'),(2039,240,'横峰县',3,'H'),(2040,240,'弋阳县',3,''),(2041,240,'余干县',3,'Y'),(2042,240,'波阳县',3,'B'),(2043,240,'万年县',3,'W'),(2044,240,'婺源县',3,''),(2045,241,'渝水区',3,'Y'),(2046,241,'分宜县',3,'F'),(2047,242,'袁州区',3,'Y'),(2048,242,'丰城市',3,'F'),(2049,242,'樟树市',3,'Z'),(2050,242,'高安市',3,'G'),(2051,242,'奉新县',3,'F'),(2052,242,'万载县',3,'W'),(2053,242,'上高县',3,'S'),(2054,242,'宜丰县',3,'Y'),(2055,242,'靖安县',3,'J'),(2056,242,'铜鼓县',3,'T'),(2057,243,'月湖区',3,'Y'),(2058,243,'贵溪市',3,'G'),(2059,243,'余江县',3,'Y'),(2060,244,'沈河区',3,'S'),(2061,244,'皇姑区',3,'H'),(2062,244,'和平区',3,'H'),(2063,244,'大东区',3,'D'),(2064,244,'铁西区',3,'T'),(2065,244,'苏家屯区',3,'S'),(2066,244,'东陵区',3,'D'),(2067,244,'沈北新区',3,'S'),(2068,244,'于洪区',3,'Y'),(2069,244,'浑南新区',3,'H'),(2070,244,'新民市',3,'X'),(2071,244,'辽中县',3,'L'),(2072,244,'康平县',3,'K'),(2073,244,'法库县',3,'F'),(2074,245,'西岗区',3,'X'),(2075,245,'中山区',3,'Z'),(2076,245,'沙河口区',3,'S'),(2077,245,'甘井子区',3,'G'),(2078,245,'旅顺口区',3,'L'),(2079,245,'金州区',3,'J'),(2080,245,'开发区',3,'K'),(2081,245,'瓦房店市',3,'W'),(2082,245,'普兰店市',3,'P'),(2083,245,'庄河市',3,'Z'),(2084,245,'长海县',3,'C'),(2085,246,'铁东区',3,'T'),(2086,246,'铁西区',3,'T'),(2087,246,'立山区',3,'L'),(2088,246,'千山区',3,'Q'),(2089,246,'岫岩',3,''),(2090,246,'海城市',3,'H'),(2091,246,'台安县',3,'T'),(2092,247,'本溪',3,'B'),(2093,247,'平山区',3,'P'),(2094,247,'明山区',3,'M'),(2095,247,'溪湖区',3,'X'),(2096,247,'南芬区',3,'N'),(2097,247,'桓仁',3,'H'),(2098,248,'双塔区',3,'S'),(2099,248,'龙城区',3,'L'),(2100,248,'喀喇沁左翼蒙古族自治县',3,'K'),(2101,248,'北票市',3,'B'),(2102,248,'凌源市',3,'L'),(2103,248,'朝阳县',3,'C'),(2104,248,'建平县',3,'J'),(2105,249,'振兴区',3,'Z'),(2106,249,'元宝区',3,'Y'),(2107,249,'振安区',3,'Z'),(2108,249,'宽甸',3,'K'),(2109,249,'东港市',3,'D'),(2110,249,'凤城市',3,'F'),(2111,250,'顺城区',3,'S'),(2112,250,'新抚区',3,'X'),(2113,250,'东洲区',3,'D'),(2114,250,'望花区',3,'W'),(2115,250,'清原',3,'Q'),(2116,250,'新宾',3,'X'),(2117,250,'抚顺县',3,'F'),(2118,251,'阜新',3,'F'),(2119,251,'海州区',3,'H'),(2120,251,'新邱区',3,'X'),(2121,251,'太平区',3,'T'),(2122,251,'清河门区',3,'Q'),(2123,251,'细河区',3,'X'),(2124,251,'彰武县',3,'Z'),(2125,252,'龙港区',3,'L'),(2126,252,'南票区',3,'N'),(2127,252,'连山区',3,'L'),(2128,252,'兴城市',3,'X'),(2129,252,'绥中县',3,'S'),(2130,252,'建昌县',3,'J'),(2131,253,'太和区',3,'T'),(2132,253,'古塔区',3,'G'),(2133,253,'凌河区',3,'L'),(2134,253,'凌海市',3,'L'),(2135,253,'北镇市',3,'B'),(2136,253,'黑山县',3,'H'),(2137,253,'义县',3,'Y'),(2138,254,'白塔区',3,'B'),(2139,254,'文圣区',3,'W'),(2140,254,'宏伟区',3,'H'),(2141,254,'太子河区',3,'T'),(2142,254,'弓长岭区',3,'G'),(2143,254,'灯塔市',3,'D'),(2144,254,'辽阳县',3,'L'),(2145,255,'双台子区',3,'S'),(2146,255,'兴隆台区',3,'X'),(2147,255,'大洼县',3,'D'),(2148,255,'盘山县',3,'P'),(2149,256,'银州区',3,'Y'),(2150,256,'清河区',3,'Q'),(2151,256,'调兵山市',3,'D'),(2152,256,'开原市',3,'K'),(2153,256,'铁岭县',3,'T'),(2154,256,'西丰县',3,'X'),(2155,256,'昌图县',3,'C'),(2156,257,'站前区',3,'Z'),(2157,257,'西市区',3,'X'),(2158,257,'鲅鱼圈区',3,''),(2159,257,'老边区',3,'L'),(2160,257,'盖州市',3,'G'),(2161,257,'大石桥市',3,'D'),(2162,258,'回民区',3,'H'),(2163,258,'玉泉区',3,'Y'),(2164,258,'新城区',3,'X'),(2165,258,'赛罕区',3,'S'),(2166,258,'清水河县',3,'Q'),(2167,258,'土默特左旗',3,'T'),(2168,258,'托克托县',3,'T'),(2169,258,'和林格尔县',3,'H'),(2170,258,'武川县',3,'W'),(2171,259,'阿拉善左旗',3,'A'),(2172,259,'阿拉善右旗',3,'A'),(2173,259,'额济纳旗',3,'E'),(2174,260,'临河区',3,'L'),(2175,260,'五原县',3,'W'),(2176,260,'磴口县',3,''),(2177,260,'乌拉特前旗',3,'W'),(2178,260,'乌拉特中旗',3,'W'),(2179,260,'乌拉特后旗',3,'W'),(2180,260,'杭锦后旗',3,'H'),(2181,261,'昆都仑区',3,'K'),(2182,261,'青山区',3,'Q'),(2183,261,'东河区',3,'D'),(2184,261,'九原区',3,'J'),(2185,261,'石拐区',3,'S'),(2186,261,'白云矿区',3,'B'),(2187,261,'土默特右旗',3,'T'),(2188,261,'固阳县',3,'G'),(2189,261,'达尔罕茂明安联合旗',3,'D'),(2190,262,'红山区',3,'H'),(2191,262,'元宝山区',3,'Y'),(2192,262,'松山区',3,'S'),(2193,262,'阿鲁科尔沁旗',3,'A'),(2194,262,'巴林左旗',3,'B'),(2195,262,'巴林右旗',3,'B'),(2196,262,'林西县',3,'L'),(2197,262,'克什克腾旗',3,'K'),(2198,262,'翁牛特旗',3,'W'),(2199,262,'喀喇沁旗',3,'K'),(2200,262,'宁城县',3,'N'),(2201,262,'敖汉旗',3,'A'),(2202,263,'东胜区',3,'D'),(2203,263,'达拉特旗',3,'D'),(2204,263,'准格尔旗',3,'Z'),(2205,263,'鄂托克前旗',3,'E'),(2206,263,'鄂托克旗',3,'E'),(2207,263,'杭锦旗',3,'H'),(2208,263,'乌审旗',3,'W'),(2209,263,'伊金霍洛旗',3,'Y'),(2210,264,'海拉尔区',3,'H'),(2211,264,'莫力达瓦',3,'M'),(2212,264,'满洲里市',3,'M'),(2213,264,'牙克石市',3,'Y'),(2214,264,'扎兰屯市',3,'Z'),(2215,264,'额尔古纳市',3,'E'),(2216,264,'根河市',3,'G'),(2217,264,'阿荣旗',3,'A'),(2218,264,'鄂伦春自治旗',3,'E'),(2219,264,'鄂温克族自治旗',3,'E'),(2220,264,'陈巴尔虎旗',3,'C'),(2221,264,'新巴尔虎左旗',3,'X'),(2222,264,'新巴尔虎右旗',3,'X'),(2223,265,'科尔沁区',3,'K'),(2224,265,'霍林郭勒市',3,'H'),(2225,265,'科尔沁左翼中旗',3,'K'),(2226,265,'科尔沁左翼后旗',3,'K'),(2227,265,'开鲁县',3,'K'),(2228,265,'库伦旗',3,'K'),(2229,265,'奈曼旗',3,'N'),(2230,265,'扎鲁特旗',3,'Z'),(2231,266,'海勃湾区',3,'H'),(2232,266,'乌达区',3,'W'),(2233,266,'海南区',3,'H'),(2234,267,'化德县',3,'H'),(2235,267,'集宁区',3,'J'),(2236,267,'丰镇市',3,'F'),(2237,267,'卓资县',3,'Z'),(2238,267,'商都县',3,'S'),(2239,267,'兴和县',3,'X'),(2240,267,'凉城县',3,'L'),(2241,267,'察哈尔右翼前旗',3,'C'),(2242,267,'察哈尔右翼中旗',3,'C'),(2243,267,'察哈尔右翼后旗',3,'C'),(2244,267,'四子王旗',3,'S'),(2245,268,'二连浩特市',3,'E'),(2246,268,'锡林浩特市',3,'X'),(2247,268,'阿巴嘎旗',3,'A'),(2248,268,'苏尼特左旗',3,'S'),(2249,268,'苏尼特右旗',3,'S'),(2250,268,'东乌珠穆沁旗',3,'D'),(2251,268,'西乌珠穆沁旗',3,'X'),(2252,268,'太仆寺旗',3,'T'),(2253,268,'镶黄旗',3,'X'),(2254,268,'正镶白旗',3,'Z'),(2255,268,'正蓝旗',3,'Z'),(2256,268,'多伦县',3,'D'),(2257,269,'乌兰浩特市',3,'W'),(2258,269,'阿尔山市',3,'A'),(2259,269,'科尔沁右翼前旗',3,'K'),(2260,269,'科尔沁右翼中旗',3,'K'),(2261,269,'扎赉特旗',3,'Z'),(2262,269,'突泉县',3,'T'),(2263,270,'西夏区',3,'X'),(2264,270,'金凤区',3,'J'),(2265,270,'兴庆区',3,'X'),(2266,270,'灵武市',3,'L'),(2267,270,'永宁县',3,'Y'),(2268,270,'贺兰县',3,'H'),(2269,271,'原州区',3,'Y'),(2270,271,'海原县',3,'H'),(2271,271,'西吉县',3,'X'),(2272,271,'隆德县',3,'L'),(2273,271,'泾源县',3,''),(2274,271,'彭阳县',3,'P'),(2275,272,'惠农县',3,'H'),(2276,272,'大武口区',3,'D'),(2277,272,'惠农区',3,'H'),(2278,272,'陶乐县',3,'T'),(2279,272,'平罗县',3,'P'),(2280,273,'利通区',3,'L'),(2281,273,'中卫县',3,'Z'),(2282,273,'青铜峡市',3,'Q'),(2283,273,'中宁县',3,'Z'),(2284,273,'盐池县',3,'Y'),(2285,273,'同心县',3,'T'),(2286,274,'沙坡头区',3,'S'),(2287,274,'海原县',3,'H'),(2288,274,'中宁县',3,'Z'),(2289,275,'城中区',3,'C'),(2290,275,'城东区',3,'C'),(2291,275,'城西区',3,'C'),(2292,275,'城北区',3,'C'),(2293,275,'湟中县',3,''),(2294,275,'湟源县',3,''),(2295,275,'大通',3,'D'),(2296,276,'玛沁县',3,'M'),(2297,276,'班玛县',3,'B'),(2298,276,'甘德县',3,'G'),(2299,276,'达日县',3,'D'),(2300,276,'久治县',3,'J'),(2301,276,'玛多县',3,'M'),(2302,277,'海晏县',3,'H'),(2303,277,'祁连县',3,'Q'),(2304,277,'刚察县',3,'G'),(2305,277,'门源',3,'M'),(2306,278,'平安县',3,'P'),(2307,278,'乐都县',3,'L'),(2308,278,'民和',3,'M'),(2309,278,'互助',3,'H'),(2310,278,'化隆',3,'H'),(2311,278,'循化',3,'X'),(2312,279,'共和县',3,'G'),(2313,279,'同德县',3,'T'),(2314,279,'贵德县',3,'G'),(2315,279,'兴海县',3,'X'),(2316,279,'贵南县',3,'G'),(2317,280,'德令哈市',3,'D'),(2318,280,'格尔木市',3,'G'),(2319,280,'乌兰县',3,'W'),(2320,280,'都兰县',3,'D'),(2321,280,'天峻县',3,'T'),(2322,281,'同仁县',3,'T'),(2323,281,'尖扎县',3,'J'),(2324,281,'泽库县',3,'Z'),(2325,281,'河南蒙古族自治县',3,'H'),(2326,282,'玉树县',3,'Y'),(2327,282,'杂多县',3,'Z'),(2328,282,'称多县',3,'C'),(2329,282,'治多县',3,'Z'),(2330,282,'囊谦县',3,'N'),(2331,282,'曲麻莱县',3,'Q'),(2332,283,'市中区',3,'S'),(2333,283,'历下区',3,'L'),(2334,283,'天桥区',3,'T'),(2335,283,'槐荫区',3,'H'),(2336,283,'历城区',3,'L'),(2337,283,'长清区',3,'C'),(2338,283,'章丘市',3,'Z'),(2339,283,'平阴县',3,'P'),(2340,283,'济阳县',3,'J'),(2341,283,'商河县',3,'S'),(2342,284,'市南区',3,'S'),(2343,284,'市北区',3,'S'),(2344,284,'城阳区',3,'C'),(2345,284,'四方区',3,'S'),(2346,284,'李沧区',3,'L'),(2347,284,'黄岛区',3,'H'),(2348,284,'崂山区',3,''),(2349,284,'胶州市',3,'J'),(2350,284,'即墨市',3,'J'),(2351,284,'平度市',3,'P'),(2352,284,'胶南市',3,'J'),(2353,284,'莱西市',3,'L'),(2354,285,'滨城区',3,'B'),(2355,285,'惠民县',3,'H'),(2356,285,'阳信县',3,'Y'),(2357,285,'无棣县',3,'W'),(2358,285,'沾化县',3,'Z'),(2359,285,'博兴县',3,'B'),(2360,285,'邹平县',3,'Z'),(2361,286,'德城区',3,'D'),(2362,286,'陵县',3,'L'),(2363,286,'乐陵市',3,'L'),(2364,286,'禹城市',3,'Y'),(2365,286,'宁津县',3,'N'),(2366,286,'庆云县',3,'Q'),(2367,286,'临邑县',3,'L'),(2368,286,'齐河县',3,'Q'),(2369,286,'平原县',3,'P'),(2370,286,'夏津县',3,'X'),(2371,286,'武城县',3,'W'),(2372,287,'东营区',3,'D'),(2373,287,'河口区',3,'H'),(2374,287,'垦利县',3,'K'),(2375,287,'利津县',3,'L'),(2376,287,'广饶县',3,'G'),(2377,288,'牡丹区',3,'M'),(2378,288,'曹县',3,'C'),(2379,288,'单县',3,'D'),(2380,288,'成武县',3,'C'),(2381,288,'巨野县',3,'J'),(2382,288,'郓城县',3,''),(2383,288,'鄄城县',3,''),(2384,288,'定陶县',3,'D'),(2385,288,'东明县',3,'D'),(2386,289,'市中区',3,'S'),(2387,289,'任城区',3,'R'),(2388,289,'曲阜市',3,'Q'),(2389,289,'兖州市',3,''),(2390,289,'邹城市',3,'Z'),(2391,289,'微山县',3,'W'),(2392,289,'鱼台县',3,'Y'),(2393,289,'金乡县',3,'J'),(2394,289,'嘉祥县',3,'J'),(2395,289,'汶上县',3,''),(2396,289,'泗水县',3,''),(2397,289,'梁山县',3,'L'),(2398,290,'莱城区',3,'L'),(2399,290,'钢城区',3,'G'),(2400,291,'东昌府区',3,'D'),(2401,291,'临清市',3,'L'),(2402,291,'阳谷县',3,'Y'),(2403,291,'莘县',3,''),(2404,291,'茌平县',3,''),(2405,291,'东阿县',3,'D'),(2406,291,'冠县',3,'G'),(2407,291,'高唐县',3,'G'),(2408,292,'兰山区',3,'L'),(2409,292,'罗庄区',3,'L'),(2410,292,'河东区',3,'H'),(2411,292,'沂南县',3,'Y'),(2412,292,'郯城县',3,''),(2413,292,'沂水县',3,'Y'),(2414,292,'苍山县',3,'C'),(2415,292,'费县',3,'F'),(2416,292,'平邑县',3,'P'),(2417,292,'莒南县',3,''),(2418,292,'蒙阴县',3,'M'),(2419,292,'临沭县',3,'L'),(2420,293,'东港区',3,'D'),(2421,293,'岚山区',3,''),(2422,293,'五莲县',3,'W'),(2423,293,'莒县',3,''),(2424,294,'泰山区',3,'T'),(2425,294,'岱岳区',3,''),(2426,294,'新泰市',3,'X'),(2427,294,'肥城市',3,'F'),(2428,294,'宁阳县',3,'N'),(2429,294,'东平县',3,'D'),(2430,295,'荣成市',3,'R'),(2431,295,'乳山市',3,'R'),(2432,295,'环翠区',3,'H'),(2433,295,'文登市',3,'W'),(2434,296,'潍城区',3,'W'),(2435,296,'寒亭区',3,'H'),(2436,296,'坊子区',3,'F'),(2437,296,'奎文区',3,'K'),(2438,296,'青州市',3,'Q'),(2439,296,'诸城市',3,'Z'),(2440,296,'寿光市',3,'S'),(2441,296,'安丘市',3,'A'),(2442,296,'高密市',3,'G'),(2443,296,'昌邑市',3,'C'),(2444,296,'临朐县',3,'L'),(2445,296,'昌乐县',3,'C'),(2446,297,'芝罘区',3,'Z'),(2447,297,'福山区',3,'F'),(2448,297,'牟平区',3,'M'),(2449,297,'莱山区',3,'L'),(2450,297,'开发区',3,'K'),(2451,297,'龙口市',3,'L'),(2452,297,'莱阳市',3,'L'),(2453,297,'莱州市',3,'L'),(2454,297,'蓬莱市',3,'P'),(2455,297,'招远市',3,'Z'),(2456,297,'栖霞市',3,'Q'),(2457,297,'海阳市',3,'H'),(2458,297,'长岛县',3,'C'),(2459,298,'市中区',3,'S'),(2460,298,'山亭区',3,'S'),(2461,298,'峄城区',3,''),(2462,298,'台儿庄区',3,'T'),(2463,298,'薛城区',3,'X'),(2464,298,'滕州市',3,''),(2465,299,'张店区',3,'Z'),(2466,299,'临淄区',3,'L'),(2467,299,'淄川区',3,'Z'),(2468,299,'博山区',3,'B'),(2469,299,'周村区',3,'Z'),(2470,299,'桓台县',3,'H'),(2471,299,'高青县',3,'G'),(2472,299,'沂源县',3,'Y'),(2473,300,'杏花岭区',3,'X'),(2474,300,'小店区',3,'X'),(2475,300,'迎泽区',3,'Y'),(2476,300,'尖草坪区',3,'J'),(2477,300,'万柏林区',3,'W'),(2478,300,'晋源区',3,'J'),(2479,300,'高新开发区',3,'G'),(2480,300,'民营经济开发区',3,'M'),(2481,300,'经济技术开发区',3,'J'),(2482,300,'清徐县',3,'Q'),(2483,300,'阳曲县',3,'Y'),(2484,300,'娄烦县',3,'L'),(2485,300,'古交市',3,'G'),(2486,301,'城区',3,'C'),(2487,301,'郊区',3,'J'),(2488,301,'沁县',3,'Q'),(2489,301,'潞城市',3,'L'),(2490,301,'长治县',3,'C'),(2491,301,'襄垣县',3,'X'),(2492,301,'屯留县',3,'T'),(2493,301,'平顺县',3,'P'),(2494,301,'黎城县',3,'L'),(2495,301,'壶关县',3,'H'),(2496,301,'长子县',3,'C'),(2497,301,'武乡县',3,'W'),(2498,301,'沁源县',3,'Q'),(2499,302,'城区',3,'C'),(2500,302,'矿区',3,'K'),(2501,302,'南郊区',3,'N'),(2502,302,'新荣区',3,'X'),(2503,302,'阳高县',3,'Y'),(2504,302,'天镇县',3,'T'),(2505,302,'广灵县',3,'G'),(2506,302,'灵丘县',3,'L'),(2507,302,'浑源县',3,'H'),(2508,302,'左云县',3,'Z'),(2509,302,'大同县',3,'D'),(2510,303,'城区',3,'C'),(2511,303,'高平市',3,'G'),(2512,303,'沁水县',3,'Q'),(2513,303,'阳城县',3,'Y'),(2514,303,'陵川县',3,'L'),(2515,303,'泽州县',3,'Z'),(2516,304,'榆次区',3,'Y'),(2517,304,'介休市',3,'J'),(2518,304,'榆社县',3,'Y'),(2519,304,'左权县',3,'Z'),(2520,304,'和顺县',3,'H'),(2521,304,'昔阳县',3,'X'),(2522,304,'寿阳县',3,'S'),(2523,304,'太谷县',3,'T'),(2524,304,'祁县',3,'Q'),(2525,304,'平遥县',3,'P'),(2526,304,'灵石县',3,'L'),(2527,305,'尧都区',3,'Y'),(2528,305,'侯马市',3,'H'),(2529,305,'霍州市',3,'H'),(2530,305,'曲沃县',3,'Q'),(2531,305,'翼城县',3,'Y'),(2532,305,'襄汾县',3,'X'),(2533,305,'洪洞县',3,'H'),(2534,305,'吉县',3,'J'),(2535,305,'安泽县',3,'A'),(2536,305,'浮山县',3,'F'),(2537,305,'古县',3,'G'),(2538,305,'乡宁县',3,'X'),(2539,305,'大宁县',3,'D'),(2540,305,'隰县',3,''),(2541,305,'永和县',3,'Y'),(2542,305,'蒲县',3,'P'),(2543,305,'汾西县',3,'F'),(2544,306,'离石市',3,'L'),(2545,306,'离石区',3,'L'),(2546,306,'孝义市',3,'X'),(2547,306,'汾阳市',3,'F'),(2548,306,'文水县',3,'W'),(2549,306,'交城县',3,'J'),(2550,306,'兴县',3,'X'),(2551,306,'临县',3,'L'),(2552,306,'柳林县',3,'L'),(2553,306,'石楼县',3,'S'),(2554,306,'岚县',3,''),(2555,306,'方山县',3,'F'),(2556,306,'中阳县',3,'Z'),(2557,306,'交口县',3,'J'),(2558,307,'朔城区',3,'S'),(2559,307,'平鲁区',3,'P'),(2560,307,'山阴县',3,'S'),(2561,307,'应县',3,'Y'),(2562,307,'右玉县',3,'Y'),(2563,307,'怀仁县',3,'H'),(2564,308,'忻府区',3,'X'),(2565,308,'原平市',3,'Y'),(2566,308,'定襄县',3,'D'),(2567,308,'五台县',3,'W'),(2568,308,'代县',3,'D'),(2569,308,'繁峙县',3,'F'),(2570,308,'宁武县',3,'N'),(2571,308,'静乐县',3,'J'),(2572,308,'神池县',3,'S'),(2573,308,'五寨县',3,'W'),(2574,308,'岢岚县',3,''),(2575,308,'河曲县',3,'H'),(2576,308,'保德县',3,'B'),(2577,308,'偏关县',3,'P'),(2578,309,'城区',3,'C'),(2579,309,'矿区',3,'K'),(2580,309,'郊区',3,'J'),(2581,309,'平定县',3,'P'),(2582,309,'盂县',3,'Y'),(2583,310,'盐湖区',3,'Y'),(2584,310,'永济市',3,'Y'),(2585,310,'河津市',3,'H'),(2586,310,'临猗县',3,'L'),(2587,310,'万荣县',3,'W'),(2588,310,'闻喜县',3,'W'),(2589,310,'稷山县',3,''),(2590,310,'新绛县',3,'X'),(2591,310,'绛县',3,''),(2592,310,'垣曲县',3,'Y'),(2593,310,'夏县',3,'X'),(2594,310,'平陆县',3,'P'),(2595,310,'芮城县',3,''),(2596,311,'莲湖区',3,'L'),(2597,311,'新城区',3,'X'),(2598,311,'碑林区',3,'B'),(2599,311,'雁塔区',3,'Y'),(2600,311,'灞桥区',3,''),(2601,311,'未央区',3,'W'),(2602,311,'阎良区',3,'Y'),(2603,311,'临潼区',3,'L'),(2604,311,'长安区',3,'C'),(2605,311,'蓝田县',3,'L'),(2606,311,'周至县',3,'Z'),(2607,311,'户县',3,'H'),(2608,311,'高陵县',3,'G'),(2609,312,'汉滨区',3,'H'),(2610,312,'汉阴县',3,'H'),(2611,312,'石泉县',3,'S'),(2612,312,'宁陕县',3,'N'),(2613,312,'紫阳县',3,'Z'),(2614,312,'岚皋县',3,''),(2615,312,'平利县',3,'P'),(2616,312,'镇坪县',3,'Z'),(2617,312,'旬阳县',3,'X'),(2618,312,'白河县',3,'B'),(2619,313,'陈仓区',3,'C'),(2620,313,'渭滨区',3,'W'),(2621,313,'金台区',3,'J'),(2622,313,'凤翔县',3,'F'),(2623,313,'岐山县',3,''),(2624,313,'扶风县',3,'F'),(2625,313,'眉县',3,'M'),(2626,313,'陇县',3,'L'),(2627,313,'千阳县',3,'Q'),(2628,313,'麟游县',3,''),(2629,313,'凤县',3,'F'),(2630,313,'太白县',3,'T'),(2631,314,'汉台区',3,'H'),(2632,314,'南郑县',3,'N'),(2633,314,'城固县',3,'C'),(2634,314,'洋县',3,'Y'),(2635,314,'西乡县',3,'X'),(2636,314,'勉县',3,'M'),(2637,314,'宁强县',3,'N'),(2638,314,'略阳县',3,'L'),(2639,314,'镇巴县',3,'Z'),(2640,314,'留坝县',3,'L'),(2641,314,'佛坪县',3,'F'),(2642,315,'商州区',3,'S'),(2643,315,'洛南县',3,'L'),(2644,315,'丹凤县',3,'D'),(2645,315,'商南县',3,'S'),(2646,315,'山阳县',3,'S'),(2647,315,'镇安县',3,'Z'),(2648,315,'柞水县',3,'Z'),(2649,316,'耀州区',3,'Y'),(2650,316,'王益区',3,'W'),(2651,316,'印台区',3,'Y'),(2652,316,'宜君县',3,'Y'),(2653,317,'临渭区',3,'L'),(2654,317,'韩城市',3,'H'),(2655,317,'华阴市',3,'H'),(2656,317,'华县',3,'H'),(2657,317,'潼关县',3,''),(2658,317,'大荔县',3,'D'),(2659,317,'合阳县',3,'H'),(2660,317,'澄城县',3,'C'),(2661,317,'蒲城县',3,'P'),(2662,317,'白水县',3,'B'),(2663,317,'富平县',3,'F'),(2664,318,'秦都区',3,'Q'),(2665,318,'渭城区',3,'W'),(2666,318,'杨陵区',3,'Y'),(2667,318,'兴平市',3,'X'),(2668,318,'三原县',3,'S'),(2669,318,'泾阳县',3,''),(2670,318,'乾县',3,'Q'),(2671,318,'礼泉县',3,'L'),(2672,318,'永寿县',3,'Y'),(2673,318,'彬县',3,'B'),(2674,318,'长武县',3,'C'),(2675,318,'旬邑县',3,'X'),(2676,318,'淳化县',3,'C'),(2677,318,'武功县',3,'W'),(2678,319,'吴起县',3,'W'),(2679,319,'宝塔区',3,'B'),(2680,319,'延长县',3,'Y'),(2681,319,'延川县',3,'Y'),(2682,319,'子长县',3,'Z'),(2683,319,'安塞县',3,'A'),(2684,319,'志丹县',3,'Z'),(2685,319,'甘泉县',3,'G'),(2686,319,'富县',3,'F'),(2687,319,'洛川县',3,'L'),(2688,319,'宜川县',3,'Y'),(2689,319,'黄龙县',3,'H'),(2690,319,'黄陵县',3,'H'),(2691,320,'榆阳区',3,'Y'),(2692,320,'神木县',3,'S'),(2693,320,'府谷县',3,'F'),(2694,320,'横山县',3,'H'),(2695,320,'靖边县',3,'J'),(2696,320,'定边县',3,'D'),(2697,320,'绥德县',3,'S'),(2698,320,'米脂县',3,'M'),(2699,320,'佳县',3,'J'),(2700,320,'吴堡县',3,'W'),(2701,320,'清涧县',3,'Q'),(2702,320,'子洲县',3,'Z'),(2703,321,'长宁区',3,'C'),(2704,321,'闸北区',3,'Z'),(2705,321,'闵行区',3,''),(2706,321,'徐汇区',3,'X'),(2707,321,'浦东新区',3,'P'),(2708,321,'杨浦区',3,'Y'),(2709,321,'普陀区',3,'P'),(2710,321,'静安区',3,'J'),(2711,321,'卢湾区',3,'L'),(2712,321,'虹口区',3,'H'),(2713,321,'黄浦区',3,'H'),(2714,321,'南汇区',3,'N'),(2715,321,'松江区',3,'S'),(2716,321,'嘉定区',3,'J'),(2717,321,'宝山区',3,'B'),(2718,321,'青浦区',3,'Q'),(2719,321,'金山区',3,'J'),(2720,321,'奉贤区',3,'F'),(2721,321,'崇明县',3,'C'),(2722,322,'青羊区',3,'Q'),(2723,322,'锦江区',3,'J'),(2724,322,'金牛区',3,'J'),(2725,322,'武侯区',3,'W'),(2726,322,'成华区',3,'C'),(2727,322,'龙泉驿区',3,'L'),(2728,322,'青白江区',3,'Q'),(2729,322,'新都区',3,'X'),(2730,322,'温江区',3,'W'),(2731,322,'高新区',3,'G'),(2732,322,'高新西区',3,'G'),(2733,322,'都江堰市',3,'D'),(2734,322,'彭州市',3,'P'),(2735,322,'邛崃市',3,''),(2736,322,'崇州市',3,'C'),(2737,322,'金堂县',3,'J'),(2738,322,'双流县',3,'S'),(2739,322,'郫县',3,''),(2740,322,'大邑县',3,'D'),(2741,322,'蒲江县',3,'P'),(2742,322,'新津县',3,'X'),(2743,322,'都江堰市',3,'D'),(2744,322,'彭州市',3,'P'),(2745,322,'邛崃市',3,''),(2746,322,'崇州市',3,'C'),(2747,322,'金堂县',3,'J'),(2748,322,'双流县',3,'S'),(2749,322,'郫县',3,''),(2750,322,'大邑县',3,'D'),(2751,322,'蒲江县',3,'P'),(2752,322,'新津县',3,'X'),(2753,323,'涪城区',3,'F'),(2754,323,'游仙区',3,'Y'),(2755,323,'江油市',3,'J'),(2756,323,'盐亭县',3,'Y'),(2757,323,'三台县',3,'S'),(2758,323,'平武县',3,'P'),(2759,323,'安县',3,'A'),(2760,323,'梓潼县',3,''),(2761,323,'北川县',3,'B'),(2762,324,'马尔康县',3,'M'),(2763,324,'汶川县',3,''),(2764,324,'理县',3,'L'),(2765,324,'茂县',3,'M'),(2766,324,'松潘县',3,'S'),(2767,324,'九寨沟县',3,'J'),(2768,324,'金川县',3,'J'),(2769,324,'小金县',3,'X'),(2770,324,'黑水县',3,'H'),(2771,324,'壤塘县',3,'R'),(2772,324,'阿坝县',3,'A'),(2773,324,'若尔盖县',3,'R'),(2774,324,'红原县',3,'H'),(2775,325,'巴州区',3,'B'),(2776,325,'通江县',3,'T'),(2777,325,'南江县',3,'N'),(2778,325,'平昌县',3,'P'),(2779,326,'通川区',3,'T'),(2780,326,'万源市',3,'W'),(2781,326,'达县',3,'D'),(2782,326,'宣汉县',3,'X'),(2783,326,'开江县',3,'K'),(2784,326,'大竹县',3,'D'),(2785,326,'渠县',3,'Q'),(2786,327,'旌阳区',3,''),(2787,327,'广汉市',3,'G'),(2788,327,'什邡市',3,'S'),(2789,327,'绵竹市',3,'M'),(2790,327,'罗江县',3,'L'),(2791,327,'中江县',3,'Z'),(2792,328,'康定县',3,'K'),(2793,328,'丹巴县',3,'D'),(2794,328,'泸定县',3,''),(2795,328,'炉霍县',3,'L'),(2796,328,'九龙县',3,'J'),(2797,328,'甘孜县',3,'G'),(2798,328,'雅江县',3,'Y'),(2799,328,'新龙县',3,'X'),(2800,328,'道孚县',3,'D'),(2801,328,'白玉县',3,'B'),(2802,328,'理塘县',3,'L'),(2803,328,'德格县',3,'D'),(2804,328,'乡城县',3,'X'),(2805,328,'石渠县',3,'S'),(2806,328,'稻城县',3,'D'),(2807,328,'色达县',3,'S'),(2808,328,'巴塘县',3,'B'),(2809,328,'得荣县',3,'D'),(2810,329,'广安区',3,'G'),(2811,329,'华蓥市',3,'H'),(2812,329,'岳池县',3,'Y'),(2813,329,'武胜县',3,'W'),(2814,329,'邻水县',3,'L'),(2815,330,'利州区',3,'L'),(2816,330,'元坝区',3,'Y'),(2817,330,'朝天区',3,'C'),(2818,330,'旺苍县',3,'W'),(2819,330,'青川县',3,'Q'),(2820,330,'剑阁县',3,'J'),(2821,330,'苍溪县',3,'C'),(2822,331,'峨眉山市',3,'E'),(2823,331,'乐山市',3,'L'),(2824,331,'犍为县',3,''),(2825,331,'井研县',3,'J'),(2826,331,'夹江县',3,'J'),(2827,331,'沐川县',3,''),(2828,331,'峨边',3,'E'),(2829,331,'马边',3,'M'),(2830,332,'西昌市',3,'X'),(2831,332,'盐源县',3,'Y'),(2832,332,'德昌县',3,'D'),(2833,332,'会理县',3,'H'),(2834,332,'会东县',3,'H'),(2835,332,'宁南县',3,'N'),(2836,332,'普格县',3,'P'),(2837,332,'布拖县',3,'B'),(2838,332,'金阳县',3,'J'),(2839,332,'昭觉县',3,'Z'),(2840,332,'喜德县',3,'X'),(2841,332,'冕宁县',3,'M'),(2842,332,'越西县',3,'Y'),(2843,332,'甘洛县',3,'G'),(2844,332,'美姑县',3,'M'),(2845,332,'雷波县',3,'L'),(2846,332,'木里',3,'M'),(2847,333,'东坡区',3,'D'),(2848,333,'仁寿县',3,'R'),(2849,333,'彭山县',3,'P'),(2850,333,'洪雅县',3,'H'),(2851,333,'丹棱县',3,'D'),(2852,333,'青神县',3,'Q'),(2853,334,'阆中市',3,''),(2854,334,'南部县',3,'N'),(2855,334,'营山县',3,'Y'),(2856,334,'蓬安县',3,'P'),(2857,334,'仪陇县',3,'Y'),(2858,334,'顺庆区',3,'S'),(2859,334,'高坪区',3,'G'),(2860,334,'嘉陵区',3,'J'),(2861,334,'西充县',3,'X'),(2862,335,'市中区',3,'S'),(2863,335,'东兴区',3,'D'),(2864,335,'威远县',3,'W'),(2865,335,'资中县',3,'Z'),(2866,335,'隆昌县',3,'L'),(2867,336,'东  区',3,'D'),(2868,336,'西  区',3,'X'),(2869,336,'仁和区',3,'R'),(2870,336,'米易县',3,'M'),(2871,336,'盐边县',3,'Y'),(2872,337,'船山区',3,'C'),(2873,337,'安居区',3,'A'),(2874,337,'蓬溪县',3,'P'),(2875,337,'射洪县',3,'S'),(2876,337,'大英县',3,'D'),(2877,338,'雨城区',3,'Y'),(2878,338,'名山县',3,'M'),(2879,338,'荥经县',3,''),(2880,338,'汉源县',3,'H'),(2881,338,'石棉县',3,'S'),(2882,338,'天全县',3,'T'),(2883,338,'芦山县',3,'L'),(2884,338,'宝兴县',3,'B'),(2885,339,'翠屏区',3,'C'),(2886,339,'宜宾县',3,'Y'),(2887,339,'南溪县',3,'N'),(2888,339,'江安县',3,'J'),(2889,339,'长宁县',3,'C'),(2890,339,'高县',3,'G'),(2891,339,'珙县',3,''),(2892,339,'筠连县',3,''),(2893,339,'兴文县',3,'X'),(2894,339,'屏山县',3,'P'),(2895,340,'雁江区',3,'Y'),(2896,340,'简阳市',3,'J'),(2897,340,'安岳县',3,'A'),(2898,340,'乐至县',3,'L'),(2899,341,'大安区',3,'D'),(2900,341,'自流井区',3,'Z'),(2901,341,'贡井区',3,'G'),(2902,341,'沿滩区',3,'Y'),(2903,341,'荣县',3,'R'),(2904,341,'富顺县',3,'F'),(2905,342,'江阳区',3,'J'),(2906,342,'纳溪区',3,'N'),(2907,342,'龙马潭区',3,'L'),(2908,342,'泸县',3,''),(2909,342,'合江县',3,'H'),(2910,342,'叙永县',3,'X'),(2911,342,'古蔺县',3,'G'),(2912,343,'和平区',3,'H'),(2913,343,'河西区',3,'H'),(2914,343,'南开区',3,'N'),(2915,343,'河北区',3,'H'),(2916,343,'河东区',3,'H'),(2917,343,'红桥区',3,'H'),(2918,343,'东丽区',3,'D'),(2919,343,'津南区',3,'J'),(2920,343,'西青区',3,'X'),(2921,343,'北辰区',3,'B'),(2922,343,'塘沽区',3,'T'),(2923,343,'汉沽区',3,'H'),(2924,343,'大港区',3,'D'),(2925,343,'武清区',3,'W'),(2926,343,'宝坻区',3,'B'),(2927,343,'经济开发区',3,'J'),(2928,343,'宁河县',3,'N'),(2929,343,'静海县',3,'J'),(2930,343,'蓟县',3,'J'),(2931,344,'城关区',3,'C'),(2932,344,'林周县',3,'L'),(2933,344,'当雄县',3,'D'),(2934,344,'尼木县',3,'N'),(2935,344,'曲水县',3,'Q'),(2936,344,'堆龙德庆县',3,'D'),(2937,344,'达孜县',3,'D'),(2938,344,'墨竹工卡县',3,'M'),(2939,345,'噶尔县',3,'G'),(2940,345,'普兰县',3,'P'),(2941,345,'札达县',3,'Z'),(2942,345,'日土县',3,'R'),(2943,345,'革吉县',3,'G'),(2944,345,'改则县',3,'G'),(2945,345,'措勤县',3,'C'),(2946,346,'昌都县',3,'C'),(2947,346,'江达县',3,'J'),(2948,346,'贡觉县',3,'G'),(2949,346,'类乌齐县',3,'L'),(2950,346,'丁青县',3,'D'),(2951,346,'察雅县',3,'C'),(2952,346,'八宿县',3,'B'),(2953,346,'左贡县',3,'Z'),(2954,346,'芒康县',3,'M'),(2955,346,'洛隆县',3,'L'),(2956,346,'边坝县',3,'B'),(2957,347,'林芝县',3,'L'),(2958,347,'工布江达县',3,'G'),(2959,347,'米林县',3,'M'),(2960,347,'墨脱县',3,'M'),(2961,347,'波密县',3,'B'),(2962,347,'察隅县',3,'C'),(2963,347,'朗县',3,'L'),(2964,348,'那曲县',3,'N'),(2965,348,'嘉黎县',3,'J'),(2966,348,'比如县',3,'B'),(2967,348,'聂荣县',3,'N'),(2968,348,'安多县',3,'A'),(2969,348,'申扎县',3,'S'),(2970,348,'索县',3,'S'),(2971,348,'班戈县',3,'B'),(2972,348,'巴青县',3,'B'),(2973,348,'尼玛县',3,'N'),(2974,349,'日喀则市',3,'R'),(2975,349,'南木林县',3,'N'),(2976,349,'江孜县',3,'J'),(2977,349,'定日县',3,'D'),(2978,349,'萨迦县',3,'S'),(2979,349,'拉孜县',3,'L'),(2980,349,'昂仁县',3,'A'),(2981,349,'谢通门县',3,'X'),(2982,349,'白朗县',3,'B'),(2983,349,'仁布县',3,'R'),(2984,349,'康马县',3,'K'),(2985,349,'定结县',3,'D'),(2986,349,'仲巴县',3,'Z'),(2987,349,'亚东县',3,'Y'),(2988,349,'吉隆县',3,'J'),(2989,349,'聂拉木县',3,'N'),(2990,349,'萨嘎县',3,'S'),(2991,349,'岗巴县',3,'G'),(2992,350,'乃东县',3,'N'),(2993,350,'扎囊县',3,'Z'),(2994,350,'贡嘎县',3,'G'),(2995,350,'桑日县',3,'S'),(2996,350,'琼结县',3,'Q'),(2997,350,'曲松县',3,'Q'),(2998,350,'措美县',3,'C'),(2999,350,'洛扎县',3,'L'),(3000,350,'加查县',3,'J'),(3001,350,'隆子县',3,'L'),(3002,350,'错那县',3,'C'),(3003,350,'浪卡子县',3,'L'),(3004,351,'天山区',3,'T'),(3005,351,'沙依巴克区',3,'S'),(3006,351,'新市区',3,'X'),(3007,351,'水磨沟区',3,'S'),(3008,351,'头屯河区',3,'T'),(3009,351,'达坂城区',3,'D'),(3010,351,'米东区',3,'M'),(3011,351,'乌鲁木齐县',3,'W'),(3012,352,'阿克苏市',3,'A'),(3013,352,'温宿县',3,'W'),(3014,352,'库车县',3,'K'),(3015,352,'沙雅县',3,'S'),(3016,352,'新和县',3,'X'),(3017,352,'拜城县',3,'B'),(3018,352,'乌什县',3,'W'),(3019,352,'阿瓦提县',3,'A'),(3020,352,'柯坪县',3,'K'),(3021,353,'阿拉尔市',3,'A'),(3022,354,'库尔勒市',3,'K'),(3023,354,'轮台县',3,'L'),(3024,354,'尉犁县',3,'W'),(3025,354,'若羌县',3,'R'),(3026,354,'且末县',3,'Q'),(3027,354,'焉耆',3,'Y'),(3028,354,'和静县',3,'H'),(3029,354,'和硕县',3,'H'),(3030,354,'博湖县',3,'B'),(3031,355,'博乐市',3,'B'),(3032,355,'精河县',3,'J'),(3033,355,'温泉县',3,'W'),(3034,356,'呼图壁县',3,'H'),(3035,356,'米泉市',3,'M'),(3036,356,'昌吉市',3,'C'),(3037,356,'阜康市',3,'F'),(3038,356,'玛纳斯县',3,'M'),(3039,356,'奇台县',3,'Q'),(3040,356,'吉木萨尔县',3,'J'),(3041,356,'木垒',3,'M'),(3042,357,'哈密市',3,'H'),(3043,357,'伊吾县',3,'Y'),(3044,357,'巴里坤',3,'B'),(3045,358,'和田市',3,'H'),(3046,358,'和田县',3,'H'),(3047,358,'墨玉县',3,'M'),(3048,358,'皮山县',3,'P'),(3049,358,'洛浦县',3,'L'),(3050,358,'策勒县',3,'C'),(3051,358,'于田县',3,'Y'),(3052,358,'民丰县',3,'M'),(3053,359,'喀什市',3,'K'),(3054,359,'疏附县',3,'S'),(3055,359,'疏勒县',3,'S'),(3056,359,'英吉沙县',3,'Y'),(3057,359,'泽普县',3,'Z'),(3058,359,'莎车县',3,'S'),(3059,359,'叶城县',3,'Y'),(3060,359,'麦盖提县',3,'M'),(3061,359,'岳普湖县',3,'Y'),(3062,359,'伽师县',3,''),(3063,359,'巴楚县',3,'B'),(3064,359,'塔什库尔干',3,'T'),(3065,360,'克拉玛依市',3,'K'),(3066,361,'阿图什市',3,'A'),(3067,361,'阿克陶县',3,'A'),(3068,361,'阿合奇县',3,'A'),(3069,361,'乌恰县',3,'W'),(3070,362,'石河子市',3,'S'),(3071,363,'图木舒克市',3,'T'),(3072,364,'吐鲁番市',3,'T'),(3073,364,'鄯善县',3,''),(3074,364,'托克逊县',3,'T'),(3075,365,'五家渠市',3,'W'),(3076,366,'阿勒泰市',3,'A'),(3077,366,'布克赛尔',3,'B'),(3078,366,'伊宁市',3,'Y'),(3079,366,'布尔津县',3,'B'),(3080,366,'奎屯市',3,'K'),(3081,366,'乌苏市',3,'W'),(3082,366,'额敏县',3,'E'),(3083,366,'富蕴县',3,'F'),(3084,366,'伊宁县',3,'Y'),(3085,366,'福海县',3,'F'),(3086,366,'霍城县',3,'H'),(3087,366,'沙湾县',3,'S'),(3088,366,'巩留县',3,'G'),(3089,366,'哈巴河县',3,'H'),(3090,366,'托里县',3,'T'),(3091,366,'青河县',3,'Q'),(3092,366,'新源县',3,'X'),(3093,366,'裕民县',3,'Y'),(3094,366,'和布克赛尔',3,'H'),(3095,366,'吉木乃县',3,'J'),(3096,366,'昭苏县',3,'Z'),(3097,366,'特克斯县',3,'T'),(3098,366,'尼勒克县',3,'N'),(3099,366,'察布查尔',3,'C'),(3100,367,'盘龙区',3,'P'),(3101,367,'五华区',3,'W'),(3102,367,'官渡区',3,'G'),(3103,367,'西山区',3,'X'),(3104,367,'东川区',3,'D'),(3105,367,'安宁市',3,'A'),(3106,367,'呈贡县',3,'C'),(3107,367,'晋宁县',3,'J'),(3108,367,'富民县',3,'F'),(3109,367,'宜良县',3,'Y'),(3110,367,'嵩明县',3,''),(3111,367,'石林县',3,'S'),(3112,367,'禄劝',3,'L'),(3113,367,'寻甸',3,'X'),(3114,368,'兰坪',3,'L'),(3115,368,'泸水县',3,''),(3116,368,'福贡县',3,'F'),(3117,368,'贡山',3,'G'),(3118,369,'宁洱',3,'N'),(3119,369,'思茅区',3,'S'),(3120,369,'墨江',3,'M'),(3121,369,'景东',3,'J'),(3122,369,'景谷',3,'J'),(3123,369,'镇沅',3,'Z'),(3124,369,'江城',3,'J'),(3125,369,'孟连',3,'M'),(3126,369,'澜沧',3,'L'),(3127,369,'西盟',3,'X'),(3128,370,'古城区',3,'G'),(3129,370,'宁蒗',3,'N'),(3130,370,'玉龙',3,'Y'),(3131,370,'永胜县',3,'Y'),(3132,370,'华坪县',3,'H'),(3133,371,'隆阳区',3,'L'),(3134,371,'施甸县',3,'S'),(3135,371,'腾冲县',3,'T'),(3136,371,'龙陵县',3,'L'),(3137,371,'昌宁县',3,'C'),(3138,372,'楚雄市',3,'C'),(3139,372,'双柏县',3,'S'),(3140,372,'牟定县',3,'M'),(3141,372,'南华县',3,'N'),(3142,372,'姚安县',3,'Y'),(3143,372,'大姚县',3,'D'),(3144,372,'永仁县',3,'Y'),(3145,372,'元谋县',3,'Y'),(3146,372,'武定县',3,'W'),(3147,372,'禄丰县',3,'L'),(3148,373,'大理市',3,'D'),(3149,373,'祥云县',3,'X'),(3150,373,'宾川县',3,'B'),(3151,373,'弥渡县',3,'M'),(3152,373,'永平县',3,'Y'),(3153,373,'云龙县',3,'Y'),(3154,373,'洱源县',3,'E'),(3155,373,'剑川县',3,'J'),(3156,373,'鹤庆县',3,'H'),(3157,373,'漾濞',3,'Y'),(3158,373,'南涧',3,'N'),(3159,373,'巍山',3,'W'),(3160,374,'潞西市',3,'L'),(3161,374,'瑞丽市',3,'R'),(3162,374,'梁河县',3,'L'),(3163,374,'盈江县',3,'Y'),(3164,374,'陇川县',3,'L'),(3165,375,'香格里拉县',3,'X'),(3166,375,'德钦县',3,'D'),(3167,375,'维西',3,'W'),(3168,376,'泸西县',3,''),(3169,376,'蒙自县',3,'M'),(3170,376,'个旧市',3,'G'),(3171,376,'开远市',3,'K'),(3172,376,'绿春县',3,'L'),(3173,376,'建水县',3,'J'),(3174,376,'石屏县',3,'S'),(3175,376,'弥勒县',3,'M'),(3176,376,'元阳县',3,'Y'),(3177,376,'红河县',3,'H'),(3178,376,'金平',3,'J'),(3179,376,'河口',3,'H'),(3180,376,'屏边',3,'P'),(3181,377,'临翔区',3,'L'),(3182,377,'凤庆县',3,'F'),(3183,377,'云县',3,'Y'),(3184,377,'永德县',3,'Y'),(3185,377,'镇康县',3,'Z'),(3186,377,'双江',3,'S'),(3187,377,'耿马',3,'G'),(3188,377,'沧源',3,'C'),(3189,378,'麒麟区',3,''),(3190,378,'宣威市',3,'X'),(3191,378,'马龙县',3,'M'),(3192,378,'陆良县',3,'L'),(3193,378,'师宗县',3,'S'),(3194,378,'罗平县',3,'L'),(3195,378,'富源县',3,'F'),(3196,378,'会泽县',3,'H'),(3197,378,'沾益县',3,'Z'),(3198,379,'文山县',3,'W'),(3199,379,'砚山县',3,'Y'),(3200,379,'西畴县',3,'X'),(3201,379,'麻栗坡县',3,'M'),(3202,379,'马关县',3,'M'),(3203,379,'丘北县',3,'Q'),(3204,379,'广南县',3,'G'),(3205,379,'富宁县',3,'F'),(3206,380,'景洪市',3,'J'),(3207,380,'勐海县',3,''),(3208,380,'勐腊县',3,''),(3209,381,'红塔区',3,'H'),(3210,381,'江川县',3,'J'),(3211,381,'澄江县',3,'C'),(3212,381,'通海县',3,'T'),(3213,381,'华宁县',3,'H'),(3214,381,'易门县',3,'Y'),(3215,381,'峨山',3,'E'),(3216,381,'新平',3,'X'),(3217,381,'元江',3,'Y'),(3218,382,'昭阳区',3,'Z'),(3219,382,'鲁甸县',3,'L'),(3220,382,'巧家县',3,'Q'),(3221,382,'盐津县',3,'Y'),(3222,382,'大关县',3,'D'),(3223,382,'永善县',3,'Y'),(3224,382,'绥江县',3,'S'),(3225,382,'镇雄县',3,'Z'),(3226,382,'彝良县',3,'Y'),(3227,382,'威信县',3,'W'),(3228,382,'水富县',3,'S'),(3229,383,'西湖区',3,'X'),(3230,383,'上城区',3,'S'),(3231,383,'下城区',3,'X'),(3232,383,'拱墅区',3,'G'),(3233,383,'滨江区',3,'B'),(3234,383,'江干区',3,'J'),(3235,383,'萧山区',3,'X'),(3236,383,'余杭区',3,'Y'),(3237,383,'市郊',3,'S'),(3238,383,'建德市',3,'J'),(3239,383,'富阳市',3,'F'),(3240,383,'临安市',3,'L'),(3241,383,'桐庐县',3,'T'),(3242,383,'淳安县',3,'C'),(3243,384,'吴兴区',3,'W'),(3244,384,'南浔区',3,'N'),(3245,384,'德清县',3,'D'),(3246,384,'长兴县',3,'C'),(3247,384,'安吉县',3,'A'),(3248,385,'南湖区',3,'N'),(3249,385,'秀洲区',3,'X'),(3250,385,'海宁市',3,'H'),(3251,385,'嘉善县',3,'J'),(3252,385,'平湖市',3,'P'),(3253,385,'桐乡市',3,'T'),(3254,385,'海盐县',3,'H'),(3255,386,'婺城区',3,''),(3256,386,'金东区',3,'J'),(3257,386,'兰溪市',3,'L'),(3258,386,'市区',3,'S'),(3259,386,'佛堂镇',3,'F'),(3260,386,'上溪镇',3,'S'),(3261,386,'义亭镇',3,'Y'),(3262,386,'大陈镇',3,'D'),(3263,386,'苏溪镇',3,'S'),(3264,386,'赤岸镇',3,'C'),(3265,386,'东阳市',3,'D'),(3266,386,'永康市',3,'Y'),(3267,386,'武义县',3,'W'),(3268,386,'浦江县',3,'P'),(3269,386,'磐安县',3,'P'),(3270,387,'莲都区',3,'L'),(3271,387,'龙泉市',3,'L'),(3272,387,'青田县',3,'Q'),(3273,387,'缙云县',3,''),(3274,387,'遂昌县',3,'S'),(3275,387,'松阳县',3,'S'),(3276,387,'云和县',3,'Y'),(3277,387,'庆元县',3,'Q'),(3278,387,'景宁',3,'J'),(3279,388,'海曙区',3,'H'),(3280,388,'江东区',3,'J'),(3281,388,'江北区',3,'J'),(3282,388,'镇海区',3,'Z'),(3283,388,'北仑区',3,'B'),(3284,388,'鄞州区',3,''),(3285,388,'余姚市',3,'Y'),(3286,388,'慈溪市',3,'C'),(3287,388,'奉化市',3,'F'),(3288,388,'象山县',3,'X'),(3289,388,'宁海县',3,'N'),(3290,389,'越城区',3,'Y'),(3291,389,'上虞市',3,'S'),(3292,389,'嵊州市',3,''),(3293,389,'绍兴县',3,'S'),(3294,389,'新昌县',3,'X'),(3295,389,'诸暨市',3,'Z'),(3296,390,'椒江区',3,'J'),(3297,390,'黄岩区',3,'H'),(3298,390,'路桥区',3,'L'),(3299,390,'温岭市',3,'W'),(3300,390,'临海市',3,'L'),(3301,390,'玉环县',3,'Y'),(3302,390,'三门县',3,'S'),(3303,390,'天台县',3,'T'),(3304,390,'仙居县',3,'X'),(3305,391,'鹿城区',3,'L'),(3306,391,'龙湾区',3,'L'),(3307,391,'瓯海区',3,''),(3308,391,'瑞安市',3,'R'),(3309,391,'乐清市',3,'L'),(3310,391,'洞头县',3,'D'),(3311,391,'永嘉县',3,'Y'),(3312,391,'平阳县',3,'P'),(3313,391,'苍南县',3,'C'),(3314,391,'文成县',3,'W'),(3315,391,'泰顺县',3,'T'),(3316,392,'定海区',3,'D'),(3317,392,'普陀区',3,'P'),(3318,392,'岱山县',3,''),(3319,392,'嵊泗县',3,''),(3320,393,'衢州市',3,''),(3321,393,'江山市',3,'J'),(3322,393,'常山县',3,'C'),(3323,393,'开化县',3,'K'),(3324,393,'龙游县',3,'L'),(3325,394,'合川区',3,'H'),(3326,394,'江津区',3,'J'),(3327,394,'南川区',3,'N'),(3328,394,'永川区',3,'Y'),(3329,394,'南岸区',3,'N'),(3330,394,'渝北区',3,'Y'),(3331,394,'万盛区',3,'W'),(3332,394,'大渡口区',3,'D'),(3333,394,'万州区',3,'W'),(3334,394,'北碚区',3,'B'),(3335,394,'沙坪坝区',3,'S'),(3336,394,'巴南区',3,'B'),(3337,394,'涪陵区',3,'F'),(3338,394,'江北区',3,'J'),(3339,394,'九龙坡区',3,'J'),(3340,394,'渝中区',3,'Y'),(3341,394,'黔江开发区',3,'Q'),(3342,394,'长寿区',3,'C'),(3343,394,'双桥区',3,'S'),(3344,394,'綦江县',3,''),(3345,394,'潼南县',3,''),(3346,394,'铜梁县',3,'T'),(3347,394,'大足县',3,'D'),(3348,394,'荣昌县',3,'R'),(3349,394,'璧山县',3,''),(3350,394,'垫江县',3,'D'),(3351,394,'武隆县',3,'W'),(3352,394,'丰都县',3,'F'),(3353,394,'城口县',3,'C'),(3354,394,'梁平县',3,'L'),(3355,394,'开县',3,'K'),(3356,394,'巫溪县',3,'W'),(3357,394,'巫山县',3,'W'),(3358,394,'奉节县',3,'F'),(3359,394,'云阳县',3,'Y'),(3360,394,'忠县',3,'Z'),(3361,394,'石柱',3,'S'),(3362,394,'彭水',3,'P'),(3363,394,'酉阳',3,'Y'),(3364,394,'秀山',3,'X'),(3365,395,'沙田区',3,'S'),(3366,395,'东区',3,'D'),(3367,395,'观塘区',3,'G'),(3368,395,'黄大仙区',3,'H'),(3369,395,'九龙城区',3,'J'),(3370,395,'屯门区',3,'T'),(3371,395,'葵青区',3,'K'),(3372,395,'元朗区',3,'Y'),(3373,395,'深水埗区',3,''),(3374,395,'西贡区',3,'X'),(3375,395,'大埔区',3,'D'),(3376,395,'湾仔区',3,'W'),(3377,395,'油尖旺区',3,'Y'),(3378,395,'北区',3,'B'),(3379,395,'南区',3,'N'),(3380,395,'荃湾区',3,''),(3381,395,'中西区',3,'Z'),(3382,395,'离岛区',3,'L'),(3383,396,'澳门',3,'A'),(3384,397,'台北',3,'T'),(3385,397,'高雄',3,'G'),(3386,397,'基隆',3,'J'),(3387,397,'台中',3,'T'),(3388,397,'台南',3,'T'),(3389,397,'新竹',3,'X'),(3390,397,'嘉义',3,'J'),(3391,397,'宜兰县',3,'Y'),(3392,397,'桃园县',3,'T'),(3393,397,'苗栗县',3,'M'),(3394,397,'彰化县',3,'Z'),(3395,397,'南投县',3,'N'),(3396,397,'云林县',3,'Y'),(3397,397,'屏东县',3,'P'),(3398,397,'台东县',3,'T'),(3399,397,'花莲县',3,'H'),(3400,397,'澎湖县',3,'P'),(3401,3,'合肥',2,'H'),(3402,3401,'庐阳区',3,'L'),(3403,3401,'瑶海区',3,'Y'),(3404,3401,'蜀山区',3,'S'),(3405,3401,'包河区',3,'B'),(3406,3401,'长丰县',3,'C'),(3407,3401,'肥东县',3,'F'),(3408,3401,'肥西县',3,'F'),(3409,145,'南戴河',3,'N'),(3410,145,'开发区',3,'K'),(3422,121,'三亚',3,'S'),(3423,122,'白沙',3,'B'),(3424,123,'保亭',3,'B'),(3425,124,'昌江',3,'C'),(3426,125,'澄迈县',3,'C'),(3427,126,'定安县',3,'D'),(3428,127,'东方',3,'D'),(3429,128,'乐东',3,'L'),(3430,129,'临高县',3,'L'),(3431,130,'陵水',3,'L'),(3432,131,'琼海',3,'Q'),(3433,132,'琼中',3,'Q'),(3434,133,'屯昌县',3,'T'),(3435,134,'万宁',3,'W'),(3436,135,'文昌',3,'W'),(3437,136,'五指山',3,'W');
/*!40000 ALTER TABLE `ke_region` ENABLE KEYS */;
UNLOCK TABLES;

--
-- Table structure for table `ke_service`
--

DROP TABLE IF EXISTS `ke_service`;
/*!40101 SET @saved_cs_client     = @@character_set_client */;
/*!40101 SET character_set_client = utf8 */;
CREATE TABLE `ke_service` (
  `id` int(11) NOT NULL AUTO_INCREMENT,
  `name` varchar(255) COLLATE utf8_unicode_ci NOT NULL DEFAULT '' COMMENT '名称',
  `tags` varchar(255) COLLATE utf8_unicode_ci NOT NULL DEFAULT '' COMMENT '标签',
  `content` text COLLATE utf8_unicode_ci NOT NULL COMMENT '正文',
  `image` varchar(255) COLLATE utf8_unicode_ci NOT NULL DEFAULT '' COMMENT '图标',
  `price` decimal(10,2) NOT NULL DEFAULT '0.00' COMMENT '价格',
  `weigh` int(12) DEFAULT '10' COMMENT '排序',
  `status` tinyint(255) DEFAULT NULL COMMENT '1=显示,2=隐藏',
  `create_time` int(11) DEFAULT NULL COMMENT '创建时间',
  `service_time` enum('year','month','week','day') COLLATE utf8_unicode_ci NOT NULL DEFAULT 'year' COMMENT '服务时间',
  PRIMARY KEY (`id`) USING BTREE
) ENGINE=MyISAM AUTO_INCREMENT=23 DEFAULT CHARSET=utf8 COLLATE=utf8_unicode_ci ROW_FORMAT=DYNAMIC COMMENT='咨询服务';
/*!40101 SET character_set_client = @saved_cs_client */;

--
-- Dumping data for table `ke_service`
--

LOCK TABLES `ke_service` WRITE;
/*!40000 ALTER TABLE `ke_service` DISABLE KEYS */;
INSERT INTO `ke_service` VALUES (3,'Lv.4   100-200万元','适合金融资产100-200万的投资者','<p><img src=\"/uploads/image/20210617/1623915911673349.png\" title=\"1623915911673349.png\"/></p><p><img src=\"/uploads/image/20210617/1623916217685930.png\" title=\"1623916217685930.png\" alt=\"100-200-2.png\"/></p><p><br/></p>','/uploads/image/20210423/608260e51b3f7.jpg',338.00,10,1,1626413226,'year'),(2,'Lv.5   200-300万元','适合金融资产200-300万的投资者','<p><img src=\"/uploads/image/20210617/1623916247778681.png\" title=\"1623916247778681.png\"/></p><p><img src=\"/uploads/image/20210617/1623916247432494.jpg\" title=\"1623916247432494.jpg\"/></p><p><br/></p>','/uploads/image/20210423/60824d0ef213f.jpg',398.00,11,1,1626413215,'year'),(4,'Lv.3   50-100万元','适合金融资产50-100万元的投资者','<p><img src=\"/uploads/image/20210617/1623915797517090.png\" title=\"1623915797517090.png\" alt=\"50-100.png\"/></p>','/uploads/image/20210423/608262df5ea21.jpg',288.00,9,1,1626413244,'year'),(5,'Lv.2    30-50万元','适合金融资产30-50万元的投资者','<p><img src=\"/uploads/image/20210617/1623915730662750.png\" title=\"1623915730662750.png\" alt=\"30-50.png\"/></p>','/uploads/image/20210423/60826315740e2.jpg',228.00,8,1,1623916994,'year'),(6,'Lv.1    0-30万元','适合金融资产30万以内的投资者','<p><img src=\"/uploads/image/20210617/1623915614355954.png\" title=\"1623915614355954.png\" alt=\"0-30.png\"/></p>','',188.00,7,1,1626413261,'year'),(7,'单次财务咨询','单次财务咨询不限金额,仅限单一产品','<p><img src=\"/uploads/image/20210617/1623918086921175.png\" title=\"1623918086921175.png\" alt=\"单次.png\"/></p>','',58.00,6,1,1626413272,'day'),(8,'Lv.6   300-500万金融资产','适合金融资产300-500万的投资者','<p><img src=\"/uploads/image/20210617/1623916380469919.png\" title=\"1623916380469919.png\"/></p><p><img src=\"/uploads/image/20210617/1623916380321823.png\" title=\"1623916380321823.png\"/></p><p><br/></p>','',468.00,12,1,1626415339,'year'),(9,'其他线下咨询服务','10000','<p>此链接为下线专拍服务链接，请咨询专业理财经理后再购买。</p>','',10000.00,5,1,1626413284,'year'),(10,'Lv.7   500-800万金融资产','适合金融资产500-800万的投资者','<p><img src=\"/uploads/image/20210617/1623916477352266.png\" title=\"1623916477352266.png\"/></p><p><img src=\"/uploads/image/20210617/1623916477196846.jpg\" title=\"1623916477196846.jpg\"/></p><p><br/></p>','',508.00,13,1,1626413188,'year'),(11,'其他线下咨询服务','5000','<p>此链接为下线专拍服务链接，请咨询专业理财经理后再购买。</p>','',5000.00,4,1,1626415302,'week'),(13,'Lv.8   800-1000万金融资产','适合金融资产800-1000万的投资者','<p><img src=\"/uploads/image/20210617/1623916578735934.png\" title=\"1623916578735934.png\"/></p><p><img src=\"/uploads/image/20210617/1623916578415756.png\" title=\"1623916578415756.png\"/></p><p><br/></p>','',558.00,14,1,1626413177,'year'),(14,'Lv.9   1000万以上金融资产','适合金融资产1000万以上的投资者','<p><img src=\"/uploads/image/20210617/1623916643251253.png\" title=\"1623916643251253.png\"/></p><p><img src=\"/uploads/image/20210617/1623916643554378.png\" title=\"1623916643554378.png\"/></p><p><br/></p>','',688.00,15,1,1626413167,'year'),(15,'其他线下咨询服务','1000','<p>此链接为下线专拍服务链接，请咨询专业理财经理后再购买。</p>','',1000.00,2,2,1626413313,'week'),(16,'其他线下咨询服务','500','<p>此链接为下线专拍服务链接，请咨询专业理财经理后再购买。</p>','',500.00,1,2,1626413320,'week'),(17,'其他线下咨询服务','2000','<p>此链接为下线专拍服务链接，请咨询专业理财经理后再购买。</p>','',2000.00,3,2,1626413305,'week'),(18,'一般纳税人应该注意那些事项','一般纳税人','<p>1、纸质申报 这种方式只针对辅导期的公司，报税时填写五张表格后(一式两份)，带上已抄税的IC卡，交由专管员或值班人员稽核比对认证结果，然后再到申报征收窗口进行报税; 五张表格是：主表、进项税额明细表、销项情况明细表、专用发票申报抵扣明细、专用发票存根明细。&nbsp;</p><p>2、网上申报 除了辅导期之外的一般纳税人公司，都可以进行网上申报纳税，申报后将反馈结果打印好再到税局清IC卡。</p>','',100.00,10,2,1626692467,'day'),(19,'（转载）《关于个人所得税自行纳税申报有关问题的公告》','个人税务申报','<p><span style=\"color: rgb(51, 51, 51); font-family: &quot;Microsoft YaHei&quot;, 微软雅黑; background-color: rgb(255, 255, 255);\">根据新修改的《中华人民共和国个人所得税法》及其实施条例，现就个人所得税自行纳税申报有关问题公告如下：</span><br/><span style=\"color: rgb(51, 51, 51); font-family: &quot;Microsoft YaHei&quot;, 微软雅黑; background-color: rgb(255, 255, 255);\">　　</span><strong style=\"margin: 0px; padding: 0px; list-style: none; color: rgb(51, 51, 51); font-family: &quot;Microsoft YaHei&quot;, 微软雅黑; line-height: 36px; white-space: normal; background-color: rgb(255, 255, 255);\">一、取得综合所得需要办理汇算清缴的纳税申报</strong><br/><span style=\"color: rgb(51, 51, 51); font-family: &quot;Microsoft YaHei&quot;, 微软雅黑; background-color: rgb(255, 255, 255);\">　　取得综合所得且符合下列情形之一的纳税人，应当依法办理汇算清缴：</span><br/><span style=\"color: rgb(51, 51, 51); font-family: &quot;Microsoft YaHei&quot;, 微软雅黑; background-color: rgb(255, 255, 255);\">　　（一）从两处以上取得综合所得，且综合所得年收入额减除专项扣除后的余额超过6万元；</span><br/><span style=\"color: rgb(51, 51, 51); font-family: &quot;Microsoft YaHei&quot;, 微软雅黑; background-color: rgb(255, 255, 255);\">　　（二）取得劳务报酬所得、稿酬所得、特许权使用费所得中一项或者多项所得，且综合所得年收入额减除专项扣除的余额超过6万元；</span><br/><span style=\"color: rgb(51, 51, 51); font-family: &quot;Microsoft YaHei&quot;, 微软雅黑; background-color: rgb(255, 255, 255);\">　　（三）纳税年度内预缴税额低于应纳税额；</span><br/><span style=\"color: rgb(51, 51, 51); font-family: &quot;Microsoft YaHei&quot;, 微软雅黑; background-color: rgb(255, 255, 255);\">　　（四）纳税人申请退税。</span><br/><span style=\"color: rgb(51, 51, 51); font-family: &quot;Microsoft YaHei&quot;, 微软雅黑; background-color: rgb(255, 255, 255);\">　　需要办理汇算清缴的纳税人，应当在取得所得的次年3月1日至6月30日内，向任职、受雇单位所在地主管税务机关办理纳税申报，并报送《个人所得税年度自行纳税申报表》。纳税人有两处以上任职、受雇单位的，选择向其中一处任职、受雇单位所在地主管税务机关办理纳税申报；纳税人没有任职、受雇单位的，向户籍所在地或经常居住地主管税务机关办理纳税申报。</span><br/><span style=\"color: rgb(51, 51, 51); font-family: &quot;Microsoft YaHei&quot;, 微软雅黑; background-color: rgb(255, 255, 255);\">　　纳税人办理综合所得汇算清缴，应当准备与收入、专项扣除、专项附加扣除、依法确定的其他扣除、捐赠、享受税收优惠等相关的资料，并按规定留存备查或报送。</span><br/><span style=\"color: rgb(51, 51, 51); font-family: &quot;Microsoft YaHei&quot;, 微软雅黑; background-color: rgb(255, 255, 255);\">　　纳税人取得综合所得办理汇算清缴的具体办法，另行公告。</span><br/><span style=\"color: rgb(51, 51, 51); font-family: &quot;Microsoft YaHei&quot;, 微软雅黑; background-color: rgb(255, 255, 255);\">　　</span><strong style=\"margin: 0px; padding: 0px; list-style: none; color: rgb(51, 51, 51); font-family: &quot;Microsoft YaHei&quot;, 微软雅黑; line-height: 36px; white-space: normal; background-color: rgb(255, 255, 255);\">二、取得经营所得的纳税申报</strong><br/><span style=\"color: rgb(51, 51, 51); font-family: &quot;Microsoft YaHei&quot;, 微软雅黑; background-color: rgb(255, 255, 255);\">　　个体工商户业主、个人独资企业投资者、合伙企业个人合伙人、承包承租经营者个人以及其他从事生产、经营活动的个人取得经营所得，包括以下情形：</span><br/><span style=\"color: rgb(51, 51, 51); font-family: &quot;Microsoft YaHei&quot;, 微软雅黑; background-color: rgb(255, 255, 255);\">　　（一）个体工商户从事生产、经营活动取得的所得，个人独资企业投资人、合伙企业的个人合伙人来源于境内注册的个人独资企业、合伙企业生产、经营的所得；</span><br/><span style=\"color: rgb(51, 51, 51); font-family: &quot;Microsoft YaHei&quot;, 微软雅黑; background-color: rgb(255, 255, 255);\">　　（二）个人依法从事办学、医疗、咨询以及其他有偿服务活动取得的所得；</span><br/><span style=\"color: rgb(51, 51, 51); font-family: &quot;Microsoft YaHei&quot;, 微软雅黑; background-color: rgb(255, 255, 255);\">　　（三）个人对企业、事业单位承包经营、承租经营以及转包、转租取得的所得；</span><br/><span style=\"color: rgb(51, 51, 51); font-family: &quot;Microsoft YaHei&quot;, 微软雅黑; background-color: rgb(255, 255, 255);\">　　（四）个人从事其他生产、经营活动取得的所得。</span><br/><span style=\"color: rgb(51, 51, 51); font-family: &quot;Microsoft YaHei&quot;, 微软雅黑; background-color: rgb(255, 255, 255);\">　　纳税人取得经营所得，按年计算个人所得税，由纳税人在月度或季度终了后15日内，向经营管理所在地主管税务机关办理预缴纳税申报，并报送《个人所得税经营所得纳税申报表（A表）》。在取得所得的次年3月31日前，向经营管理所在地主管税务机关办理汇算清缴，并报送《个人所得税经营所得纳税申报表（B表）》；从两处以上取得经营所得的，选择向其中一处经营管理所在地主管税务机关办理年度汇总申报，并报送《个人所得税经营所得纳税申报表（C表）》。</span><br/><span style=\"color: rgb(51, 51, 51); font-family: &quot;Microsoft YaHei&quot;, 微软雅黑; background-color: rgb(255, 255, 255);\">　　</span><strong style=\"margin: 0px; padding: 0px; list-style: none; color: rgb(51, 51, 51); font-family: &quot;Microsoft YaHei&quot;, 微软雅黑; line-height: 36px; white-space: normal; background-color: rgb(255, 255, 255);\">三、取得应税所得，扣缴义务人未扣缴税款的纳税申报</strong><br/><span style=\"color: rgb(51, 51, 51); font-family: &quot;Microsoft YaHei&quot;, 微软雅黑; background-color: rgb(255, 255, 255);\">　　纳税人取得应税所得，扣缴义务人未扣缴税款的，应当区别以下情形办理纳税申报：</span><br/><span style=\"color: rgb(51, 51, 51); font-family: &quot;Microsoft YaHei&quot;, 微软雅黑; background-color: rgb(255, 255, 255);\">　　（一）居民个人取得综合所得的，按照本公告第一条办理。</span><br/><span style=\"color: rgb(51, 51, 51); font-family: &quot;Microsoft YaHei&quot;, 微软雅黑; background-color: rgb(255, 255, 255);\">　　（二）非居民个人取得工资、薪金所得，劳务报酬所得，稿酬所得，特许权使用费所得的，应当在取得所得的次年6月30日前，向扣缴义务人所在地主管税务机关办理纳税申报，并报送《个人所得税自行纳税申报表（A表）》。有两个以上扣缴义务人均未扣缴税款的，选择向其中一处扣缴义务人所在地主管税务机关办理纳税申报。</span><br/><span style=\"color: rgb(51, 51, 51); font-family: &quot;Microsoft YaHei&quot;, 微软雅黑; background-color: rgb(255, 255, 255);\">　　非居民个人在次年6月30日前离境（临时离境除外）的，应当在离境前办理纳税申报。</span><br/><span style=\"color: rgb(51, 51, 51); font-family: &quot;Microsoft YaHei&quot;, 微软雅黑; background-color: rgb(255, 255, 255);\">　　（三）纳税人取得利息、股息、红利所得，财产租赁所得，财产转让所得和偶然所得的，应当在取得所得的次年6月30日前，按相关规定向主管税务机关办理纳税申报，并报送《个人所得税自行纳税申报表（A表）》。</span><br/><span style=\"color: rgb(51, 51, 51); font-family: &quot;Microsoft YaHei&quot;, 微软雅黑; background-color: rgb(255, 255, 255);\">　　税务机关通知限期缴纳的，纳税人应当按照期限缴纳税款。</span><br/><span style=\"color: rgb(51, 51, 51); font-family: &quot;Microsoft YaHei&quot;, 微软雅黑; background-color: rgb(255, 255, 255);\">　　</span><strong style=\"margin: 0px; padding: 0px; list-style: none; color: rgb(51, 51, 51); font-family: &quot;Microsoft YaHei&quot;, 微软雅黑; line-height: 36px; white-space: normal; background-color: rgb(255, 255, 255);\">四、取得境外所得的纳税申报</strong><br/><span style=\"color: rgb(51, 51, 51); font-family: &quot;Microsoft YaHei&quot;, 微软雅黑; background-color: rgb(255, 255, 255);\">　　居民个人从中国境外取得所得的，应当在取得所得的次年3月1日至6月30日内，向中国境内任职、受雇单位所在地主管税务机关办理纳税申报；在中国境内没有任职、受雇单位的，向户籍所在地或中国境内经常居住地主管税务机关办理纳税申报；户籍所在地与中国境内经常居住地不一致的，选择其中一地主管税务机关办理纳税申报；在中国境内没有户籍的，向中国境内经常居住地主管税务机关办理纳税申报。</span><br/><span style=\"color: rgb(51, 51, 51); font-family: &quot;Microsoft YaHei&quot;, 微软雅黑; background-color: rgb(255, 255, 255);\">　　纳税人取得境外所得办理纳税申报的具体规定，另行公告。</span><br/><span style=\"color: rgb(51, 51, 51); font-family: &quot;Microsoft YaHei&quot;, 微软雅黑; background-color: rgb(255, 255, 255);\">　　</span><strong style=\"margin: 0px; padding: 0px; list-style: none; color: rgb(51, 51, 51); font-family: &quot;Microsoft YaHei&quot;, 微软雅黑; line-height: 36px; white-space: normal; background-color: rgb(255, 255, 255);\">五、因移居境外注销中国户籍的纳税申报</strong><br/><span style=\"color: rgb(51, 51, 51); font-family: &quot;Microsoft YaHei&quot;, 微软雅黑; background-color: rgb(255, 255, 255);\">　　纳税人因移居境外注销中国户籍的，应当在申请注销中国户籍前，向户籍所在地主管税务机关办理纳税申报，进行税款清算。</span><br/><span style=\"color: rgb(51, 51, 51); font-family: &quot;Microsoft YaHei&quot;, 微软雅黑; background-color: rgb(255, 255, 255);\">　　（一）纳税人在注销户籍年度取得综合所得的，应当在注销户籍前，办理当年综合所得的汇算清缴，并报送《个人所得税年度自行纳税申报表》。尚未办理上一年度综合所得汇算清缴的，应当在办理注销户籍纳税申报时一并办理。</span><br/><span style=\"color: rgb(51, 51, 51); font-family: &quot;Microsoft YaHei&quot;, 微软雅黑; background-color: rgb(255, 255, 255);\">　　（二）纳税人在注销户籍年度取得经营所得的，应当在注销户籍前，办理当年经营所得的汇算清缴，并报送《个人所得税经营所得纳税申报表（B表）》。从两处以上取得经营所得的，还应当一并报送《个人所得税经营所得纳税申报表（C表）》。尚未办理上一年度经营所得汇算清缴的，应当在办理注销户籍纳税申报时一并办理。</span><br/><span style=\"color: rgb(51, 51, 51); font-family: &quot;Microsoft YaHei&quot;, 微软雅黑; background-color: rgb(255, 255, 255);\">　　（三）纳税人在注销户籍当年取得利息、股息、红利所得，财产租赁所得，财产转让所得和偶然所得的，应当在注销户籍前，申报当年上述所得的完税情况，并报送《个人所得税自行纳税申报表（A表）》。</span><br/><span style=\"color: rgb(51, 51, 51); font-family: &quot;Microsoft YaHei&quot;, 微软雅黑; background-color: rgb(255, 255, 255);\">　　（四）纳税人有未缴或者少缴税款的，应当在注销户籍前，结清欠缴或未缴的税款。纳税人存在分期缴税且未缴纳完毕的，应当在注销户籍前，结清尚未缴纳的税款。</span><br/><span style=\"color: rgb(51, 51, 51); font-family: &quot;Microsoft YaHei&quot;, 微软雅黑; background-color: rgb(255, 255, 255);\">　　（五）纳税人办理注销户籍纳税申报时，需要办理专项附加扣除、依法确定的其他扣除的，应当向税务机关报送《个人所得税专项附加扣除信息表》《商业健康保险税前扣除情况明细表》《个人税收递延型商业养老保险税前扣除情况明细表》等。</span><br/><span style=\"color: rgb(51, 51, 51); font-family: &quot;Microsoft YaHei&quot;, 微软雅黑; background-color: rgb(255, 255, 255);\">　　</span><strong style=\"margin: 0px; padding: 0px; list-style: none; color: rgb(51, 51, 51); font-family: &quot;Microsoft YaHei&quot;, 微软雅黑; line-height: 36px; white-space: normal; background-color: rgb(255, 255, 255);\">六、非居民个人在中国境内从两处以上取得工资、薪金所得的纳税申报</strong><br/><span style=\"color: rgb(51, 51, 51); font-family: &quot;Microsoft YaHei&quot;, 微软雅黑; background-color: rgb(255, 255, 255);\">　　非居民个人在中国境内从两处以上取得工资、薪金所得的，应当在取得所得的次月15日内，向其中一处任职、受雇单位所在地主管税务机关办理纳税申报，并报送《个人所得税自行纳税申报表（A表）》。</span><br/><span style=\"color: rgb(51, 51, 51); font-family: &quot;Microsoft YaHei&quot;, 微软雅黑; background-color: rgb(255, 255, 255);\">　　</span><strong style=\"margin: 0px; padding: 0px; list-style: none; color: rgb(51, 51, 51); font-family: &quot;Microsoft YaHei&quot;, 微软雅黑; line-height: 36px; white-space: normal; background-color: rgb(255, 255, 255);\">七、纳税申报方式</strong><br/><span style=\"color: rgb(51, 51, 51); font-family: &quot;Microsoft YaHei&quot;, 微软雅黑; background-color: rgb(255, 255, 255);\">　　纳税人可以采用远程办税端、邮寄等方式申报，也可以直接到主管税务机关申报。</span><br/><span style=\"color: rgb(51, 51, 51); font-family: &quot;Microsoft YaHei&quot;, 微软雅黑; background-color: rgb(255, 255, 255);\">　　</span><strong style=\"margin: 0px; padding: 0px; list-style: none; color: rgb(51, 51, 51); font-family: &quot;Microsoft YaHei&quot;, 微软雅黑; line-height: 36px; white-space: normal; background-color: rgb(255, 255, 255);\">八、其他有关问题</strong><br/><span style=\"color: rgb(51, 51, 51); font-family: &quot;Microsoft YaHei&quot;, 微软雅黑; background-color: rgb(255, 255, 255);\">　　（一）纳税人办理自行纳税申报时，应当一并报送税务机关要求报送的其他有关资料。首次申报或者个人基础信息发生变化的，还应报送《个人所得税基础信息表（B表）》。</span><br/><span style=\"color: rgb(51, 51, 51); font-family: &quot;Microsoft YaHei&quot;, 微软雅黑; background-color: rgb(255, 255, 255);\">　　本公告涉及的有关表证单书，由国家税务总局统一制定式样，另行公告。</span><br/><span style=\"color: rgb(51, 51, 51); font-family: &quot;Microsoft YaHei&quot;, 微软雅黑; background-color: rgb(255, 255, 255);\">　　（二）纳税人在办理纳税申报时需要享受税收协定待遇的，按照享受税收协定待遇有关办法办理。</span><br/><span style=\"color: rgb(51, 51, 51); font-family: &quot;Microsoft YaHei&quot;, 微软雅黑; background-color: rgb(255, 255, 255);\">　　</span><strong style=\"margin: 0px; padding: 0px; list-style: none; color: rgb(51, 51, 51); font-family: &quot;Microsoft YaHei&quot;, 微软雅黑; line-height: 36px; white-space: normal; background-color: rgb(255, 255, 255);\">九、施行时间</strong><br/><span style=\"color: rgb(51, 51, 51); font-family: &quot;Microsoft YaHei&quot;, 微软雅黑; background-color: rgb(255, 255, 255);\">　　本公告自2019年1月1日起施行。</span><br/><span style=\"color: rgb(51, 51, 51); font-family: &quot;Microsoft YaHei&quot;, 微软雅黑; background-color: rgb(255, 255, 255);\">　　特此公告。</span></p>','',600.00,10,2,1626692573,'month'),(20,'公司财税常见问题','公司财税','1.进项税票记得及时认证，错过了就不能抵扣了，损失就大了。<br/>2.进货时要对方能开增值税专用发票的，就是一般纳税人那里买东西，小规模的让他到税务局代开专票，要不你不能抵扣的。<br/>3.如果你在辅导期内，注意开票的数量，这个期间你们的发票是有限制的，增购非常费劲的。<br/>4.账务做的好点，税务局对一般纳税人管理上比较严格。<br/>5.提醒一下商品发出180天，如果没卖掉记得弄回来，要不要交税的。<br/>6.注意一下视同销售和进项税转出的问题。','',63.00,10,2,1626692630,'week'),(21,'个体工商户需要缴纳哪些税','个体工商户','<p>1、增值税：小规模纳税人，月销售额未超过10万元（以1个季度为1个纳税期的，季度销售额未超过30万元）的，免征增值税。</p><p>注意：不需要交税并不等于不需要申报。0申报也要申报！</p><p>2、附加费：个体户一般涉及的附加费有城市维护建设税、教育费附加和地方教育费附加可以享受最高减征50%最新的优惠政策。30万以下免征增值税和附加税（税局代开增值税专票的除外）。</p><p>3、个人所得税：根据《个体工商户个人所得税计税办法》 第四条规定：“ 个体工商户以业主为个人所得税纳税义务人。”因此，个体工商户不缴纳企业所得税，只用交纳个人所得税。</p><p><br/></p>','',300.00,10,2,1626692697,'month'),(22,'小规模纳税人自行开具增值票','小规模纳税人,增值票','<p>一）所有小规模纳税人（其他个人除外）均可以选择使用增值税发票管理系统自行开具增值税专用发票。</p><p>（二）自愿选择自行开具增值税专用发票的小规模纳税人，税务机关不再为其代开。需要特别说明的是，货物运输业小规模纳税人可以根据自愿原则选择自行开具增值税专用发票；未选择自行开具增值税专用发票的纳税人，按照《国家税务总局关于发布&lt;货物运输业小规模纳税人申请代开增值税专用发票管理办法&gt;的公告》（国家税务总局公告2017年第55号，国家税务总局公告2018年第31号修改并发布）相关规定，向税务机关申请代开。</p><p>（三）自愿选择自行开具增值税专用发票的小规模纳税人销售其取得的不动产，需要开具增值税专用发票的，税务机关不再为其代开。</p><p><br/></p>','',800.00,10,2,1626915283,'month');
/*!40000 ALTER TABLE `ke_service` ENABLE KEYS */;
UNLOCK TABLES;

--
-- Table structure for table `ke_service_test`
--

DROP TABLE IF EXISTS `ke_service_test`;
/*!40101 SET @saved_cs_client     = @@character_set_client */;
/*!40101 SET character_set_client = utf8 */;
CREATE TABLE `ke_service_test` (
  `id` int(12) NOT NULL AUTO_INCREMENT COMMENT 'Id',
  `service_id` int(12) NOT NULL COMMENT '服务id',
  `name` varchar(255) COLLATE utf8_unicode_ci DEFAULT NULL COMMENT '问卷名称',
  `content` text COLLATE utf8_unicode_ci COMMENT '问卷内容',
  `status` tinyint(4) DEFAULT NULL COMMENT '1=显示,2=隐藏',
  `weigh` int(12) DEFAULT '10' COMMENT '排序',
  PRIMARY KEY (`id`) USING BTREE
) ENGINE=MyISAM AUTO_INCREMENT=19 DEFAULT CHARSET=utf8 COLLATE=utf8_unicode_ci ROW_FORMAT=DYNAMIC COMMENT='咨询问卷';
/*!40101 SET character_set_client = @saved_cs_client */;

--
-- Dumping data for table `ke_service_test`
--

LOCK TABLES `ke_service_test` WRITE;
/*!40000 ALTER TABLE `ke_service_test` DISABLE KEYS */;
INSERT INTO `ke_service_test` VALUES (4,4,'财务咨询KYC50-100','[{\"xuhao\":1,\"type\":\"radio\",\"timu\":\"您的性别是？\",\"tinei\":\"男\\n女\\n\"},{\"xuhao\":2,\"type\":\"radio\",\"timu\":\"您的年龄是？\",\"tinei\":\"25岁以下\\n26-35岁\\n36-45岁\\n46-55岁\\n56-65岁\\n65岁以上\\n\"},{\"xuhao\":3,\"type\":\"radio\",\"timu\":\"您目前可支配的家庭总资产是？\",\"tinei\":\"15万元以下\\n16-50万元\\n51-100万元\\n101-500万元\\n501-1000万元\\n1000-3000万元\\n3000万元以上\\n\"},{\"xuhao\":4,\"type\":\"radio\",\"timu\":\"您可支配的家庭资产中用于储蓄、投资的比例为？\",\"tinei\":\"小于10%\\n10%-25%\\n25%-50%\\n大于50%\\n\"},{\"xuhao\":5,\"type\":\"radio\",\"timu\":\"您的主要收入来源是？\",\"tinei\":\"工资、劳务报酬\\n生产经营所得\\n利息、股息等金融性资产收入\\n出租或售卖房地产等非金融性资产收入\\n无固定收入\\n\"},{\"xuhao\":6,\"type\":\"radio\",\"timu\":\"您的家庭年收入是？\",\"tinei\":\"10万元以下\\n11万元-30万元\\n31万元-100万元\\n100万元-300万元\\n300万元以上\\n\"},{\"xuhao\":7,\"type\":\"radio\",\"timu\":\"您有过多少年金融产品投资经验？\",\"tinei\":\"没有经验\\n少于2年\\n2-5年\\n5-8年\\n8年以上\\n\"},{\"xuhao\":8,\"type\":\"checkbox\",\"timu\":\"您有过以下哪些投资经验？【多选】\",\"tinei\":\"国债、存款\\n理财\\n信托\\n基金、股票\\n期货\\n外汇\\n\"},{\"xuhao\":9,\"type\":\"radio\",\"timu\":\"以下哪项描述最符合您的投资态度？\",\"tinei\":\"厌恶风险，无法接受本金损失，追求确定回报。\\n保守投资，本金不损失的情况下，收益可以有波动。\\n寻求较高的收益，可以承受本金略微损失。\\n寻求超高回报，愿意承担本金损失和长期波动。\\n\"},{\"xuhao\":10,\"type\":\"radio\",\"timu\":\"您的资产收益率（年化）目标为？\",\"tinei\":\"4%以下\\n4%-6%\\n6%-10%\\n10%-30%\\n30%-50%\\n50%以上\\n\"},{\"xuhao\":11,\"type\":\"radio\",\"timu\":\"您能承受的最大投资损失是多少？\",\"tinei\":\"本金无损失\\n本金5%以内\\n本金5%-10%\\n本金11%-30%\\n本金30%-50%\\n本金50%以上\\n\"},{\"xuhao\":12,\"type\":\"radio\",\"timu\":\"您计划的投资期限是多久？\",\"tinei\":\"3个月以内\\n3-6个月\\n6-12个月\\n1-3年\\n3-5年\\n5年以上\\n\"},{\"xuhao\":13,\"type\":\"checkbox\",\"timu\":\"您的个人、抚养子女、赡养老人处于以下哪种状态？【多选】\",\"tinei\":\"仅为自己考虑\\n无子女要抚养\\n有子女要抚养\\n有老人需要赡养\\n无老人需要赡养\\n\"},{\"xuhao\":14,\"type\":\"radio\",\"timu\":\"您是否有尚未清偿的数额较大的债务，如有，其性质是？\",\"tinei\":\"没有债务\\n有，住房抵押贷款等长期定额债务\\n有，信用卡欠款、消费信贷等短期信用债务\\n有，亲戚朋友借款\\n\"},{\"xuhao\":15,\"type\":\"radio\",\"timu\":\"您是否持有黄金、美元等避险资产？\",\"tinei\":\"是，但是很少\\n是，金额足够\\n否\\n\"},{\"xuhao\":16,\"type\":\"radio\",\"timu\":\"您是否为自己或家庭支柱购买了意外险、重疾险、年金险等其他保障性产品？\",\"tinei\":\"是，购买了一部分\\n是，所有保障已经购买齐全\\n否，没买过，不知道要买什么\\n否，没考虑过且不买保险\\n\"},{\"xuhao\":17,\"type\":\"radio\",\"timu\":\"如果需要贷款资金，您可接受的最高贷款利率为？\",\"tinei\":\"4%-5%\\n5%-6.5%\\n6.5%-10%\\n10%以上\\n\"},{\"xuhao\":18,\"type\":\"radio\",\"timu\":\"您是否为金融行业从业人员？是否具备基础的金融知识？\",\"tinei\":\"具备丰富的金融知识\\n基本了解\\n不太了解\\n完全不懂\\n\"},{\"xuhao\":19,\"type\":\"radio\",\"timu\":\"您是否还有其他重要信息可能会影响咨询服务？\\n\",\"tinei\":\"是，请私信我了解更多\\n否\\n\"}]',1,50),(5,5,'财务咨询KYC30-50','[{\"xuhao\":1,\"type\":\"radio\",\"timu\":\"您的性别是？\",\"tinei\":\"男\\n女\"},{\"xuhao\":2,\"type\":\"radio\",\"timu\":\"您的年龄是？\",\"tinei\":\"25岁以下\\n26-35岁\\n36-45岁\\n46-55岁\\n56-65岁\\n65岁以上\"},{\"xuhao\":3,\"type\":\"radio\",\"timu\":\"您目前可支配的家庭总资产是？\",\"tinei\":\"15万元以下\\n16-50万元\\n51-100万元\\n101-500万元\\n501-1000万元\\n1000-3000万元\\n3000万元以上\"},{\"xuhao\":4,\"type\":\"radio\",\"timu\":\"您可支配的家庭资产中用于储蓄、投资的比例为？\",\"tinei\":\"小于10%\\n10%-25%\\n25%-50%\\n大于50%\"},{\"xuhao\":5,\"type\":\"radio\",\"timu\":\"您的主要收入来源是？\",\"tinei\":\"工资、劳务报酬\\n生产经营所得\\n利息、股息等金融性资产收入\\n出租或售卖房地产等非金融性资产收入\\n无固定收入\"},{\"xuhao\":6,\"type\":\"radio\",\"timu\":\"您的家庭年收入是？\",\"tinei\":\"10万元以下\\n11万元-30万元\\n31万元-100万元\\n100万元-300万元\\n300万元以上\"},{\"xuhao\":7,\"type\":\"radio\",\"timu\":\"您有过多少年金融产品投资经验？\",\"tinei\":\"没有经验\\n少于2年\\n2-5年\\n5-8年\\n8年以上\"},{\"xuhao\":8,\"type\":\"checkbox\",\"timu\":\"您有过以下哪些投资经验？【多选】\",\"tinei\":\"国债、存款\\n理财\\n信托\\n基金、股票\\n期货\\n外汇\"},{\"xuhao\":9,\"type\":\"radio\",\"timu\":\"以下哪项描述最符合您的投资态度？\",\"tinei\":\"厌恶风险，无法接受本金损失，追求确定回报。\\n保守投资，本金不损失的情况下，收益可以有波动。\\n寻求较高的收益，可以承受本金略微损失。\\n寻求超高回报，愿意承担本金损失和长期波动。\"},{\"xuhao\":10,\"type\":\"radio\",\"timu\":\"您的资产收益率（年化）目标为？\",\"tinei\":\"4%以下\\n4%-6%\\n6%-10%\\n10%-30%\\n30%-50%\\n50%以上\"},{\"xuhao\":11,\"type\":\"radio\",\"timu\":\"您能承受的最大投资损失是多少？\",\"tinei\":\"本金无损失\\n本金5%以内\\n本金5%-10%\\n本金11%-30%\\n本金30%-50%\\n本金50%以上\"},{\"xuhao\":12,\"type\":\"radio\",\"timu\":\"您计划的投资期限是多久？\",\"tinei\":\"3个月以内\\n3-6个月\\n6-12个月\\n1-3年\\n3-5年\\n5年以上\"},{\"xuhao\":13,\"type\":\"checkbox\",\"timu\":\"您的个人、抚养子女、赡养老人处于以下哪种状态？【多选】\",\"tinei\":\"仅为自己考虑\\n无子女要抚养\\n有子女要抚养\\n有老人需要赡养\\n无老人需要赡养\\n\\n\"},{\"xuhao\":14,\"type\":\"radio\",\"timu\":\"您是否有尚未清偿的数额较大的债务，如有，其性质是？\",\"tinei\":\"没有债务\\n有，住房抵押贷款等长期定额债务\\n有，信用卡欠款、消费信贷等短期信用债务\\n有，亲戚朋友借款\\n\"},{\"xuhao\":15,\"type\":\"radio\",\"timu\":\"您是否持有黄金、美元等避险资产？\",\"tinei\":\"是，但是很少\\n是，金额足够\\n否\"},{\"xuhao\":16,\"type\":\"radio\",\"timu\":\"您是否为自己或家庭支柱购买了意外险、重疾险、年金险等其他保障性产品？\",\"tinei\":\"是，购买了一部分\\n是，所有保障已经购买齐全\\n否，没买过，不知道要买什么\\n否，没考虑过且不买保险\"},{\"xuhao\":17,\"type\":\"radio\",\"timu\":\"如果需要贷款资金，您可接受的最高贷款利率为？\",\"tinei\":\"4%-5%\\n5%-6.5%\\n6.5%-10%\\n10%以上\"},{\"xuhao\":18,\"type\":\"radio\",\"timu\":\"您是否为金融行业从业人员？是否具备基础的金融知识？\",\"tinei\":\"具备丰富的金融知识\\n基本了解\\n不太了解\\n完全不懂\"},{\"xuhao\":19,\"type\":\"radio\",\"timu\":\"您是否还有其他重要信息可能会影响咨询服务？\",\"tinei\":\"是，请私信我了解更多\\n否\"}]',1,50),(6,2,'财务咨询KYC200-300','[{\"xuhao\":1,\"type\":\"radio\",\"timu\":\"您的性别是？\",\"tinei\":\"男\\n女\\n\"},{\"xuhao\":2,\"type\":\"radio\",\"timu\":\"您的年龄是？\",\"tinei\":\"25岁以下\\n26-35岁\\n36-45岁\\n46-55岁\\n56-65岁\\n65岁以上\\n\"},{\"xuhao\":3,\"type\":\"radio\",\"timu\":\"您目前可支配的家庭总资产是？\",\"tinei\":\"15万元以下\\n16-50万元\\n51-100万元\\n101-500万元\\n501-1000万元\\n1000-3000万元\\n3000万元以上\\n\"},{\"xuhao\":4,\"type\":\"radio\",\"timu\":\"您可支配的家庭资产中用于储蓄、投资的比例为？\",\"tinei\":\"小于10%\\n10%-25%\\n25%-50%\\n大于50%\\n\"},{\"xuhao\":5,\"type\":\"radio\",\"timu\":\"您的主要收入来源是？\",\"tinei\":\"工资、劳务报酬\\n生产经营所得\\n利息、股息等金融性资产收入\\n出租或售卖房地产等非金融性资产收入\\n无固定收入\\n\"},{\"xuhao\":6,\"type\":\"radio\",\"timu\":\"您的家庭年收入是？\",\"tinei\":\"10万元以下\\n11万元-30万元\\n31万元-100万元\\n100万元-300万元\\n300万元以上\\n\"},{\"xuhao\":7,\"type\":\"radio\",\"timu\":\"您有过多少年金融产品投资经验？\",\"tinei\":\"没有经验\\n少于2年\\n2-5年\\n5-8年\\n8年以上\\n\"},{\"xuhao\":8,\"type\":\"checkbox\",\"timu\":\"您有过以下哪些投资经验？【多选】\",\"tinei\":\"国债、存款\\n理财\\n信托\\n基金、股票\\n期货\\n外汇\\n\"},{\"xuhao\":9,\"type\":\"radio\",\"timu\":\"以下哪项描述最符合您的投资态度？\",\"tinei\":\"厌恶风险，无法接受本金损失，追求确定回报。\\n保守投资，本金不损失的情况下，收益可以有波动。\\n寻求较高的收益，可以承受本金略微损失。\\n寻求超高回报，愿意承担本金损失和长期波动。\\n\"},{\"xuhao\":10,\"type\":\"radio\",\"timu\":\"您的资产收益率（年化）目标为？\",\"tinei\":\"4%以下\\n4%-6%\\n6%-10%\\n10%-30%\\n30%-50%\\n50%以上\\n\"},{\"xuhao\":11,\"type\":\"radio\",\"timu\":\"您能承受的最大投资损失是多少？\",\"tinei\":\"本金无损失\\n本金5%以内\\n本金5%-10%\\n本金11%-30%\\n本金30%-50%\\n本金50%以上\\n\"},{\"xuhao\":12,\"type\":\"radio\",\"timu\":\"您计划的投资期限是多久？\",\"tinei\":\"3个月以内\\n3-6个月\\n6-12个月\\n1-3年\\n3-5年\\n5年以上\\n\"},{\"xuhao\":13,\"type\":\"checkbox\",\"timu\":\"您的个人、抚养子女、赡养老人处于以下哪种状态？【多选】\",\"tinei\":\"仅为自己考虑\\n无子女要抚养\\n有子女要抚养\\n有老人需要赡养\\n无老人需要赡养\\n\"},{\"xuhao\":14,\"type\":\"radio\",\"timu\":\"您是否有尚未清偿的数额较大的债务，如有，其性质是？\\n\",\"tinei\":\"没有债务\\n有，住房抵押贷款等长期定额债务\\n有，信用卡欠款、消费信贷等短期信用债务\\n有，亲戚朋友借款\\n\"},{\"xuhao\":15,\"type\":\"radio\",\"timu\":\"您是否持有黄金、美元等避险资产？\",\"tinei\":\"是，但是很少\\n是，金额足够\\n否\\n\"},{\"xuhao\":16,\"type\":\"radio\",\"timu\":\"您是否为自己或家庭支柱购买了意外险、重疾险、年金险等其他保障性产品？\",\"tinei\":\"是，购买了一部分\\n是，所有保障已经购买齐全\\n否，没买过，不知道要买什么\\n否，没考虑过且不买保险\\n\"},{\"xuhao\":17,\"type\":\"radio\",\"timu\":\"如果需要贷款资金，您可接受的最高贷款利率为？\",\"tinei\":\"4%-5%\\n5%-6.5%\\n6.5%-10%\\n10%以上\\n\"},{\"xuhao\":18,\"type\":\"radio\",\"timu\":\"您是否为金融行业从业人员？是否具备基础的金融知识？\",\"tinei\":\"具备丰富的金融知识\\n基本了解\\n不太了解\\n完全不懂\\n\"},{\"xuhao\":19,\"type\":\"radio\",\"timu\":\"您是否还有其他重要信息可能会影响咨询服务？\",\"tinei\":\"是，请私信我了解更多\\n否\"}]',1,50),(7,6,'财务咨询KYC0-30','[{\"xuhao\":1,\"type\":\"radio\",\"timu\":\"您的性别是？\",\"tinei\":\"男\\n女\\n\"},{\"xuhao\":2,\"type\":\"radio\",\"timu\":\"您的年龄是？\",\"tinei\":\"25岁以下\\n26-35岁\\n36-45岁\\n46-55岁\\n56-65岁\\n65岁以上\\n\"},{\"xuhao\":3,\"type\":\"radio\",\"timu\":\"您目前可支配的家庭总资产是？\",\"tinei\":\"15万元以下\\n16-50万元\\n51-100万元\\n101-500万元\\n501-1000万元\\n1000-3000万元\\n3000万元以上\\n\"},{\"xuhao\":4,\"type\":\"radio\",\"timu\":\"您可支配的家庭资产中用于储蓄、投资的比例为？\\n\",\"tinei\":\"小于10%\\n10%-25%\\n25%-50%\\n大于50%\\n\"},{\"xuhao\":5,\"type\":\"radio\",\"timu\":\"您的主要收入来源是？\",\"tinei\":\"工资、劳务报酬\\n生产经营所得\\n利息、股息等金融性资产收入\\n出租或售卖房地产等非金融性资产收入\\n无固定收入\\n\"},{\"xuhao\":6,\"type\":\"radio\",\"timu\":\"您的家庭年收入是？\",\"tinei\":\"10万元以下\\n11万元-30万元\\n31万元-100万元\\n100万元-300万元\\n300万元以上\\n\"},{\"xuhao\":7,\"type\":\"radio\",\"timu\":\"您有过多少年金融产品投资经验？\",\"tinei\":\"没有经验\\n少于2年\\n2-5年\\n5-8年\\n8年以上\\n\"},{\"xuhao\":8,\"type\":\"checkbox\",\"timu\":\"您有过以下哪些投资经验？【多选】\",\"tinei\":\"国债、存款\\n理财\\n信托\\n基金、股票\\n期货\\n外汇\\n\"},{\"xuhao\":9,\"type\":\"radio\",\"timu\":\"以下哪项描述最符合您的投资态度？\",\"tinei\":\"厌恶风险，无法接受本金损失，追求确定回报。\\n保守投资，本金不损失的情况下，收益可以有波动。\\n寻求较高的收益，可以承受本金略微损失。\\n寻求超高回报，愿意承担本金损失和长期波动。\\n\"},{\"xuhao\":10,\"type\":\"radio\",\"timu\":\"您的资产收益率（年化）目标为？\",\"tinei\":\"4%以下\\n4%-6%\\n6%-10%\\n10%-30%\\n30%-50%\\n50%以上\\n\"},{\"xuhao\":11,\"type\":\"radio\",\"timu\":\"您能承受的最大投资损失是多少？\",\"tinei\":\"本金无损失\\n本金5%以内\\n本金5%-10%\\n本金11%-30%\\n本金30%-50%\\n本金50%以上\\n\"},{\"xuhao\":12,\"type\":\"radio\",\"timu\":\"您计划的投资期限是多久？\",\"tinei\":\"3个月以内\\n3-6个月\\n6-12个月\\n1-3年\\n3-5年\\n5年以上\\n\"},{\"xuhao\":13,\"type\":\"checkbox\",\"timu\":\"您的个人、抚养子女、赡养老人处于以下哪种状态？【多选】\",\"tinei\":\"仅为自己考虑\\n无子女要抚养\\n有子女要抚养\\n有老人需要赡养\\n无老人需要赡养\\n\"},{\"xuhao\":14,\"type\":\"radio\",\"timu\":\"您是否有尚未清偿的数额较大的债务，如有，其性质是？\",\"tinei\":\"没有债务\\n有，住房抵押贷款等长期定额债务\\n有，信用卡欠款、消费信贷等短期信用债务\\n有，亲戚朋友借款\\n\"},{\"xuhao\":15,\"type\":\"radio\",\"timu\":\"您是否持有黄金、美元等避险资产？\",\"tinei\":\"是，但是很少\\n是，金额足够\\n否\\n\"},{\"xuhao\":16,\"type\":\"radio\",\"timu\":\"您是否为自己或家庭支柱购买了意外险、重疾险、年金险等其他保障性产品？\",\"tinei\":\"是，购买了一部分\\n是，所有保障已经购买齐全\\n否，没买过，不知道要买什么\\n否，没考虑过且不买保险\\n\"},{\"xuhao\":17,\"type\":\"radio\",\"timu\":\"如果需要贷款资金，您可接受的最高贷款利率为？\",\"tinei\":\"4%-5%\\n5%-6.5%\\n6.5%-10%\\n10%以上\\n\"},{\"xuhao\":18,\"type\":\"radio\",\"timu\":\"您是否为金融行业从业人员？是否具备基础的金融知识？\",\"tinei\":\"具备丰富的金融知识\\n基本了解\\n不太了解\\n完全不懂\\n\"},{\"xuhao\":19,\"type\":\"radio\",\"timu\":\"您是否还有其他重要信息可能会影响咨询服务？\",\"tinei\":\"是，请私信我了解更多\\n否\\n\"}]',1,50),(8,3,'财务咨询KYC100-200','[{\"xuhao\":1,\"type\":\"radio\",\"timu\":\"您的性别是？\",\"tinei\":\"男\\n女\\n\"},{\"xuhao\":2,\"type\":\"radio\",\"timu\":\"您的年龄是？\",\"tinei\":\"25岁以下\\n26-35岁\\n36-45岁\\n46-55岁\\n56-65岁\\n65岁以上\\n\"},{\"xuhao\":3,\"type\":\"radio\",\"timu\":\"您目前可支配的家庭总资产是？\",\"tinei\":\"15万元以下\\n16-50万元\\n51-100万元\\n101-500万元\\n501-1000万元\\n1000-3000万元\\n3000万元以上\\n\"},{\"xuhao\":4,\"type\":\"radio\",\"timu\":\"您可支配的家庭资产中用于储蓄、投资的比例为？\",\"tinei\":\"小于10%\\n10%-25%\\n25%-50%\\n大于50%\\n\"},{\"xuhao\":5,\"type\":\"radio\",\"timu\":\"您的主要收入来源是？\",\"tinei\":\"工资、劳务报酬\\n生产经营所得\\n利息、股息等金融性资产收入\\n出租或售卖房地产等非金融性资产收入\\n无固定收入\\n\"},{\"xuhao\":6,\"type\":\"radio\",\"timu\":\"您的家庭年收入是？\",\"tinei\":\"10万元以下\\n11万元-30万元\\n31万元-100万元\\n100万元-300万元\\n300万元以上\\n\"},{\"xuhao\":7,\"type\":\"radio\",\"timu\":\"您有过多少年金融产品投资经验？\",\"tinei\":\"没有经验\\n少于2年\\n2-5年\\n5-8年\\n8年以上\"},{\"xuhao\":8,\"type\":\"checkbox\",\"timu\":\"您有过以下哪些投资经验？【多选】\",\"tinei\":\"国债、存款\\n理财\\n信托\\n基金、股票\\n期货\\n外汇\"},{\"xuhao\":9,\"type\":\"radio\",\"timu\":\"以下哪项描述最符合您的投资态度？\",\"tinei\":\"厌恶风险，无法接受本金损失，追求确定回报。\\n保守投资，本金不损失的情况下，收益可以有波动。\\n寻求较高的收益，可以承受本金略微损失。\\n寻求超高回报，愿意承担本金损失和长期波动。\"},{\"xuhao\":10,\"type\":\"radio\",\"timu\":\"您的资产收益率（年化）目标为？\",\"tinei\":\"4%以下\\n4%-6%\\n6%-10%\\n10%-30%\\n30%-50%\\n50%以上\\n\"},{\"xuhao\":11,\"type\":\"radio\",\"timu\":\"您能承受的最大投资损失是多少？\",\"tinei\":\"本金无损失\\n本金5%以内\\n本金5%-10%\\n本金11%-30%\\n本金30%-50%\\n本金50%以上\\n\"},{\"xuhao\":12,\"type\":\"radio\",\"timu\":\"您计划的投资期限是多久？\",\"tinei\":\"3个月以内\\n3-6个月\\n6-12个月\\n1-3年\\n3-5年\\n5年以上\\n\"},{\"xuhao\":13,\"type\":\"checkbox\",\"timu\":\"您的个人、抚养子女、赡养老人处于以下哪种状态？【多选】\",\"tinei\":\"仅为自己考虑\\n无子女要抚养\\n有子女要抚养\\n有老人需要赡养\\n无老人需要赡养\\n\"},{\"xuhao\":14,\"type\":\"radio\",\"timu\":\"您是否有尚未清偿的数额较大的债务，如有，其性质是？\",\"tinei\":\"没有债务\\n有，住房抵押贷款等长期定额债务\\n有，信用卡欠款、消费信贷等短期信用债务\\n有，亲戚朋友借款\\n\"},{\"xuhao\":15,\"type\":\"radio\",\"timu\":\"您是否持有黄金、美元等避险资产？\",\"tinei\":\"是，但是很少\\n是，金额足够\\n否\\n\"},{\"xuhao\":16,\"type\":\"radio\",\"timu\":\"您是否为自己或家庭支柱购买了意外险、重疾险、年金险等其他保障性产品？\",\"tinei\":\"是，购买了一部分\\n是，所有保障已经购买齐全\\n否，没买过，不知道要买什么\\n否，没考虑过且不买保险\\n\"},{\"xuhao\":17,\"type\":\"radio\",\"timu\":\"如果需要贷款资金，您可接受的最高贷款利率为？\",\"tinei\":\"4%-5%\\n5%-6.5%\\n6.5%-10%\\n10%以上\\n\"},{\"xuhao\":18,\"type\":\"radio\",\"timu\":\"您是否为金融行业从业人员？是否具备基础的金融知识？\",\"tinei\":\"具备丰富的金融知识\\n基本了解\\n不太了解\\n完全不懂\\n\"},{\"xuhao\":19,\"type\":\"radio\",\"timu\":\"您是否还有其他重要信息可能会影响咨询服务？\",\"tinei\":\"是，请私信我了解更多\\n否\\n\"}]',1,50),(9,7,'单次服务KYC ','[{\"xuhao\":1,\"type\":\"radio\",\"timu\":\"您的性别是？\",\"tinei\":\"您的性别是？\"},{\"xuhao\":2,\"type\":\"radio\",\"timu\":\"您的年龄是？\",\"tinei\":\"25岁以下\\n26-35岁\\n36-45岁\\n46-55岁\\n56-65岁\\n65岁以上\\n\"},{\"xuhao\":3,\"type\":\"radio\",\"timu\":\"您目前可支配的家庭总资产是？\",\"tinei\":\"15万元以下\\n16-50万元\\n51-100万元\\n101-500万元\\n501-1000万元\\n1000-3000万元\\n3000万元以上\\n\"},{\"xuhao\":4,\"type\":\"radio\",\"timu\":\"您可支配的家庭资产中用于储蓄、投资的比例为？\",\"tinei\":\"小于10%\\n10%-25%\\n25%-50%\\n大于50%\\n\"},{\"xuhao\":5,\"type\":\"radio\",\"timu\":\"您的主要收入来源是？\",\"tinei\":\"工资、劳务报酬\\n生产经营所得\\n利息、股息等金融性资产收入\\n出租或售卖房地产等非金融性资产收入\\n无固定收入\\n\"},{\"xuhao\":6,\"type\":\"radio\",\"timu\":\"您的家庭年收入是？\",\"tinei\":\"10万元以下\\n11万元-30万元\\n31万元-100万元\\n100万元-300万元\\n300万元以上\\n\"},{\"xuhao\":7,\"type\":\"radio\",\"timu\":\"您有过多少年金融产品投资经验？\",\"tinei\":\"没有经验\\n少于2年\\n2-5年\\n5-8年\\n8年以上\\n\"},{\"xuhao\":8,\"type\":\"checkbox\",\"timu\":\"您有过以下哪些投资经验？【多选】\",\"tinei\":\"国债、存款\\n理财\\n信托\\n基金、股票\\n期货\\n外汇\\n比特币\"},{\"xuhao\":9,\"type\":\"radio\",\"timu\":\"以下哪项描述最符合您的投资态度？\",\"tinei\":\"厌恶风险，无法接受本金损失，追求确定回报。\\n保守投资，本金不损失的情况下，收益可以有波动。\\n寻求较高的收益，可以承受本金略微损失。\\n寻求超高回报，愿意承担本金损失和长期波动。\\n\"},{\"xuhao\":10,\"type\":\"radio\",\"timu\":\"您的资产收益率（年化）目标为？\",\"tinei\":\"4%以下\\n4%-6%\\n6%-10%\\n10%-30%\\n30%-50%\\n50%以上\\n\"},{\"xuhao\":11,\"type\":\"radio\",\"timu\":\"您能承受的最大投资损失是多少？\",\"tinei\":\"本金无损失\\n本金5%以内\\n本金5%-10%\\n本金11%-30%\\n本金30%-50%\\n本金50%以上\\n\"},{\"xuhao\":12,\"type\":\"radio\",\"timu\":\"您计划的投资期限是多久？\",\"tinei\":\"3个月以内\\n3-6个月\\n6-12个月\\n1-3年\\n3-5年\\n5年以上\\n\"},{\"xuhao\":13,\"type\":\"checkbox\",\"timu\":\"您的个人、抚养子女、赡养老人处于以下哪种状态？【多选】\",\"tinei\":\"仅为自己考虑\\n无子女要抚养\\n有子女要抚养\\n有老人需要赡养\\n无老人需要赡养\\n\"},{\"xuhao\":14,\"type\":\"radio\",\"timu\":\"您是否有尚未清偿的数额较大的债务，如有，其性质是？\",\"tinei\":\"没有债务\\n有，住房抵押贷款等长期定额债务\\n有，信用卡欠款、消费信贷等短期信用债务\\n有，亲戚朋友借款\\n\\n\"},{\"xuhao\":15,\"type\":\"radio\",\"timu\":\"您是否持有黄金、美元等避险资产？\",\"tinei\":\"是，但是很少\\n是，金额足够\\n否\\n\"},{\"xuhao\":16,\"type\":\"radio\",\"timu\":\"您是否为自己或家庭支柱购买了意外险、重疾险、年金险等其他保障性产品？\",\"tinei\":\"是，购买了一部分\\n是，所有保障已经购买齐全\\n否，没买过，不知道要买什么\\n否，没考虑过且不买保险\\n\"},{\"xuhao\":17,\"type\":\"radio\",\"timu\":\"如果需要贷款资金，您可接受的最高贷款利率为？\",\"tinei\":\"4%-5%\\n5%-6.5%\\n6.5%-10%\\n10%以上\\n\"},{\"xuhao\":18,\"type\":\"radio\",\"timu\":\"您是否为金融行业从业人员？是否具备基础的金融知识？\",\"tinei\":\"具备丰富的金融知识\\n基本了解\\n不太了解\\n完全不懂\\n\\n\"},{\"xuhao\":19,\"type\":\"radio\",\"timu\":\"您是否还有其他重要信息可能会影响咨询服务？\\n\",\"tinei\":\"是，请私信我了解更多\\n否\\n\"}]',1,50),(10,8,'财务咨询KYC300-500','[{\"xuhao\":1,\"type\":\"radio\",\"timu\":\"您的性别是？\",\"tinei\":\"男\\n女\\n\"},{\"xuhao\":2,\"type\":\"radio\",\"timu\":\"您的年龄是？\",\"tinei\":\"25岁以下\\n26-35岁\\n36-45岁\\n46-55岁\\n56-65岁\\n65岁以上\\n\"},{\"xuhao\":3,\"type\":\"radio\",\"timu\":\"您目前可支配的家庭总资产是？\",\"tinei\":\"15万元以下\\n16-50万元\\n51-100万元\\n101-500万元\\n501-1000万元\\n1000-3000万元\\n3000万元以上\\n\"},{\"xuhao\":4,\"type\":\"radio\",\"timu\":\"您可支配的家庭资产中用于储蓄、投资的比例为？\",\"tinei\":\"小于10%\\n10%-25%\\n25%-50%\\n大于50%\\n\"},{\"xuhao\":5,\"type\":\"radio\",\"timu\":\"您的主要收入来源是？\",\"tinei\":\"工资、劳务报酬\\n生产经营所得\\n利息、股息等金融性资产收入\\n出租或售卖房地产等非金融性资产收入\\n无固定收入\\n\"},{\"xuhao\":6,\"type\":\"radio\",\"timu\":\"您的家庭年收入是？\",\"tinei\":\"10万元以下\\n11万元-30万元\\n31万元-100万元\\n100万元-300万元\\n300万元以上\\n\"},{\"xuhao\":7,\"type\":\"radio\",\"timu\":\"您有过多少年金融产品投资经验？\",\"tinei\":\"没有经验\\n少于2年\\n2-5年\\n5-8年\\n8年以上\\n\"},{\"xuhao\":8,\"type\":\"checkbox\",\"timu\":\"您有过以下哪些投资经验？【多选】\",\"tinei\":\"国债、存款\\n理财\\n信托\\n基金、股票\\n期货\\n外汇\\n\\n\"},{\"xuhao\":9,\"type\":\"radio\",\"timu\":\"以下哪项描述最符合您的投资态度？\",\"tinei\":\"厌恶风险，无法接受本金损失，追求确定回报。\\n保守投资，本金不损失的情况下，收益可以有波动。\\n寻求较高的收益，可以承受本金略微损失。\\n寻求超高回报，愿意承担本金损失和长期波动。\\n\"},{\"xuhao\":10,\"type\":\"radio\",\"timu\":\"您的资产收益率（年化）目标为？\",\"tinei\":\"4%以下\\n4%-6%\\n6%-10%\\n10%-30%\\n30%-50%\\n50%以上\\n\"},{\"xuhao\":11,\"type\":\"radio\",\"timu\":\"您能承受的最大投资损失是多少？\",\"tinei\":\"本金无损失\\n本金5%以内\\n本金5%-10%\\n本金11%-30%\\n本金30%-50%\\n本金50%以上\\n\"},{\"xuhao\":12,\"type\":\"radio\",\"timu\":\"您计划的投资期限是多久？\",\"tinei\":\"3个月以内\\n3-6个月\\n6-12个月\\n1-3年\\n3-5年\\n5年以上\\n\"},{\"xuhao\":13,\"type\":\"checkbox\",\"timu\":\"您的个人、抚养子女、赡养老人处于以下哪种状态？【多选】\",\"tinei\":\"仅为自己考虑\\n无子女要抚养\\n有子女要抚养\\n有老人需要赡养\\n无老人需要赡养\\n\"},{\"xuhao\":14,\"type\":\"radio\",\"timu\":\"您是否有尚未清偿的数额较大的债务，如有，其性质是？\",\"tinei\":\"没有债务\\n有，住房抵押贷款等长期定额债务\\n有，信用卡欠款、消费信贷等短期信用债务\\n有，亲戚朋友借款\\n\"},{\"xuhao\":15,\"type\":\"radio\",\"timu\":\"您是否持有黄金、美元等避险资产？\",\"tinei\":\"是，但是很少\\n是，金额足够\\n否\\n\"},{\"xuhao\":16,\"type\":\"radio\",\"timu\":\"您是否为自己或家庭支柱购买了意外险、重疾险、年金险等其他保障性产品？\",\"tinei\":\"是，购买了一部分\\n是，所有保障已经购买齐全\\n否，没买过，不知道要买什么\\n否，没考虑过且不买保险\\n\\n\"},{\"xuhao\":17,\"type\":\"radio\",\"timu\":\"如果需要贷款资金，您可接受的最高贷款利率为？\",\"tinei\":\"4%-5%\\n5%-6.5%\\n6.5%-10%\\n10%以上\\n\\n\"},{\"xuhao\":18,\"type\":\"radio\",\"timu\":\"您是否为金融行业从业人员？是否具备基础的金融知识？\",\"tinei\":\"具备丰富的金融知识\\n基本了解\\n不太了解\\n完全不懂\\n\"},{\"xuhao\":19,\"type\":\"radio\",\"timu\":\"您是否还有其他重要信息可能会影响咨询服务？\",\"tinei\":\"是，请私信我了解更多\\n否\\n\"}]',1,50),(11,10,'财务咨询KYC500-800','[{\"xuhao\":1,\"type\":\"radio\",\"timu\":\"您的性别是？\",\"tinei\":\"男\\n女\\n\"},{\"xuhao\":2,\"type\":\"radio\",\"timu\":\"您的年龄是？\",\"tinei\":\"25岁以下\\n26-35岁\\n36-45岁\\n46-55岁\\n56-65岁\\n65岁以上\\n\\n\"},{\"xuhao\":3,\"type\":\"radio\",\"timu\":\"您目前可支配的家庭总资产是？\",\"tinei\":\"15万元以下\\n16-50万元\\n51-100万元\\n101-500万元\\n501-1000万元\\n1000-3000万元\\n3000万元以上\\n\"},{\"xuhao\":4,\"type\":\"radio\",\"timu\":\"您可支配的家庭资产中用于储蓄、投资的比例为？\",\"tinei\":\"小于10%\\n10%-25%\\n25%-50%\\n大于50%\\n\\n\"},{\"xuhao\":5,\"type\":\"radio\",\"timu\":\"您的主要收入来源是？\",\"tinei\":\"工资、劳务报酬\\n生产经营所得\\n利息、股息等金融性资产收入\\n出租或售卖房地产等非金融性资产收入\\n无固定收入\\n\"},{\"xuhao\":6,\"type\":\"radio\",\"timu\":\"您的家庭年收入是？\",\"tinei\":\"10万元以下\\n11万元-30万元\\n31万元-100万元\\n100万元-300万元\\n300万元以上\\n\"},{\"xuhao\":7,\"type\":\"radio\",\"timu\":\"您有过多少年金融产品投资经验？\",\"tinei\":\"没有经验\\n少于2年\\n2-5年\\n5-8年\\n8年以上\\n\"},{\"xuhao\":8,\"type\":\"checkbox\",\"timu\":\"您有过以下哪些投资经验？【多选】\",\"tinei\":\"国债、存款\\n理财\\n信托\\n基金、股票\\n期货\\n外汇\\n\"},{\"xuhao\":9,\"type\":\"radio\",\"timu\":\"以下哪项描述最符合您的投资态度？\",\"tinei\":\"厌恶风险，无法接受本金损失，追求确定回报。\\n保守投资，本金不损失的情况下，收益可以有波动。\\n寻求较高的收益，可以承受本金略微损失。\\n寻求超高回报，愿意承担本金损失和长期波动。\\n\\n\"},{\"xuhao\":10,\"type\":\"radio\",\"timu\":\"您的资产收益率（年化）目标为？\",\"tinei\":\"4%以下\\n4%-6%\\n6%-10%\\n10%-30%\\n30%-50%\\n50%以上\\n\"},{\"xuhao\":11,\"type\":\"radio\",\"timu\":\"您能承受的最大投资损失是多少？\",\"tinei\":\"本金无损失\\n本金5%以内\\n本金5%-10%\\n本金11%-30%\\n本金30%-50%\\n本金50%以上\\n\\n\"},{\"xuhao\":12,\"type\":\"radio\",\"timu\":\"您计划的投资期限是多久？\",\"tinei\":\"3个月以内\\n3-6个月\\n6-12个月\\n1-3年\\n3-5年\\n5年以上\\n\"},{\"xuhao\":13,\"type\":\"checkbox\",\"timu\":\"您的个人、抚养子女、赡养老人处于以下哪种状态？【多选】\",\"tinei\":\"仅为自己考虑\\n无子女要抚养\\n有子女要抚养\\n有老人需要赡养\\n无老人需要赡养\\n\\n\"},{\"xuhao\":14,\"type\":\"radio\",\"timu\":\"您是否有尚未清偿的数额较大的债务，如有，其性质是？\",\"tinei\":\"没有债务\\n有，住房抵押贷款等长期定额债务\\n有，信用卡欠款、消费信贷等短期信用债务\\n有，亲戚朋友借款\\n\"},{\"xuhao\":15,\"type\":\"radio\",\"timu\":\"您是否持有黄金、美元等避险资产？\",\"tinei\":\"是，但是很少\\n是，金额足够\\n否\\n\\n\"},{\"xuhao\":16,\"type\":\"radio\",\"timu\":\"您是否为自己或家庭支柱购买了意外险、重疾险、年金险等其他保障性产品？\",\"tinei\":\"是，购买了一部分\\n是，所有保障已经购买齐全\\n否，没买过，不知道要买什么\\n否，没考虑过且不买保险\\n\"},{\"xuhao\":17,\"type\":\"radio\",\"timu\":\"如果需要贷款资金，您可接受的最高贷款利率为？\",\"tinei\":\"4%-5%\\n5%-6.5%\\n6.5%-10%\\n10%以上\\n\\n\"},{\"xuhao\":18,\"type\":\"radio\",\"timu\":\"您是否为金融行业从业人员？是否具备基础的金融知识？\",\"tinei\":\"具备丰富的金融知识\\n基本了解\\n不太了解\\n完全不懂\\n\"},{\"xuhao\":19,\"type\":\"radio\",\"timu\":\"您是否还有其他重要信息可能会影响咨询服务？\",\"tinei\":\"是，请私信我了解更多\\n否\\n\"}]',1,50),(12,13,'财务咨询KYC800-1000','[{\"xuhao\":1,\"type\":\"radio\",\"timu\":\"您的性别是？\",\"tinei\":\"男\\n女\\n\"},{\"xuhao\":2,\"type\":\"radio\",\"timu\":\"您的年龄是？\",\"tinei\":\"25岁以下\\n26-35岁\\n36-45岁\\n46-55岁\\n56-65岁\\n65岁以上\\n\\n\"},{\"xuhao\":3,\"type\":\"radio\",\"timu\":\"您目前可支配的家庭总资产是？\",\"tinei\":\"15万元以下\\n16-50万元\\n51-100万元\\n101-500万元\\n501-1000万元\\n1000-3000万元\\n3000万元以上\\n\"},{\"xuhao\":4,\"type\":\"radio\",\"timu\":\"您可支配的家庭资产中用于储蓄、投资的比例为？\",\"tinei\":\"小于10%\\n10%-25%\\n25%-50%\\n大于50%\\n\"},{\"xuhao\":5,\"type\":\"radio\",\"timu\":\"您的主要收入来源是？\",\"tinei\":\"工资、劳务报酬\\n生产经营所得\\n利息、股息等金融性资产收入\\n出租或售卖房地产等非金融性资产收入\\n无固定收入\\n\\n\"},{\"xuhao\":6,\"type\":\"radio\",\"timu\":\"您的家庭年收入是？\",\"tinei\":\"10万元以下\\n11万元-30万元\\n31万元-100万元\\n100万元-300万元\\n300万元以上\\n\"},{\"xuhao\":7,\"type\":\"radio\",\"timu\":\"您有过多少年金融产品投资经验？\",\"tinei\":\"没有经验\\n少于2年\\n2-5年\\n5-8年\\n8年以上\\n\"},{\"xuhao\":8,\"type\":\"checkbox\",\"timu\":\"您有过以下哪些投资经验？【多选】\",\"tinei\":\"国债、存款\\n理财\\n信托\\n基金、股票\\n期货\\n外汇\\n\"},{\"xuhao\":9,\"type\":\"radio\",\"timu\":\"以下哪项描述最符合您的投资态度？\",\"tinei\":\"厌恶风险，无法接受本金损失，追求确定回报。\\n保守投资，本金不损失的情况下，收益可以有波动。\\n寻求较高的收益，可以承受本金略微损失。\\n寻求超高回报，愿意承担本金损失和长期波动。\\n\"},{\"xuhao\":10,\"type\":\"radio\",\"timu\":\"您的资产收益率（年化）目标为？\",\"tinei\":\"4%以下\\n4%-6%\\n6%-10%\\n10%-30%\\n30%-50%\\n50%以上\\n\"},{\"xuhao\":11,\"type\":\"radio\",\"timu\":\"您能承受的最大投资损失是多少？\",\"tinei\":\"本金无损失\\n本金5%以内\\n本金5%-10%\\n本金11%-30%\\n本金30%-50%\\n本金50%以上\\n\"},{\"xuhao\":12,\"type\":\"radio\",\"timu\":\"您计划的投资期限是多久？\",\"tinei\":\"3个月以内\\n3-6个月\\n6-12个月\\n1-3年\\n3-5年\\n5年以上\\n\"},{\"xuhao\":13,\"type\":\"radio\",\"timu\":\"您的个人、抚养子女、赡养老人处于以下哪种状态？【多选】\",\"tinei\":\"仅为自己考虑\\n无子女要抚养\\n有子女要抚养\\n有老人需要赡养\\n无老人需要赡养\\n\\n\"},{\"xuhao\":14,\"type\":\"radio\",\"timu\":\"您是否有尚未清偿的数额较大的债务，如有，其性质是？\",\"tinei\":\"有，住房抵押贷款等长期定额债务\\n有，信用卡欠款、消费信贷等短期信用债务\\n有，亲戚朋友借款\\n\\n\"},{\"xuhao\":15,\"type\":\"radio\",\"timu\":\"您是否持有黄金、美元等避险资产？\",\"tinei\":\"是，但是很少\\n是，金额足够\\n否\\n\"},{\"xuhao\":16,\"type\":\"radio\",\"timu\":\"您是否为自己或家庭支柱购买了意外险、重疾险、年金险等其他保障性产品？\",\"tinei\":\"是，购买了一部分\\n是，所有保障已经购买齐全\\n否，没买过，不知道要买什么\\n否，没考虑过且不买保险\\n\\n\"},{\"xuhao\":17,\"type\":\"radio\",\"timu\":\"如果需要贷款资金，您可接受的最高贷款利率为？\",\"tinei\":\"4%-5%\\n5%-6.5%\\n6.5%-10%\\n10%以上\\n\"},{\"xuhao\":18,\"type\":\"radio\",\"timu\":\"您是否为金融行业从业人员？是否具备基础的金融知识？\",\"tinei\":\"具备丰富的金融知识\\n基本了解\\n不太了解\\n完全不懂\\n\"},{\"xuhao\":19,\"type\":\"radio\",\"timu\":\"您是否还有其他重要信息可能会影响咨询服务？\",\"tinei\":\"是，请私信我了解更多\\n否\\n\"}]',1,50),(13,14,'财务咨询KYC1000以上','[{\"xuhao\":1,\"type\":\"radio\",\"timu\":\"您的性别是？\",\"tinei\":\"男\\n女\\n\"},{\"xuhao\":2,\"type\":\"radio\",\"timu\":\"您的年龄是？\",\"tinei\":\"25岁以下\\n26-35岁\\n36-45岁\\n46-55岁\\n56-65岁\\n65岁以上\\n\"},{\"xuhao\":3,\"type\":\"radio\",\"timu\":\"您目前可支配的家庭总资产是？\",\"tinei\":\"15万元以下\\n16-50万元\\n51-100万元\\n101-500万元\\n501-1000万元\\n1000-3000万元\\n3000万元以上\\n\"},{\"xuhao\":4,\"type\":\"radio\",\"timu\":\"您可支配的家庭资产中用于储蓄、投资的比例为？\",\"tinei\":\"小于10%\\n10%-25%\\n25%-50%\\n大于50%\\n\\n\"},{\"xuhao\":5,\"type\":\"radio\",\"timu\":\"您的主要收入来源是？\",\"tinei\":\"工资、劳务报酬\\n生产经营所得\\n利息、股息等金融性资产收入\\n出租或售卖房地产等非金融性资产收入\\n无固定收入\\n\\n\"},{\"xuhao\":6,\"type\":\"radio\",\"timu\":\"您的家庭年收入是？\",\"tinei\":\"10万元以下\\n11万元-30万元\\n31万元-100万元\\n100万元-300万元\\n300万元以上\\n\"},{\"xuhao\":7,\"type\":\"radio\",\"timu\":\"您有过多少年金融产品投资经验？\",\"tinei\":\"没有经验\\n少于2年\\n2-5年\\n5-8年\\n8年以上\\n\"},{\"xuhao\":8,\"type\":\"checkbox\",\"timu\":\"您有过以下哪些投资经验？【多选】\",\"tinei\":\"国债、存款\\n理财\\n信托\\n基金、股票\\n期货\\n外汇\\n\"},{\"xuhao\":9,\"type\":\"radio\",\"timu\":\"以下哪项描述最符合您的投资态度？\",\"tinei\":\"厌恶风险，无法接受本金损失，追求确定回报。\\n保守投资，本金不损失的情况下，收益可以有波动。\\n寻求较高的收益，可以承受本金略微损失。\\n寻求超高回报，愿意承担本金损失和长期波动。\\n\\n\"},{\"xuhao\":10,\"type\":\"radio\",\"timu\":\"您的资产收益率（年化）目标为？\",\"tinei\":\"4%以下\\n4%-6%\\n6%-10%\\n10%-30%\\n30%-50%\\n50%以上\\n\"},{\"xuhao\":11,\"type\":\"radio\",\"timu\":\"您能承受的最大投资损失是多少？\",\"tinei\":\"本金无损失\\n本金5%以内\\n本金5%-10%\\n本金11%-30%\\n本金30%-50%\\n本金50%以上\\n\"},{\"xuhao\":12,\"type\":\"radio\",\"timu\":\"您计划的投资期限是多久？\",\"tinei\":\"3个月以内\\n3-6个月\\n6-12个月\\n1-3年\\n3-5年\\n5年以上\\n\"},{\"xuhao\":13,\"type\":\"checkbox\",\"timu\":\"您的个人、抚养子女、赡养老人处于以下哪种状态？【多选】\",\"tinei\":\"仅为自己考虑\\n无子女要抚养\\n有子女要抚养\\n有老人需要赡养\\n无老人需要赡养\\n\\n\"},{\"xuhao\":14,\"type\":\"radio\",\"timu\":\"您是否有尚未清偿的数额较大的债务，如有，其性质是？\",\"tinei\":\"没有债务\\n有，住房抵押贷款等长期定额债务\\n有，信用卡欠款、消费信贷等短期信用债务\\n有，亲戚朋友借款\\n\"},{\"xuhao\":15,\"type\":\"radio\",\"timu\":\"您是否持有黄金、美元等避险资产？\",\"tinei\":\"是，但是很少\\n是，金额足够\\n否\\n\"},{\"xuhao\":16,\"type\":\"radio\",\"timu\":\"您是否为自己或家庭支柱购买了意外险、重疾险、年金险等其他保障性产品？\",\"tinei\":\"是，购买了一部分\\n是，所有保障已经购买齐全\\n否，没买过，不知道要买什么\\n否，没考虑过且不买保险\\n\"},{\"xuhao\":17,\"type\":\"radio\",\"timu\":\"如果需要贷款资金，您可接受的最高贷款利率为？\",\"tinei\":\"4%-5%\\n5%-6.5%\\n6.5%-10%\\n10%以上\\n\\n\"},{\"xuhao\":18,\"type\":\"radio\",\"timu\":\"您是否为金融行业从业人员？是否具备基础的金融知识？\",\"tinei\":\"具备丰富的金融知识\\n基本了解\\n不太了解\\n完全不懂\\n\\n\"},{\"xuhao\":19,\"type\":\"radio\",\"timu\":\"您是否还有其他重要信息可能会影响咨询服务？\",\"tinei\":\"是，请私信我了解更多\\n否\\n\"}]',1,50),(14,9,'线下服务专用','[{\"xuhao\":1,\"type\":\"radio\",\"timu\":\"此服务无须重新填写问卷，将使用您咨询服务的KYC结果。\",\"tinei\":\"我已了解\"}]',1,50),(15,11,'线下服务','[{\"xuhao\":1,\"type\":\"radio\",\"timu\":\"此服务无须重新填写问卷，将使用您咨询服务的KYC结果。\",\"tinei\":\"我已了解\"}]',1,50),(16,15,'线下服务2','[{\"xuhao\":1,\"type\":\"radio\",\"timu\":\"此服务无须重新填写问卷，将使用您咨询服务的KYC结果。\",\"tinei\":\"我已了解\"}]',1,50),(17,16,'线下服务3','[{\"xuhao\":1,\"type\":\"radio\",\"timu\":\"此服务无须重新填写问卷，将使用您咨询服务的KYC结果。\",\"tinei\":\"我已了解\"}]',1,50),(18,17,'线下服务4','[{\"xuhao\":1,\"type\":\"radio\",\"timu\":\"此服务无须重新填写问卷，将使用您咨询服务的KYC结果。\",\"tinei\":\"我已了解\"}]',1,50);
/*!40000 ALTER TABLE `ke_service_test` ENABLE KEYS */;
UNLOCK TABLES;

--
-- Table structure for table `ke_service_test_log`
--

DROP TABLE IF EXISTS `ke_service_test_log`;
/*!40101 SET @saved_cs_client     = @@character_set_client */;
/*!40101 SET character_set_client = utf8 */;
CREATE TABLE `ke_service_test_log` (
  `id` int(12) NOT NULL AUTO_INCREMENT,
  `user_id` int(12) NOT NULL DEFAULT '0' COMMENT 'user_id',
  `order_id` int(12) NOT NULL DEFAULT '0' COMMENT '订单id',
  `service_id` int(12) NOT NULL DEFAULT '0' COMMENT 'service_id',
  `service_test_id` int(11) NOT NULL DEFAULT '0' COMMENT '问卷id',
  `content` text COLLATE utf8_unicode_ci COMMENT '答卷内容',
  `notes` text COLLATE utf8_unicode_ci COMMENT '批注',
  `review_time` int(12) DEFAULT NULL COMMENT '批阅时间',
  `create_time` int(12) NOT NULL COMMENT '答卷时间',
  `status` enum('1','2') COLLATE utf8_unicode_ci NOT NULL DEFAULT '1' COMMENT '状态:1=未解答,2=已答复',
  `service_text` varchar(255) COLLATE utf8_unicode_ci NOT NULL DEFAULT '' COMMENT '咨询师名',
  PRIMARY KEY (`id`) USING BTREE
) ENGINE=MyISAM AUTO_INCREMENT=34 DEFAULT CHARSET=utf8 COLLATE=utf8_unicode_ci ROW_FORMAT=DYNAMIC COMMENT='答卷记录';
/*!40101 SET character_set_client = @saved_cs_client */;

--
-- Dumping data for table `ke_service_test_log`
--

LOCK TABLES `ke_service_test_log` WRITE;
/*!40000 ALTER TABLE `ke_service_test_log` DISABLE KEYS */;
INSERT INTO `ke_service_test_log` VALUES (1,1,2,2,4,'[{\"xuhao\":1,\"type\":\"radio\",\"timu\":\"美国的首都是\",\"tinei\":\"纽约\\n华盛顿\\n新西兰\\n新加坡\"},{\"xuhao\":2,\"type\":\"checkbox\",\"answer\":\"0,4\",\"timu\":\"甄嬛传中华妃第几集领盒饭的？\",\"tinei\":\"第38集\\n第39集\\n第45集\\n第49集\"},{\"xuhao\":3,\"type\":\"checkbox\",\"timu\":\"我国的南水北调全长多少千米？\",\"tinei\":\"300千米\\n600千米\\n1200千米\\n1500千米\\n1800千米\"},{\"xuhao\":4,\"type\":\"radio\",\"timu\":\"捡到一毛钱应该怎么办\",\"tinei\":\"我看见也不捡\\n交给警察叔叔\"}]','啊是瑞特人',1111,2222,'1',''),(2,5,45,4,4,'[{\"xuhao\":1,\"type\":\"radio\",\"timu\":\"京东和顺丰的关系更接近？\",\"tinei\":[\"A：竞争关系\",\"B：合作关系\"],\"answer\":[\"0\"]},{\"xuhao\":2,\"type\":\"radio\",\"timu\":\"美国的首都是\",\"tinei\":[\"A：纽约\",\"B：华盛顿\",\"C：新西兰\",\"D：新加坡\"],\"answer\":[\"0\"]},{\"xuhao\":3,\"type\":\"radio\",\"timu\":\"甄嬛传中华妃第几集领盒饭的？\",\"tinei\":[\"A：第38集\",\"B：第39集\",\"C：第45集\",\"D：第49集\"],\"answer\":[\"1\"]},{\"xuhao\":4,\"type\":\"radio\",\"timu\":\"捡到一毛钱应该怎么办\",\"tinei\":[\"A：我看见也不捡\",\"B：交给警察叔叔\"],\"answer\":[\"1\"]},{\"xuhao\":5,\"type\":\"checkbox\",\"timu\":\"我国的南水北调全长多少千米？\",\"tinei\":[\"A：300千米\",\"B：600千米\",\"C：1200千米\",\"D：1500千米\",\"E：1800千米\"],\"answer\":[\"1\",\"2\"]}]','',NULL,1620549072,'1','企业贷款'),(3,5,45,4,4,'[{\"xuhao\":1,\"type\":\"radio\",\"timu\":\"京东和顺丰的关系更接近？\",\"tinei\":[\"A：竞争关系\",\"B：合作关系\"],\"answer\":[\"0\"]},{\"xuhao\":2,\"type\":\"radio\",\"timu\":\"美国的首都是\",\"tinei\":[\"A：纽约\",\"B：华盛顿\",\"C：新西兰\",\"D：新加坡\"],\"answer\":[\"0\"]},{\"xuhao\":3,\"type\":\"radio\",\"timu\":\"甄嬛传中华妃第几集领盒饭的？\",\"tinei\":[\"A：第38集\",\"B：第39集\",\"C：第45集\",\"D：第49集\"],\"answer\":[\"1\"]},{\"xuhao\":4,\"type\":\"radio\",\"timu\":\"捡到一毛钱应该怎么办\",\"tinei\":[\"A：我看见也不捡\",\"B：交给警察叔叔\"],\"answer\":[\"1\"]},{\"xuhao\":5,\"type\":\"checkbox\",\"timu\":\"我国的南水北调全长多少千米？\",\"tinei\":[\"A：300千米\",\"B：600千米\",\"C：1200千米\",\"D：1500千米\",\"E：1800千米\"],\"answer\":[\"1\",\"0\"]}]','1212121222',1620551097,1620549936,'2','企业贷款'),(4,5,56,4,4,'[{\"xuhao\":1,\"type\":\"radio\",\"timu\":\"京东和顺丰的关系更接近？\",\"tinei\":[\"A：竞争关系\",\"B：合作关系\"],\"answer\":[\"0\"]},{\"xuhao\":2,\"type\":\"radio\",\"timu\":\"美国的首都是\",\"tinei\":[\"A：纽约\",\"B：华盛顿\",\"C：新西兰\",\"D：新加坡\"],\"answer\":[\"0\"]},{\"xuhao\":3,\"type\":\"radio\",\"timu\":\"甄嬛传中华妃第几集领盒饭的？\",\"tinei\":[\"A：第38集\",\"B：第39集\",\"C：第45集\",\"D：第49集\"],\"answer\":[\"0\"]},{\"xuhao\":4,\"type\":\"radio\",\"timu\":\"捡到一毛钱应该怎么办\",\"tinei\":[\"A：我看见也不捡\",\"B：交给警察叔叔\"],\"answer\":[\"0\"]},{\"xuhao\":5,\"type\":\"checkbox\",\"timu\":\"我国的南水北调全长多少千米？\",\"tinei\":[\"A：300千米\",\"B：600千米\",\"C：1200千米\",\"D：1500千米\",\"E：1800千米\"],\"answer\":[\"1\",\"2\"]}]','',NULL,1620630656,'1','企业贷款'),(5,5,52,0,6,'[{\"xuhao\":1,\"type\":\"radio\",\"timu\":\"121212\",\"tinei\":[\"A：76fgfggfgffgsfdsdfsdd\",\"B：5454\",\"C：asdfsdfsdf\"],\"answer\":[\"1\"]}]','',NULL,1620637043,'1','基金咨询'),(6,5,52,0,6,'[{\"xuhao\":1,\"type\":\"radio\",\"timu\":\"121212\",\"tinei\":[\"A：76fgfggfgffgsfdsdfsdd\",\"B：5454\",\"C：asdfsdfsdf\"],\"answer\":[\"1\"]}]','',NULL,1620637086,'1','基金咨询'),(7,5,52,0,6,'[{\"xuhao\":1,\"type\":\"radio\",\"timu\":\"121212\",\"tinei\":[\"A：76fgfggfgffgsfdsdfsdd\",\"B：5454\",\"C：asdfsdfsdf\"],\"answer\":[\"1\"]}]','',NULL,1620697254,'1','基金咨询'),(8,5,52,0,6,'[{\"xuhao\":1,\"type\":\"radio\",\"timu\":\"121212\",\"tinei\":[\"A：76fgfggfgffgsfdsdfsdd\",\"B：5454\",\"C：asdfsdfsdf\"],\"answer\":[\"0\"]}]','',NULL,1620697342,'1','基金咨询'),(9,5,52,0,6,'[{\"xuhao\":1,\"type\":\"radio\",\"timu\":\"121212\",\"tinei\":[\"A：76fgfggfgffgsfdsdfsdd\",\"B：5454\",\"C：asdfsdfsdf\"],\"answer\":[\"1\"]}]','',NULL,1620697705,'1','基金咨询'),(10,7,89,0,6,'[{\"xuhao\":1,\"type\":\"radio\",\"timu\":\"121212\",\"tinei\":[\"A：76fgfggfgffgsfdsdfsdd\",\"B：5454\",\"C：asdfsdfsdf\"],\"answer\":[\"0\"]}]','',NULL,1620707563,'1','基金咨询'),(11,5,52,0,6,'[{\"xuhao\":1,\"type\":\"radio\",\"timu\":\"121212\",\"tinei\":[\"A：76fgfggfgffgsfdsdfsdd\",\"B：5454\",\"C：asdfsdfsdf\"],\"answer\":[\"2\"]}]','',NULL,1620719918,'1','基金咨询'),(12,5,52,0,6,'[{\"xuhao\":1,\"type\":\"radio\",\"timu\":\"121212\",\"tinei\":[\"A：76fgfggfgffgsfdsdfsdd\",\"B：5454\",\"C：asdfsdfsdf\"],\"answer\":[\"1\"]},{\"xuhao\":2,\"type\":\"checkbox\",\"timu\":\"请选择ABC\",\"tinei\":[\"A：AAAA\",\"B：BBBB\",\"C：VCCCC\",\"D：DDDD\"],\"answer\":[\"0\",\"1\"]}]','',NULL,1620783343,'1','基金咨询'),(13,5,52,0,6,'[{\"xuhao\":1,\"type\":\"radio\",\"timu\":\"121212\",\"tinei\":[\"A：76fgfggfgffgsfdsdfsdd\",\"B：5454\",\"C：asdfsdfsdf\"],\"answer\":[\"1\"]},{\"xuhao\":2,\"type\":\"checkbox\",\"timu\":\"请选择ABC\",\"tinei\":[\"A：AAAA\",\"B：BBBB\",\"C：VCCCC\",\"D：DDDD\"],\"answer\":[\"1\",\"0\"]}]','',NULL,1620827163,'1','基金咨询'),(14,14,140,4,4,'[{\"xuhao\":1,\"type\":\"radio\",\"timu\":\"京东和顺丰的关系更接近？\",\"tinei\":[\"A：竞争关系\",\"B：合作关系\"],\"answer\":[\"1\"]},{\"xuhao\":2,\"type\":\"radio\",\"timu\":\"美国的首都是\",\"tinei\":[\"A：纽约\",\"B：华盛顿\",\"C：新西兰\",\"D：新加坡\"],\"answer\":[\"3\"]},{\"xuhao\":3,\"type\":\"radio\",\"timu\":\"甄嬛传中华妃第几集领盒饭的？\",\"tinei\":[\"A：第38集\",\"B：第39集\",\"C：第45集\",\"D：第49集\"],\"answer\":[\"3\"]},{\"xuhao\":4,\"type\":\"radio\",\"timu\":\"捡到一毛钱应该怎么办\",\"tinei\":[\"A：我看见也不捡\",\"B：交给警察叔叔\"],\"answer\":[\"1\"]},{\"xuhao\":5,\"type\":\"checkbox\",\"timu\":\"我国的南水北调全长多少千米？\",\"tinei\":[\"A：300千米\",\"B：600千米\",\"C：1200千米\",\"D：1500千米\",\"E：1800千米\"],\"answer\":[\"4\"]}]','<p>回复内容回复内容回复内容</p><p>回复内容</p><p>回复内容</p><p>回复内容</p>',1620956171,1620955873,'2','企业贷款'),(15,14,144,0,6,'[{\"xuhao\":1,\"type\":\"radio\",\"timu\":\"121212\",\"tinei\":[\"A：76fgfggfgffgsfdsdfsdd\",\"B：5454\",\"C：asdfsdfsdf\"],\"answer\":[\"0\"]},{\"xuhao\":2,\"type\":\"checkbox\",\"timu\":\"请选择ABC\",\"tinei\":[\"A：AAAA\",\"B：BBBB\",\"C：VCCCC\",\"D：DDDD\"],\"answer\":[\"1\"]}]','',NULL,1620955932,'1','基金咨询'),(16,11,147,4,4,'[{\"xuhao\":1,\"type\":\"radio\",\"timu\":\"京东和顺丰的关系更接近？\",\"tinei\":[\"A：竞争关系\",\"B：合作关系\"],\"answer\":[\"1\"]},{\"xuhao\":2,\"type\":\"radio\",\"timu\":\"美国的首都是\",\"tinei\":[\"A：纽约\",\"B：华盛顿\",\"C：新西兰\",\"D：新加坡\"],\"answer\":[\"2\"]},{\"xuhao\":3,\"type\":\"radio\",\"timu\":\"甄嬛传中华妃第几集领盒饭的？\",\"tinei\":[\"A：第38集\",\"B：第39集\",\"C：第45集\",\"D：第49集\"],\"answer\":[\"2\"]},{\"xuhao\":4,\"type\":\"radio\",\"timu\":\"捡到一毛钱应该怎么办\",\"tinei\":[\"A：我看见也不捡\",\"B：交给警察叔叔\"],\"answer\":[\"1\"]},{\"xuhao\":5,\"type\":\"checkbox\",\"timu\":\"我国的南水北调全长多少千米？\",\"tinei\":[\"A：300千米\",\"B：600千米\",\"C：1200千米\",\"D：1500千米\",\"E：1800千米\"],\"answer\":[\"3\",\"2\"]}]','处理回复测试',1620956580,1620956548,'2','企业贷款'),(17,14,149,4,4,'[{\"xuhao\":1,\"type\":\"radio\",\"timu\":\"京东和顺丰的关系更接近？\",\"tinei\":[\"A：竞争关系\",\"B：合作关系\"],\"answer\":[\"0\"]},{\"xuhao\":2,\"type\":\"radio\",\"timu\":\"美国的首都是\",\"tinei\":[\"A：纽约\",\"B：华盛顿\",\"C：新西兰\",\"D：新加坡\"],\"answer\":[\"1\"]},{\"xuhao\":3,\"type\":\"radio\",\"timu\":\"甄嬛传中华妃第几集领盒饭的？\",\"tinei\":[\"A：第38集\",\"B：第39集\",\"C：第45集\",\"D：第49集\"],\"answer\":[\"1\"]},{\"xuhao\":4,\"type\":\"radio\",\"timu\":\"捡到一毛钱应该怎么办\",\"tinei\":[\"A：我看见也不捡\",\"B：交给警察叔叔\"],\"answer\":[\"1\"]},{\"xuhao\":5,\"type\":\"checkbox\",\"timu\":\"我国的南水北调全长多少千米？\",\"tinei\":[\"A：300千米\",\"B：600千米\",\"C：1200千米\",\"D：1500千米\",\"E：1800千米\"],\"answer\":[\"1\"]}]','',NULL,1620956765,'1','企业贷款'),(18,14,161,0,6,'[{\"xuhao\":1,\"type\":\"radio\",\"timu\":\"121212\",\"tinei\":[\"A：76fgfggfgffgsfdsdfsdd\",\"B：5454\",\"C：asdfsdfsdf\"],\"answer\":[\"0\"]},{\"xuhao\":2,\"type\":\"checkbox\",\"timu\":\"请选择ABC\",\"tinei\":[\"A：AAAA\",\"B：BBBB\",\"C：VCCCC\",\"D：DDDD\"],\"answer\":[\"0\"]}]','',NULL,1621048292,'1','基金咨询'),(19,14,162,4,4,'[{\"xuhao\":1,\"type\":\"radio\",\"timu\":\"京东和顺丰的关系更接近？\",\"tinei\":[\"A：竞争关系\",\"B：合作关系\"],\"answer\":[\"0\"]},{\"xuhao\":2,\"type\":\"radio\",\"timu\":\"美国的首都是\",\"tinei\":[\"A：纽约\",\"B：华盛顿\",\"C：新西兰\",\"D：新加坡\"],\"answer\":[\"2\"]},{\"xuhao\":3,\"type\":\"radio\",\"timu\":\"甄嬛传中华妃第几集领盒饭的？\",\"tinei\":[\"A：第38集\",\"B：第39集\",\"C：第45集\",\"D：第49集\"],\"answer\":[\"1\"]},{\"xuhao\":4,\"type\":\"radio\",\"timu\":\"捡到一毛钱应该怎么办\",\"tinei\":[\"A：我看见也不捡\",\"B：交给警察叔叔\"],\"answer\":[\"1\"]},{\"xuhao\":5,\"type\":\"checkbox\",\"timu\":\"我国的南水北调全长多少千米？\",\"tinei\":[\"A：300千米\",\"B：600千米\",\"C：1200千米\",\"D：1500千米\",\"E：1800千米\"],\"answer\":[\"1\"]}]','',NULL,1621054678,'1','企业贷款'),(20,14,140,4,4,'[{\"xuhao\":1,\"type\":\"radio\",\"timu\":\"京东和顺丰的关系更接近？\",\"tinei\":[\"A：竞争关系\",\"B：合作关系\"],\"answer\":[\"1\"]},{\"xuhao\":2,\"type\":\"radio\",\"timu\":\"美国的首都是\",\"tinei\":[\"A：纽约\",\"B：华盛顿\",\"C：新西兰\",\"D：新加坡\"],\"answer\":[\"3\"]},{\"xuhao\":3,\"type\":\"radio\",\"timu\":\"甄嬛传中华妃第几集领盒饭的？\",\"tinei\":[\"A：第38集\",\"B：第39集\",\"C：第45集\",\"D：第49集\"],\"answer\":[\"2\"]},{\"xuhao\":4,\"type\":\"radio\",\"timu\":\"捡到一毛钱应该怎么办\",\"tinei\":[\"A：我看见也不捡\",\"B：交给警察叔叔\"],\"answer\":[\"1\"]},{\"xuhao\":5,\"type\":\"checkbox\",\"timu\":\"我国的南水北调全长多少千米？\",\"tinei\":[\"A：300千米\",\"B：600千米\",\"C：1200千米\",\"D：1500千米\",\"E：1800千米\"],\"answer\":[\"3\"]}]','',NULL,1621076108,'1','企业贷款'),(21,5,0,0,6,'[{\"xuhao\":1,\"type\":\"radio\",\"timu\":\"121212\",\"tinei\":[\"A：76fgfggfgffgsfdsdfsdd\",\"B：5454\",\"C：asdfsdfsdf\"],\"answer\":[\"2\"]},{\"xuhao\":2,\"type\":\"checkbox\",\"timu\":\"请选择ABC\",\"tinei\":[\"A：AAAA\",\"B：BBBB\",\"C：VCCCC\",\"D：DDDD\"],\"answer\":[\"1\"]}]','',NULL,1621302496,'1','基金咨询'),(22,5,0,0,6,'[{\"xuhao\":1,\"type\":\"radio\",\"timu\":\"121212\",\"tinei\":[\"A：76fgfggfgffgsfdsdfsdd\",\"B：5454\",\"C：asdfsdfsdf\"],\"answer\":[\"2\"]},{\"xuhao\":2,\"type\":\"checkbox\",\"timu\":\"请选择ABC\",\"tinei\":[\"A：AAAA\",\"B：BBBB\",\"C：VCCCC\",\"D：DDDD\"],\"answer\":[\"1\"]}]','',NULL,1621302518,'1','基金咨询'),(23,5,0,0,6,'[{\"xuhao\":1,\"type\":\"radio\",\"timu\":\"121212\",\"tinei\":[\"A：76fgfggfgffgsfdsdfsdd\",\"B：5454\",\"C：asdfsdfsdf\"],\"answer\":[\"1\"]},{\"xuhao\":2,\"type\":\"checkbox\",\"timu\":\"请选择ABC\",\"tinei\":[\"A：AAAA\",\"B：BBBB\",\"C：VCCCC\",\"D：DDDD\"],\"answer\":[\"1\"]}]','',NULL,1621302532,'1','基金咨询'),(24,5,0,0,6,'[{\"xuhao\":1,\"type\":\"radio\",\"timu\":\"121212\",\"tinei\":[\"A：76fgfggfgffgsfdsdfsdd\",\"B：5454\",\"C：asdfsdfsdf\"],\"answer\":[\"1\"]},{\"xuhao\":2,\"type\":\"checkbox\",\"timu\":\"请选择ABC\",\"tinei\":[\"A：AAAA\",\"B：BBBB\",\"C：VCCCC\",\"D：DDDD\"],\"answer\":[\"1\"]}]','',NULL,1621302572,'1','基金咨询'),(25,5,170,4,4,'[{\"xuhao\":1,\"type\":\"radio\",\"timu\":\"京东和顺丰的关系更接近？\",\"tinei\":[\"A：竞争关系\",\"B：合作关系\"],\"answer\":[\"1\"]},{\"xuhao\":2,\"type\":\"radio\",\"timu\":\"美国的首都是\",\"tinei\":[\"A：纽约\",\"B：华盛顿\",\"C：新西兰\",\"D：新加坡\"],\"answer\":[\"0\"]},{\"xuhao\":3,\"type\":\"radio\",\"timu\":\"甄嬛传中华妃第几集领盒饭的？\",\"tinei\":[\"A：第38集\",\"B：第39集\",\"C：第45集\",\"D：第49集\"],\"answer\":[\"0\"]},{\"xuhao\":4,\"type\":\"radio\",\"timu\":\"捡到一毛钱应该怎么办\",\"tinei\":[\"A：我看见也不捡\",\"B：交给警察叔叔\"],\"answer\":[\"1\"]},{\"xuhao\":5,\"type\":\"checkbox\",\"timu\":\"我国的南水北调全长多少千米？\",\"tinei\":[\"A：300千米\",\"B：600千米\",\"C：1200千米\",\"D：1500千米\",\"E：1800千米\"],\"answer\":[\"0\"]}]','',NULL,1621303037,'1','企业贷款'),(26,5,171,0,6,'[{\"xuhao\":1,\"type\":\"radio\",\"timu\":\"121212\",\"tinei\":[\"A：76fgfggfgffgsfdsdfsdd\",\"B：5454\",\"C：asdfsdfsdf\"],\"answer\":[\"1\"]},{\"xuhao\":2,\"type\":\"checkbox\",\"timu\":\"请选择ABC\",\"tinei\":[\"A：AAAA\",\"B：BBBB\",\"C：VCCCC\",\"D：DDDD\"],\"answer\":[\"0\"]}]','',NULL,1621303076,'1','基金咨询'),(27,14,175,4,4,'[{\"xuhao\":1,\"type\":\"radio\",\"timu\":\"京东和顺丰的关系更接近？\",\"tinei\":[\"A：竞争关系\",\"B：合作关系\"],\"answer\":[\"0\"]},{\"xuhao\":2,\"type\":\"radio\",\"timu\":\"美国的首都是\",\"tinei\":[\"A：纽约\",\"B：华盛顿\",\"C：新西兰\",\"D：新加坡\"],\"answer\":[\"3\"]},{\"xuhao\":3,\"type\":\"radio\",\"timu\":\"甄嬛传中华妃第几集领盒饭的？\",\"tinei\":[\"A：第38集\",\"B：第39集\",\"C：第45集\",\"D：第49集\"],\"answer\":[\"2\"]},{\"xuhao\":4,\"type\":\"radio\",\"timu\":\"捡到一毛钱应该怎么办\",\"tinei\":[\"A：我看见也不捡\",\"B：交给警察叔叔\"],\"answer\":[\"1\"]},{\"xuhao\":5,\"type\":\"checkbox\",\"timu\":\"我国的南水北调全长多少千米？\",\"tinei\":[\"A：300千米\",\"B：600千米\",\"C：1200千米\",\"D：1500千米\",\"E：1800千米\"],\"answer\":[\"2\"]}]','',NULL,1621319106,'1','企业贷款'),(28,14,149,4,4,'[{\"xuhao\":1,\"type\":\"radio\",\"timu\":\"京东和顺丰的关系更接近？\",\"tinei\":[\"A：竞争关系\",\"B：合作关系\"],\"answer\":[\"1\"]},{\"xuhao\":2,\"type\":\"radio\",\"timu\":\"美国的首都是\",\"tinei\":[\"A：纽约\",\"B：华盛顿\",\"C：新西兰\",\"D：新加坡\"],\"answer\":[\"1\"]},{\"xuhao\":3,\"type\":\"radio\",\"timu\":\"甄嬛传中华妃第几集领盒饭的？\",\"tinei\":[\"A：第38集\",\"B：第39集\",\"C：第45集\",\"D：第49集\"],\"answer\":[\"2\"]},{\"xuhao\":4,\"type\":\"radio\",\"timu\":\"捡到一毛钱应该怎么办\",\"tinei\":[\"A：我看见也不捡\",\"B：交给警察叔叔\"],\"answer\":[\"1\"]},{\"xuhao\":5,\"type\":\"checkbox\",\"timu\":\"我国的南水北调全长多少千米？\",\"tinei\":[\"A：300千米\",\"B：600千米\",\"C：1200千米\",\"D：1500千米\",\"E：1800千米\"],\"answer\":[\"1\"]}]','',NULL,1621320325,'1','50-100万元'),(29,14,180,4,4,'[{\"xuhao\":1,\"type\":\"radio\",\"timu\":\"您的性别是？\",\"tinei\":[\"A：男\",\"B：女\"],\"answer\":[\"1\"]},{\"xuhao\":2,\"type\":\"radio\",\"timu\":\"您的年龄是？\",\"tinei\":[\"A：25岁以下\",\"B：26-35岁\",\"C：36-45岁\",\"D：46-55岁\",\"E：56-65岁\",\"F：65岁以上\"],\"answer\":[\"1\"]},{\"xuhao\":3,\"type\":\"radio\",\"timu\":\"您目前可支配的家庭总资产是？\",\"tinei\":[\"A：15万元以下\",\"B：16-50万元\",\"C：51-100万元\",\"D：101-500万元\",\"E：501-1000万元\",\"F：1000-3000万元\",\"G：3000万元以上\"],\"answer\":[\"2\"]},{\"xuhao\":4,\"type\":\"radio\",\"timu\":\"您可支配的家庭资产中用于储蓄、投资的比例为？\",\"tinei\":[\"A：小于10%\",\"B：10%-25%\",\"C：25%-50%\",\"D：大于50%\"],\"answer\":[\"2\"]},{\"xuhao\":5,\"type\":\"checkbox\",\"timu\":\"您的主要收入来源是？\",\"tinei\":[\"A：工资、劳务报酬\",\"B：生产经营所得\",\"C：利息、股息等金融性资产收入\",\"D：出租或售卖房地产等非金融性资产收入\",\"E：无固定收入\"],\"answer\":[\"1\",\"0\"]},{\"xuhao\":6,\"type\":\"radio\",\"timu\":\"您的家庭年收入是？\",\"tinei\":[\"A：10万元以下\",\"B：11万元-30万元\",\"C：31万元-100万元\",\"D：100万元-300万元\",\"E：300万元以上\"],\"answer\":[\"1\"]},{\"xuhao\":7,\"type\":\"radio\",\"timu\":\"您有过多少年金融产品投资经验？\",\"tinei\":[\"A：没有经验\",\"B：少于2年\",\"C：2-5年\",\"D：5-8年\",\"E：8年以上\"],\"answer\":[\"2\"]},{\"xuhao\":8,\"type\":\"radio\",\"timu\":\"您有过以下哪些投资经验？\",\"tinei\":[\"A：国债、存款\",\"B：理财\",\"C：信托\",\"D：基金、股票\",\"E：期货\",\"F：外汇\"],\"answer\":[\"2\"]},{\"xuhao\":9,\"type\":\"radio\",\"timu\":\"以下哪项描述最符合您的投资态度？\",\"tinei\":[\"A：厌恶风险，无法接受本金损失，追求确定回报。\",\"B：保守投资，本金不损失的情况下，收益可以有波动。\",\"C：寻求较高的收益，可以承受本金略微损失。\",\"D：寻求超高回报，愿意承担本金损失和长期波动。\"],\"answer\":[\"3\"]},{\"xuhao\":10,\"type\":\"radio\",\"timu\":\"您的资产收益率（年化）目标为？\",\"tinei\":[\"A：4%以下\",\"B：4%-6%\",\"C：6%-10%\",\"D：10%-30%\",\"E：30%-50%\",\"F：50%以上\"],\"answer\":[\"1\"]},{\"xuhao\":11,\"type\":\"radio\",\"timu\":\"您能承受的最大投资损失是多少？\",\"tinei\":[\"A：本金无损失\",\"B：本金5%以内\",\"C：本金5%-10%\",\"D：本金11%-30%\",\"E：本金30%-50%\",\"F：本金50%以上\"],\"answer\":[\"0\"]},{\"xuhao\":12,\"type\":\"radio\",\"timu\":\"您计划的投资期限是多久？\",\"tinei\":[\"A：3个月以内\",\"B：3-6个月\",\"C：6-12个月\",\"D：1-3年\",\"E：3-5年\",\"F：5年以上\"],\"answer\":[\"0\"]},{\"xuhao\":13,\"type\":\"radio\",\"timu\":\"您的个人、抚养子女、赡养老人处于以下哪种状态？\",\"tinei\":[\"A：仅为自己考虑\",\"B：无子女要抚养\",\"C：有子女要抚养\",\"D：有老人需要赡养\",\"E：无老人需要赡养\"],\"answer\":[\"3\"]},{\"xuhao\":14,\"type\":\"radio\",\"timu\":\"您是否有尚未清偿的数额较大的债务，如有，其性质是？\",\"tinei\":[\"A：没有债务\",\"B：有，住房抵押贷款等长期定额债务\",\"C：有，信用卡欠款、消费信贷等短期信用债务\",\"D：有，亲戚朋友借款\"],\"answer\":[\"0\"]},{\"xuhao\":15,\"type\":\"radio\",\"timu\":\"您是否持有黄金、美元等避险资产？\",\"tinei\":[\"A：是，但是很少\",\"B：是，金额足够\",\"C：否\"],\"answer\":[\"1\"]},{\"xuhao\":16,\"type\":\"radio\",\"timu\":\"您是否为自己或家庭支柱购买了意外险、重疾险、年金险等其他保障性产品？\",\"tinei\":[\"A：是，购买了一部分\",\"B：是，所有保障已经购买齐全\",\"C：否，没买过，不知道要买什么\",\"D：否，没考虑过且不买保险\"],\"answer\":[\"1\"]},{\"xuhao\":17,\"type\":\"radio\",\"timu\":\"如果需要贷款资金，您可接受的最高贷款利率为？\",\"tinei\":[\"A：4%-5%\",\"B：5%-6.5%\",\"C：6.5%-10%\",\"D：10%以上\"],\"answer\":[\"1\"]},{\"xuhao\":18,\"type\":\"radio\",\"timu\":\"您是否为金融行业从业人员？是否具备基础的金融知识？\",\"tinei\":[\"A：具备丰富的金融知识\",\"B：基本了解\",\"C：不太了解\",\"D：完全不懂\"],\"answer\":[\"0\"]},{\"xuhao\":19,\"type\":\"radio\",\"timu\":\"您是否还有其他重要信息可能会影响咨询服务？\\n\",\"tinei\":[\"A：是，请私信我了解更多\",\"B：否\"],\"answer\":[\"0\"]}]','',NULL,1621341176,'1','50-100万元'),(30,15,181,6,7,'[{\"xuhao\":1,\"type\":\"radio\",\"timu\":\"您的性别是？\",\"tinei\":[\"A：男\",\"B：女\"],\"answer\":[\"0\"]},{\"xuhao\":2,\"type\":\"radio\",\"timu\":\"您的年龄是？\",\"tinei\":[\"A：25岁以下\",\"B：26-35岁\",\"C：36-45岁\",\"D：46-55岁\",\"E：56-65岁\",\"F：65岁以上\"],\"answer\":[\"0\"]},{\"xuhao\":3,\"type\":\"radio\",\"timu\":\"您目前可支配的家庭总资产是？\",\"tinei\":[\"A：15万元以下\",\"B：16-50万元\",\"C：51-100万元\",\"D：101-500万元\",\"E：501-1000万元\",\"F：1000-3000万元\",\"G：3000万元以上\"],\"answer\":[\"0\"]},{\"xuhao\":4,\"type\":\"radio\",\"timu\":\"您可支配的家庭资产中用于储蓄、投资的比例为？\\n\",\"tinei\":[\"A：小于10%\",\"B：10%-25%\",\"C：25%-50%\",\"D：大于50%\"],\"answer\":[\"0\"]},{\"xuhao\":5,\"type\":\"radio\",\"timu\":\"您的主要收入来源是？\",\"tinei\":[\"A：工资、劳务报酬\",\"B：生产经营所得\",\"C：利息、股息等金融性资产收入\",\"D：出租或售卖房地产等非金融性资产收入\",\"E：无固定收入\"],\"answer\":[\"1\"]},{\"xuhao\":6,\"type\":\"radio\",\"timu\":\"您的家庭年收入是？\",\"tinei\":[\"A：10万元以下\",\"B：11万元-30万元\",\"C：31万元-100万元\",\"D：100万元-300万元\",\"E：300万元以上\"],\"answer\":[\"4\"]},{\"xuhao\":7,\"type\":\"radio\",\"timu\":\"您有过多少年金融产品投资经验？\",\"tinei\":[\"A：没有经验\",\"B：少于2年\",\"C：2-5年\",\"D：5-8年\",\"E：8年以上\"],\"answer\":[\"2\"]},{\"xuhao\":8,\"type\":\"checkbox\",\"timu\":\"您有过以下哪些投资经验？【多选】\",\"tinei\":[\"A：国债、存款\",\"B：理财\",\"C：信托\",\"D：基金、股票\",\"E：期货\",\"F：外汇\"],\"answer\":[\"1\"]},{\"xuhao\":9,\"type\":\"radio\",\"timu\":\"以下哪项描述最符合您的投资态度？\",\"tinei\":[\"A：厌恶风险，无法接受本金损失，追求确定回报。\",\"B：保守投资，本金不损失的情况下，收益可以有波动。\",\"C：寻求较高的收益，可以承受本金略微损失。\",\"D：寻求超高回报，愿意承担本金损失和长期波动。\"],\"answer\":[\"1\"]},{\"xuhao\":10,\"type\":\"radio\",\"timu\":\"您的资产收益率（年化）目标为？\",\"tinei\":[\"A：4%以下\",\"B：4%-6%\",\"C：6%-10%\",\"D：10%-30%\",\"E：30%-50%\",\"F：50%以上\"],\"answer\":[\"0\"]},{\"xuhao\":11,\"type\":\"radio\",\"timu\":\"您能承受的最大投资损失是多少？\",\"tinei\":[\"A：本金无损失\",\"B：本金5%以内\",\"C：本金5%-10%\",\"D：本金11%-30%\",\"E：本金30%-50%\",\"F：本金50%以上\"],\"answer\":[\"1\"]},{\"xuhao\":12,\"type\":\"radio\",\"timu\":\"您计划的投资期限是多久？\",\"tinei\":[\"A：3个月以内\",\"B：3-6个月\",\"C：6-12个月\",\"D：1-3年\",\"E：3-5年\",\"F：5年以上\"],\"answer\":[\"1\"]},{\"xuhao\":13,\"type\":\"checkbox\",\"timu\":\"您的个人、抚养子女、赡养老人处于以下哪种状态？【多选】\",\"tinei\":[\"A：仅为自己考虑\",\"B：无子女要抚养\",\"C：有子女要抚养\",\"D：有老人需要赡养\",\"E：无老人需要赡养\"],\"answer\":[\"1\"]},{\"xuhao\":14,\"type\":\"radio\",\"timu\":\"您是否有尚未清偿的数额较大的债务，如有，其性质是？\",\"tinei\":[\"A：没有债务\",\"B：有，住房抵押贷款等长期定额债务\",\"C：有，信用卡欠款、消费信贷等短期信用债务\",\"D：有，亲戚朋友借款\"],\"answer\":[\"2\"]},{\"xuhao\":15,\"type\":\"radio\",\"timu\":\"您是否持有黄金、美元等避险资产？\",\"tinei\":[\"A：是，但是很少\",\"B：是，金额足够\",\"C：否\"],\"answer\":[\"1\"]},{\"xuhao\":16,\"type\":\"radio\",\"timu\":\"您是否为自己或家庭支柱购买了意外险、重疾险、年金险等其他保障性产品？\",\"tinei\":[\"A：是，购买了一部分\",\"B：是，所有保障已经购买齐全\",\"C：否，没买过，不知道要买什么\",\"D：否，没考虑过且不买保险\"],\"answer\":[\"0\"]},{\"xuhao\":17,\"type\":\"radio\",\"timu\":\"如果需要贷款资金，您可接受的最高贷款利率为？\",\"tinei\":[\"A：4%-5%\",\"B：5%-6.5%\",\"C：6.5%-10%\",\"D：10%以上\"],\"answer\":[\"1\"]},{\"xuhao\":18,\"type\":\"radio\",\"timu\":\"您是否为金融行业从业人员？是否具备基础的金融知识？\",\"tinei\":[\"A：具备丰富的金融知识\",\"B：基本了解\",\"C：不太了解\",\"D：完全不懂\"],\"answer\":[\"0\"]},{\"xuhao\":19,\"type\":\"radio\",\"timu\":\"您是否还有其他重要信息可能会影响咨询服务？\",\"tinei\":[\"A：是，请私信我了解更多\",\"B：否\"],\"answer\":[\"0\"]}]','',NULL,1621418969,'1','0-30万元'),(31,14,182,6,7,'[{\"xuhao\":1,\"type\":\"radio\",\"timu\":\"您的性别是？\",\"tinei\":[\"A：男\",\"B：女\"],\"answer\":[\"1\"]},{\"xuhao\":2,\"type\":\"radio\",\"timu\":\"您的年龄是？\",\"tinei\":[\"A：25岁以下\",\"B：26-35岁\",\"C：36-45岁\",\"D：46-55岁\",\"E：56-65岁\",\"F：65岁以上\"],\"answer\":[\"1\"]},{\"xuhao\":3,\"type\":\"radio\",\"timu\":\"您目前可支配的家庭总资产是？\",\"tinei\":[\"A：15万元以下\",\"B：16-50万元\",\"C：51-100万元\",\"D：101-500万元\",\"E：501-1000万元\",\"F：1000-3000万元\",\"G：3000万元以上\"],\"answer\":[\"4\"]},{\"xuhao\":4,\"type\":\"radio\",\"timu\":\"您可支配的家庭资产中用于储蓄、投资的比例为？\\n\",\"tinei\":[\"A：小于10%\",\"B：10%-25%\",\"C：25%-50%\",\"D：大于50%\"],\"answer\":[\"1\"]},{\"xuhao\":5,\"type\":\"radio\",\"timu\":\"您的主要收入来源是？\",\"tinei\":[\"A：工资、劳务报酬\",\"B：生产经营所得\",\"C：利息、股息等金融性资产收入\",\"D：出租或售卖房地产等非金融性资产收入\",\"E：无固定收入\"],\"answer\":[\"1\"]},{\"xuhao\":6,\"type\":\"radio\",\"timu\":\"您的家庭年收入是？\",\"tinei\":[\"A：10万元以下\",\"B：11万元-30万元\",\"C：31万元-100万元\",\"D：100万元-300万元\",\"E：300万元以上\"],\"answer\":[\"3\"]},{\"xuhao\":7,\"type\":\"radio\",\"timu\":\"您有过多少年金融产品投资经验？\",\"tinei\":[\"A：没有经验\",\"B：少于2年\",\"C：2-5年\",\"D：5-8年\",\"E：8年以上\"],\"answer\":[\"1\"]},{\"xuhao\":8,\"type\":\"checkbox\",\"timu\":\"您有过以下哪些投资经验？【多选】\",\"tinei\":[\"A：国债、存款\",\"B：理财\",\"C：信托\",\"D：基金、股票\",\"E：期货\",\"F：外汇\"],\"answer\":[\"0\"]},{\"xuhao\":9,\"type\":\"radio\",\"timu\":\"以下哪项描述最符合您的投资态度？\",\"tinei\":[\"A：厌恶风险，无法接受本金损失，追求确定回报。\",\"B：保守投资，本金不损失的情况下，收益可以有波动。\",\"C：寻求较高的收益，可以承受本金略微损失。\",\"D：寻求超高回报，愿意承担本金损失和长期波动。\"],\"answer\":[\"0\"]},{\"xuhao\":10,\"type\":\"radio\",\"timu\":\"您的资产收益率（年化）目标为？\",\"tinei\":[\"A：4%以下\",\"B：4%-6%\",\"C：6%-10%\",\"D：10%-30%\",\"E：30%-50%\",\"F：50%以上\"],\"answer\":[\"1\"]},{\"xuhao\":11,\"type\":\"radio\",\"timu\":\"您能承受的最大投资损失是多少？\",\"tinei\":[\"A：本金无损失\",\"B：本金5%以内\",\"C：本金5%-10%\",\"D：本金11%-30%\",\"E：本金30%-50%\",\"F：本金50%以上\"],\"answer\":[\"1\"]},{\"xuhao\":12,\"type\":\"radio\",\"timu\":\"您计划的投资期限是多久？\",\"tinei\":[\"A：3个月以内\",\"B：3-6个月\",\"C：6-12个月\",\"D：1-3年\",\"E：3-5年\",\"F：5年以上\"],\"answer\":[\"1\"]},{\"xuhao\":13,\"type\":\"checkbox\",\"timu\":\"您的个人、抚养子女、赡养老人处于以下哪种状态？【多选】\",\"tinei\":[\"A：仅为自己考虑\",\"B：无子女要抚养\",\"C：有子女要抚养\",\"D：有老人需要赡养\",\"E：无老人需要赡养\"],\"answer\":[\"0\"]},{\"xuhao\":14,\"type\":\"radio\",\"timu\":\"您是否有尚未清偿的数额较大的债务，如有，其性质是？\",\"tinei\":[\"A：没有债务\",\"B：有，住房抵押贷款等长期定额债务\",\"C：有，信用卡欠款、消费信贷等短期信用债务\",\"D：有，亲戚朋友借款\"],\"answer\":[\"0\"]},{\"xuhao\":15,\"type\":\"radio\",\"timu\":\"您是否持有黄金、美元等避险资产？\",\"tinei\":[\"A：是，但是很少\",\"B：是，金额足够\",\"C：否\"],\"answer\":[\"2\"]},{\"xuhao\":16,\"type\":\"radio\",\"timu\":\"您是否为自己或家庭支柱购买了意外险、重疾险、年金险等其他保障性产品？\",\"tinei\":[\"A：是，购买了一部分\",\"B：是，所有保障已经购买齐全\",\"C：否，没买过，不知道要买什么\",\"D：否，没考虑过且不买保险\"],\"answer\":[\"2\"]},{\"xuhao\":17,\"type\":\"radio\",\"timu\":\"如果需要贷款资金，您可接受的最高贷款利率为？\",\"tinei\":[\"A：4%-5%\",\"B：5%-6.5%\",\"C：6.5%-10%\",\"D：10%以上\"],\"answer\":[\"2\"]},{\"xuhao\":18,\"type\":\"radio\",\"timu\":\"您是否为金融行业从业人员？是否具备基础的金融知识？\",\"tinei\":[\"A：具备丰富的金融知识\",\"B：基本了解\",\"C：不太了解\",\"D：完全不懂\"],\"answer\":[\"2\"]},{\"xuhao\":19,\"type\":\"radio\",\"timu\":\"您是否还有其他重要信息可能会影响咨询服务？\",\"tinei\":[\"A：是，请私信我了解更多\",\"B：否\"],\"answer\":[\"1\"]}]','',NULL,1621419015,'1','0-30万元'),(32,14,193,8,10,'[{\"xuhao\":1,\"type\":\"radio\",\"timu\":\"您的性别是？\",\"tinei\":[\"A：男\",\"B：女\"],\"answer\":[\"1\"]},{\"xuhao\":2,\"type\":\"radio\",\"timu\":\"您的年龄是？\",\"tinei\":[\"A：25岁以下\",\"B：26-35岁\",\"C：36-45岁\",\"D：46-55岁\",\"E：56-65岁\",\"F：65岁以上\"],\"answer\":[\"2\"]},{\"xuhao\":3,\"type\":\"radio\",\"timu\":\"您目前可支配的家庭总资产是？\",\"tinei\":[\"A：15万元以下\",\"B：16-50万元\",\"C：51-100万元\",\"D：101-500万元\",\"E：501-1000万元\",\"F：1000-3000万元\",\"G：3000万元以上\"],\"answer\":[\"4\"]},{\"xuhao\":4,\"type\":\"radio\",\"timu\":\"您可支配的家庭资产中用于储蓄、投资的比例为？\",\"tinei\":[\"A：小于10%\",\"B：10%-25%\",\"C：25%-50%\",\"D：大于50%\"],\"answer\":[\"1\"]},{\"xuhao\":5,\"type\":\"radio\",\"timu\":\"您的主要收入来源是？\",\"tinei\":[\"A：工资、劳务报酬\",\"B：生产经营所得\",\"C：利息、股息等金融性资产收入\",\"D：出租或售卖房地产等非金融性资产收入\",\"E：无固定收入\"],\"answer\":[\"1\"]},{\"xuhao\":6,\"type\":\"radio\",\"timu\":\"您的家庭年收入是？\",\"tinei\":[\"A：10万元以下\",\"B：11万元-30万元\",\"C：31万元-100万元\",\"D：100万元-300万元\",\"E：300万元以上\"],\"answer\":[\"4\"]},{\"xuhao\":7,\"type\":\"radio\",\"timu\":\"您有过多少年金融产品投资经验？\",\"tinei\":[\"A：没有经验\",\"B：少于2年\",\"C：2-5年\",\"D：5-8年\",\"E：8年以上\"],\"answer\":[\"2\"]},{\"xuhao\":8,\"type\":\"checkbox\",\"timu\":\"您有过以下哪些投资经验？【多选】\",\"tinei\":[\"A：国债、存款\",\"B：理财\",\"C：信托\",\"D：基金、股票\",\"E：期货\",\"F：外汇\"],\"answer\":[\"4\",\"2\"]},{\"xuhao\":9,\"type\":\"radio\",\"timu\":\"以下哪项描述最符合您的投资态度？\",\"tinei\":[\"A：厌恶风险，无法接受本金损失，追求确定回报。\",\"B：保守投资，本金不损失的情况下，收益可以有波动。\",\"C：寻求较高的收益，可以承受本金略微损失。\",\"D：寻求超高回报，愿意承担本金损失和长期波动。\"],\"answer\":[\"3\"]},{\"xuhao\":10,\"type\":\"radio\",\"timu\":\"您的资产收益率（年化）目标为？\",\"tinei\":[\"A：4%以下\",\"B：4%-6%\",\"C：6%-10%\",\"D：10%-30%\",\"E：30%-50%\",\"F：50%以上\"],\"answer\":[\"5\"]},{\"xuhao\":11,\"type\":\"radio\",\"timu\":\"您能承受的最大投资损失是多少？\",\"tinei\":[\"A：本金无损失\",\"B：本金5%以内\",\"C：本金5%-10%\",\"D：本金11%-30%\",\"E：本金30%-50%\",\"F：本金50%以上\"],\"answer\":[\"5\"]},{\"xuhao\":12,\"type\":\"radio\",\"timu\":\"您计划的投资期限是多久？\",\"tinei\":[\"A：3个月以内\",\"B：3-6个月\",\"C：6-12个月\",\"D：1-3年\",\"E：3-5年\",\"F：5年以上\"],\"answer\":[\"5\"]},{\"xuhao\":13,\"type\":\"checkbox\",\"timu\":\"您的个人、抚养子女、赡养老人处于以下哪种状态？【多选】\",\"tinei\":[\"A：仅为自己考虑\",\"B：无子女要抚养\",\"C：有子女要抚养\",\"D：有老人需要赡养\",\"E：无老人需要赡养\"],\"answer\":[\"3\",\"2\",\"1\"]},{\"xuhao\":14,\"type\":\"radio\",\"timu\":\"您是否有尚未清偿的数额较大的债务，如有，其性质是？\",\"tinei\":[\"A：没有债务\",\"B：有，住房抵押贷款等长期定额债务\",\"C：有，信用卡欠款、消费信贷等短期信用债务\",\"D：有，亲戚朋友借款\"],\"answer\":[\"3\"]},{\"xuhao\":15,\"type\":\"radio\",\"timu\":\"您是否持有黄金、美元等避险资产？\",\"tinei\":[\"A：是，但是很少\",\"B：是，金额足够\",\"C：否\"],\"answer\":[\"2\"]},{\"xuhao\":16,\"type\":\"radio\",\"timu\":\"您是否为自己或家庭支柱购买了意外险、重疾险、年金险等其他保障性产品？\",\"tinei\":[\"A：是，购买了一部分\",\"B：是，所有保障已经购买齐全\",\"C：否，没买过，不知道要买什么\",\"D：否，没考虑过且不买保险\"],\"answer\":[\"3\"]},{\"xuhao\":17,\"type\":\"radio\",\"timu\":\"如果需要贷款资金，您可接受的最高贷款利率为？\",\"tinei\":[\"A：4%-5%\",\"B：5%-6.5%\",\"C：6.5%-10%\",\"D：10%以上\"],\"answer\":[\"3\"]},{\"xuhao\":18,\"type\":\"radio\",\"timu\":\"您是否为金融行业从业人员？是否具备基础的金融知识？\",\"tinei\":[\"A：具备丰富的金融知识\",\"B：基本了解\",\"C：不太了解\",\"D：完全不懂\"],\"answer\":[\"3\"]},{\"xuhao\":19,\"type\":\"radio\",\"timu\":\"您是否还有其他重要信息可能会影响咨询服务？\",\"tinei\":[\"A：是，请私信我了解更多\",\"B：否\"],\"answer\":[\"0\"]}]','',NULL,1626415134,'1','Lv.6   300-500万金融资产'),(33,14,194,11,15,'[{\"xuhao\":1,\"type\":\"radio\",\"timu\":\"此服务无须重新填写问卷，将使用您咨询服务的KYC结果。\",\"tinei\":[\"A：我已了解\"],\"answer\":[\"0\"]}]','',NULL,1626415194,'1','其他线下咨询服务');
/*!40000 ALTER TABLE `ke_service_test_log` ENABLE KEYS */;
UNLOCK TABLES;

--
-- Table structure for table `ke_third`
--

DROP TABLE IF EXISTS `ke_third`;
/*!40101 SET @saved_cs_client     = @@character_set_client */;
/*!40101 SET character_set_client = utf8 */;
CREATE TABLE `ke_third` (
  `id` int(12) NOT NULL AUTO_INCREMENT COMMENT 'Id',
  `openid` varchar(128) COLLATE utf8_unicode_ci NOT NULL COMMENT '识别码',
  `unionid` varchar(128) COLLATE utf8_unicode_ci NOT NULL COMMENT '开放平台id',
  `platform` set('wxmp','wxweb','wxopen') COLLATE utf8_unicode_ci NOT NULL DEFAULT '' COMMENT '三方平台标识',
  `user_info` text COLLATE utf8_unicode_ci NOT NULL COMMENT '用户信息',
  `create_time` int(12) NOT NULL COMMENT '获取时间',
  `update_time` int(12) unsigned zerofill DEFAULT NULL COMMENT '更新时间',
  `user_id` int(12) unsigned NOT NULL DEFAULT '0' COMMENT '用户id',
  PRIMARY KEY (`id`) USING BTREE
) ENGINE=MyISAM AUTO_INCREMENT=15 DEFAULT CHARSET=utf8 COLLATE=utf8_unicode_ci ROW_FORMAT=DYNAMIC COMMENT='三方登录';
/*!40101 SET character_set_client = @saved_cs_client */;

--
-- Dumping data for table `ke_third`
--

LOCK TABLES `ke_third` WRITE;
/*!40000 ALTER TABLE `ke_third` DISABLE KEYS */;
INSERT INTO `ke_third` VALUES (9,'o_t7w4ho_-VqySEdfo9T-l88PxJM','','wxmp','{\"nickName\":\"\\ud83c\\udf5a\",\"gender\":1,\"language\":\"zh_CN\",\"city\":\"Zhengzhou\",\"province\":\"Henan\",\"country\":\"China\",\"avatarUrl\":\"https:\\/\\/thirdwx.qlogo.cn\\/mmopen\\/vi_32\\/Q0j4TwGTfTIRAqjw9wTDHT3FTauhfWUHIpsFqFaaQQMot9ak3LwctAwgVenESqJ8TibcStfg1SUycFmrGtxlicibw\\/132\",\"watermark\":{\"timestamp\":1620720997,\"appid\":\"wxba7a9d1e0293c879\"}}',1620720998,NULL,11),(3,'o_t7w4n9mUiEqoZoFRWIrbgQPoQA','','wxmp','{\"nickName\":\"\\u7f16\\u7a0b\\u8def\\u4e0a\",\"gender\":1,\"language\":\"zh_CN\",\"city\":\"Shangqiu\",\"province\":\"Henan\",\"country\":\"China\",\"avatarUrl\":\"https:\\/\\/thirdwx.qlogo.cn\\/mmopen\\/vi_32\\/DYAIOgq83eqVpSTpNcLMkSpcqtSl9ibULJ15ehibicGSpzaH2RhCTv2ZALcxcXHiarvibHw49tX4BqIvDmutARKibuug\\/132\",\"watermark\":{\"timestamp\":1620369033,\"appid\":\"wxba7a9d1e0293c879\"}}',1620369034,NULL,5),(6,'o_t7w4ln0Vm4A6b0oEwgXeiTK8Us','','wxmp','{\"nickName\":\"\\u6d41\\u5c9a\\u5200\\u5200\",\"gender\":1,\"language\":\"zh_CN\",\"city\":\"Shangqiu\",\"province\":\"Henan\",\"country\":\"China\",\"avatarUrl\":\"https:\\/\\/thirdwx.qlogo.cn\\/mmopen\\/vi_32\\/Q0j4TwGTfTL4dj08fvc208BsKVLTStTzbZfBiatQTq37aX4PJQMCoYLz3lEWibibldR1icCgNoqUq7pZjyhaJ8ydiaQ\\/132\",\"watermark\":{\"timestamp\":1620637565,\"appid\":\"wxba7a9d1e0293c879\"}}',1620637566,NULL,8),(11,'o_t7w4q4xv3QynVa-dheQ8sshDPk','','wxmp','{\"nickName\":\"\\u4e07\\u52a8\\u529b\\u6280\\u672f\\u90e8\",\"gender\":2,\"language\":\"zh_CN\",\"city\":\"Zhengzhou\",\"province\":\"Henan\",\"country\":\"China\",\"avatarUrl\":\"https:\\/\\/thirdwx.qlogo.cn\\/mmopen\\/vi_32\\/FKlTvAHA454ZEqbyNUsiceV6sfg4PWtjiblUBhoyEekoSU6kAyErIeFynMSmd8M3ZUjXPqb8KB9pTgpghyqHULWg\\/132\",\"watermark\":{\"timestamp\":1620782203,\"appid\":\"wxba7a9d1e0293c879\"}}',1620782203,NULL,13),(12,'o_t7w4grpCBKWAPai4pFqJEAfJhQ','','wxmp','{\"nickName\":\"\\u73b0\\u4ee3\\u7537\\u6027\",\"gender\":2,\"language\":\"zh_CN\",\"city\":\"Hangzhou\",\"province\":\"Zhejiang\",\"country\":\"China\",\"avatarUrl\":\"https:\\/\\/thirdwx.qlogo.cn\\/mmopen\\/vi_32\\/Q0j4TwGTfTI8xpksP9WFDBg8fcY9WWhbNQLMUziakfmLNXhhV4Sv9DllYOxnB6M5NtryGtcLgjpU1B6vWUibdm6g\\/132\",\"watermark\":{\"timestamp\":1620811678,\"appid\":\"wxba7a9d1e0293c879\"}}',1620811679,NULL,14),(13,'o_t7w4ntk1zMSMSVyWsrum3qnN1o','','wxmp','{\"nickName\":\"    L\",\"gender\":1,\"language\":\"zh_CN\",\"city\":\"\",\"province\":\"\",\"country\":\"\",\"avatarUrl\":\"https:\\/\\/thirdwx.qlogo.cn\\/mmopen\\/vi_32\\/IcaoKnJTuRNz5ftEJqprFzF8bpwzMt1ZrpKR3liclzstvfLx4QWdAFKRHYiaNhEzMlYP7wHudNqC9pr1WETtia6DQ\\/132\",\"watermark\":{\"timestamp\":1621418897,\"appid\":\"wxba7a9d1e0293c879\"}}',1621418897,NULL,15),(14,'o_t7w4kr1iuVJLcAYelNA0NTjzYc','','wxmp','{\"nickName\":\"\\u8d99\\u6797\\u6708\",\"gender\":2,\"language\":\"zh_TW\",\"city\":\"\",\"province\":\"\",\"country\":\"Azerbaijan\",\"avatarUrl\":\"https:\\/\\/thirdwx.qlogo.cn\\/mmopen\\/vi_32\\/ic3PRdgPH8qzNmMIudoc8T5ciaSX12D5YiakG9P3McqJ9QFvlOyHJD8QIXQya41zBSaVtCwU3ndeIo6nZm62JC6lg\\/132\",\"watermark\":{\"timestamp\":1622606087,\"appid\":\"wxba7a9d1e0293c879\"}}',1622606088,NULL,16);
/*!40000 ALTER TABLE `ke_third` ENABLE KEYS */;
UNLOCK TABLES;

--
-- Table structure for table `ke_user`
--

DROP TABLE IF EXISTS `ke_user`;
/*!40101 SET @saved_cs_client     = @@character_set_client */;
/*!40101 SET character_set_client = utf8 */;
CREATE TABLE `ke_user` (
  `id` int(20) NOT NULL AUTO_INCREMENT,
  `username` varchar(30) DEFAULT NULL COMMENT '昵称',
  `phone` varchar(20) DEFAULT NULL COMMENT '手机号',
  `password` varchar(100) DEFAULT NULL COMMENT '密码',
  `headimg` varchar(255) DEFAULT NULL COMMENT '头像',
  `realname` varchar(30) DEFAULT NULL COMMENT '真实姓名',
  `sex` tinyint(1) NOT NULL DEFAULT '3' COMMENT '1男2女3未知',
  `age` smallint(3) NOT NULL DEFAULT '0' COMMENT '年龄',
  `status` tinyint(1) NOT NULL DEFAULT '1' COMMENT '状态1正常 2禁用',
  `add_time` int(10) DEFAULT '0' COMMENT '注册时间',
  `nickname` varchar(255) CHARACTER SET utf8mb4 DEFAULT NULL,
  `from_id` int(12) DEFAULT '0' COMMENT '分享人ID',
  `inviteCode` varchar(255) CHARACTER SET utf8 COLLATE utf8_unicode_ci NOT NULL DEFAULT '' COMMENT '邀请码',
  PRIMARY KEY (`id`) USING BTREE
) ENGINE=InnoDB AUTO_INCREMENT=17 DEFAULT CHARSET=utf8 ROW_FORMAT=DYNAMIC;
/*!40101 SET character_set_client = @saved_cs_client */;

--
-- Dumping data for table `ke_user`
--

LOCK TABLES `ke_user` WRITE;
/*!40000 ALTER TABLE `ke_user` DISABLE KEYS */;
INSERT INTO `ke_user` VALUES (1,'赞多','18888888888','f379eaf3c831b04de153469d1bec345e','/uploads/head/20210419/3de68af8f8e1676f9cd5e084a0d83e9d.jpg','力丸',1,20,1,1618795443,'',0,'22222'),(2,'小九','18686868686','f379eaf3c831b04de153469d1bec345e','/uploads/head/20210419/3aa60672dffef6496437268cab6e7f57.jpg','丫丫',2,18,1,1618795778,'',0,'33333'),(5,'u5','','f26eec44e9defcc34d76aab0369e2182','https://thirdwx.qlogo.cn/mmopen/vi_32/DYAIOgq83eqVpSTpNcLMkSpcqtSl9ibULJ15ehibicGSpzaH2RhCTv2ZALcxcXHiarvibHw49tX4BqIvDmutARKibuug/132','',3,0,1,1620369034,'',0,'444444'),(8,'u8','','e4e135723ec4e63b7b7e8f2d726a785a','https://thirdwx.qlogo.cn/mmopen/vi_32/Q0j4TwGTfTL4dj08fvc208BsKVLTStTzbZfBiatQTq37aX4PJQMCoYLz3lEWibibldR1icCgNoqUq7pZjyhaJ8ydiaQ/132','',3,0,1,1620637566,'流岚刀刀',0,'22222'),(11,'u11','','b0d2a78fcac110e12b907ef2e1499be2','https://thirdwx.qlogo.cn/mmopen/vi_32/Q0j4TwGTfTIRAqjw9wTDHT3FTauhfWUHIpsFqFaaQQMot9ak3LwctAwgVenESqJ8TibcStfg1SUycFmrGtxlicibw/132','',3,0,1,1620720998,'????',0,'HLCQBu'),(13,'u13','','d50a225dc497fc65a3813c90bbfdf648','https://thirdwx.qlogo.cn/mmopen/vi_32/FKlTvAHA454ZEqbyNUsiceV6sfg4PWtjiblUBhoyEekoSU6kAyErIeFynMSmd8M3ZUjXPqb8KB9pTgpghyqHULWg/132','',3,0,1,1620782203,'万动力技术部',0,'Cg3hwV'),(14,'u14','','6d870c301756b05ef6c7bcebf60879c2','https://thirdwx.qlogo.cn/mmopen/vi_32/Q0j4TwGTfTI8xpksP9WFDBg8fcY9WWhbNQLMUziakfmLNXhhV4Sv9DllYOxnB6M5NtryGtcLgjpU1B6vWUibdm6g/132','',3,0,1,1620811679,'现代男性',0,'3uSCHo'),(15,'u15','','8637f8ca2d3095947ed6182fea2e1e12','https://thirdwx.qlogo.cn/mmopen/vi_32/IcaoKnJTuRNz5ftEJqprFzF8bpwzMt1ZrpKR3liclzstvfLx4QWdAFKRHYiaNhEzMlYP7wHudNqC9pr1WETtia6DQ/132','',3,0,1,1621418897,'    L',0,'Zo8nqT'),(16,'u16','','360befb03ae5776dd4cf3f660fd041e6','https://thirdwx.qlogo.cn/mmopen/vi_32/ic3PRdgPH8qzNmMIudoc8T5ciaSX12D5YiakG9P3McqJ9QFvlOyHJD8QIXQya41zBSaVtCwU3ndeIo6nZm62JC6lg/132','',3,0,1,1622606088,'趙林月',0,'MvAiJc');
/*!40000 ALTER TABLE `ke_user` ENABLE KEYS */;
UNLOCK TABLES;

--
-- Table structure for table `ke_user_admin`
--

DROP TABLE IF EXISTS `ke_user_admin`;
/*!40101 SET @saved_cs_client     = @@character_set_client */;
/*!40101 SET character_set_client = utf8 */;
CREATE TABLE `ke_user_admin` (
  `id` int(10) NOT NULL AUTO_INCREMENT,
  `user_cat` mediumint(9) DEFAULT '0' COMMENT '角色ID',
  `status` tinyint(1) DEFAULT '1' COMMENT '1正常 2禁用',
  `name` varchar(50) DEFAULT NULL COMMENT '用户名',
  `password` varchar(100) DEFAULT NULL COMMENT '密码',
  `add_time` int(10) DEFAULT '0' COMMENT '添加时间',
  `username` varchar(50) DEFAULT NULL COMMENT '联系人',
  `phone` varchar(20) DEFAULT NULL COMMENT '联系人电话',
  PRIMARY KEY (`id`) USING BTREE,
  KEY `name` (`name`) USING BTREE
) ENGINE=MyISAM AUTO_INCREMENT=12 DEFAULT CHARSET=utf8 ROW_FORMAT=DYNAMIC;
/*!40101 SET character_set_client = @saved_cs_client */;

--
-- Dumping data for table `ke_user_admin`
--

LOCK TABLES `ke_user_admin` WRITE;
/*!40000 ALTER TABLE `ke_user_admin` DISABLE KEYS */;
INSERT INTO `ke_user_admin` VALUES (2,1,1,'admin','e10adc3949ba59abbe56e057f20f883e',1557215493,'aaa',''),(11,1,1,'aa','5d793fc5b00a2348c3fb9ab59e5ca98a',1570806553,'','');
/*!40000 ALTER TABLE `ke_user_admin` ENABLE KEYS */;
UNLOCK TABLES;

--
-- Table structure for table `ke_user_admin_action`
--

DROP TABLE IF EXISTS `ke_user_admin_action`;
/*!40101 SET @saved_cs_client     = @@character_set_client */;
/*!40101 SET character_set_client = utf8 */;
CREATE TABLE `ke_user_admin_action` (
  `id` int(20) NOT NULL AUTO_INCREMENT,
  `fid` int(20) DEFAULT '0' COMMENT '上级',
  `m` varchar(20) DEFAULT NULL COMMENT '控制器',
  `a` varchar(20) DEFAULT NULL COMMENT '方法',
  `name` varchar(255) DEFAULT NULL COMMENT '菜单名称',
  `listorder` mediumint(5) DEFAULT '50' COMMENT '排序',
  `icon` varchar(50) DEFAULT NULL,
  `is_show` tinyint(1) DEFAULT '1' COMMENT '1 显示 0不显示',
  PRIMARY KEY (`id`) USING BTREE
) ENGINE=MyISAM AUTO_INCREMENT=214 DEFAULT CHARSET=utf8 ROW_FORMAT=DYNAMIC;
/*!40101 SET character_set_client = @saved_cs_client */;

--
-- Dumping data for table `ke_user_admin_action`
--

LOCK TABLES `ke_user_admin_action` WRITE;
/*!40000 ALTER TABLE `ke_user_admin_action` DISABLE KEYS */;
INSERT INTO `ke_user_admin_action` VALUES (1,0,'Xitong','index','系统设置',2,'iconxitongshezhi',1),(2,0,'Guanliyuan','index','管理员管理',8,'iconguanliyuan',1),(4,2,'Guanliyuan','cat','角色管理',50,'',1),(5,0,'Site','main','网站概况',1,'iconhulianwangie',1),(9,0,'Data','index','数据管理',3,'icondata',1),(10,1,'Xitong','caidan_index','菜单管理',50,'icon-stealth',0),(12,9,'Data','backup','备份列表',50,'',1),(15,0,'User','index','会员管理',9,'iconiconyggl',1),(211,15,'User','couponList','优惠券',50,'',1),(37,0,'Guanggao','index','广告管理',6,'iconguanggao',1),(33,0,'Article','index','文章管理',7,'iconai-article',1),(191,33,'Article','cat','文章分类',2,'',1),(121,37,'Guanggao','cat','广告位置',50,'',1),(134,2,'Guanliyuan','index','管理员列表',10,'',1),(189,37,'Guanggao','index_list','广告列表',50,'',1),(190,33,'Article','index_list','文章列表',3,'',1),(153,1,'Xitong','region_list','地区管理',50,'',0),(184,1,'Xitong','index','基本信息',2,'',1),(186,15,'User','index','会员列表',1,'',1),(187,9,'Data','table_list','数据备份',10,'',1),(206,205,'service','cat','咨询师列表',50,'',1),(205,0,'service','index','业务管理',50,'iconzhaoshangdailifenlei',1),(197,0,'Tousu','index','投诉管理',16,'icontousu',1),(208,0,'Order','index','订单管理',50,'icondingdan',1),(209,208,'Order','index','订单列表',50,'',1),(210,208,'Order','kyc_logs','问卷记录',50,'',1),(207,205,'service','kyc_list','问卷配置',50,'',1),(212,205,'service','jijin','基金产品',50,'',1),(213,15,'user','archive','咨询档案',50,'',1);
/*!40000 ALTER TABLE `ke_user_admin_action` ENABLE KEYS */;
UNLOCK TABLES;

--
-- Table structure for table `ke_user_admin_auth`
--

DROP TABLE IF EXISTS `ke_user_admin_auth`;
/*!40101 SET @saved_cs_client     = @@character_set_client */;
/*!40101 SET character_set_client = utf8 */;
CREATE TABLE `ke_user_admin_auth` (
  `role_id` int(20) DEFAULT '0',
  `action_id` int(20) DEFAULT '0',
  UNIQUE KEY `cid` (`role_id`,`action_id`) USING BTREE
) ENGINE=MyISAM DEFAULT CHARSET=utf8 ROW_FORMAT=FIXED;
/*!40101 SET character_set_client = @saved_cs_client */;

--
-- Dumping data for table `ke_user_admin_auth`
--

LOCK TABLES `ke_user_admin_auth` WRITE;
/*!40000 ALTER TABLE `ke_user_admin_auth` DISABLE KEYS */;
INSERT INTO `ke_user_admin_auth` VALUES (1,1),(1,2),(1,4),(1,5),(1,9),(1,10),(1,12),(1,15),(1,33),(1,37),(1,121),(1,134),(1,153),(1,184),(1,186),(1,187),(1,189),(1,190),(1,191),(1,193),(1,195),(1,197),(1,198),(1,199),(1,201),(1,203),(1,205),(1,206),(1,207),(1,208),(1,209),(1,210),(1,211),(1,212),(1,213);
/*!40000 ALTER TABLE `ke_user_admin_auth` ENABLE KEYS */;
UNLOCK TABLES;

--
-- Table structure for table `ke_user_admin_cat`
--

DROP TABLE IF EXISTS `ke_user_admin_cat`;
/*!40101 SET @saved_cs_client     = @@character_set_client */;
/*!40101 SET character_set_client = utf8 */;
CREATE TABLE `ke_user_admin_cat` (
  `id` int(10) NOT NULL AUTO_INCREMENT,
  `name` varchar(50) DEFAULT NULL,
  `add_time` int(11) DEFAULT '0',
  PRIMARY KEY (`id`) USING BTREE
) ENGINE=MyISAM AUTO_INCREMENT=15 DEFAULT CHARSET=utf8 ROW_FORMAT=DYNAMIC;
/*!40101 SET character_set_client = @saved_cs_client */;

--
-- Dumping data for table `ke_user_admin_cat`
--

LOCK TABLES `ke_user_admin_cat` WRITE;
/*!40000 ALTER TABLE `ke_user_admin_cat` DISABLE KEYS */;
INSERT INTO `ke_user_admin_cat` VALUES (1,'管理员',1368023195);
/*!40000 ALTER TABLE `ke_user_admin_cat` ENABLE KEYS */;
UNLOCK TABLES;

--
-- Table structure for table `ke_user_archive`
--

DROP TABLE IF EXISTS `ke_user_archive`;
/*!40101 SET @saved_cs_client     = @@character_set_client */;
/*!40101 SET character_set_client = utf8 */;
CREATE TABLE `ke_user_archive` (
  `id` int(12) NOT NULL AUTO_INCREMENT,
  `user_id` int(12) NOT NULL DEFAULT '0' COMMENT '用户id',
  `title` varchar(225) NOT NULL DEFAULT '' COMMENT '主题',
  `content` text NOT NULL COMMENT '正文',
  `create_time` int(12) NOT NULL COMMENT '添加时间',
  PRIMARY KEY (`id`) USING BTREE
) ENGINE=MyISAM AUTO_INCREMENT=11 DEFAULT CHARSET=utf8 ROW_FORMAT=DYNAMIC;
/*!40101 SET character_set_client = @saved_cs_client */;

--
-- Dumping data for table `ke_user_archive`
--

LOCK TABLES `ke_user_archive` WRITE;
/*!40000 ALTER TABLE `ke_user_archive` DISABLE KEYS */;
INSERT INTO `ke_user_archive` VALUES (1,0,'测试第二次','第二次测试',0),(2,14,'测试一次','测试一次正文',0),(3,13,'测试档案3','第三次测试档案',1621251565),(4,11,'测试档案','<p>测试档案测试档案测试档案测试档案测试档案测试档案测试档案测试档案测试档案测试档案测试档案测试档案测试档案测试档案测试档案测试档案测试档案</p>',1621317688),(5,14,'2021.5.18','<p>咨询内容aaaaa</p><p>咨询方案bbbb</p><p>咨询师ccccc</p><p><br></p>',1621320046),(6,2,'11111','11111',1621476702),(7,15,'1111111111111','111111111111111111111',1621476800),(8,15,'啊啊啊啊啊啊啊啊','啊啊啊啊啊啊啊啊啊啊',1621478823),(9,15,'2021.5.20','123456',1621479662),(10,5,'测试咨询档案','<p>测试咨询档案测试咨询档案测试咨询档案测试咨询档案测试咨询档案测试咨询档案测试咨询档案测试咨询档案测试咨询档案测试咨询档案测试咨询档案测试咨询档案测试咨询档案测试咨询档案测试咨询档案测试咨询档案测试咨询档案测试咨询档案测试咨询档案测试咨询档案测试咨询档案测试咨询档案测试咨询档案测试咨询档案测试咨询档案测试咨询档案测试咨询档案</p>',1621558942);
/*!40000 ALTER TABLE `ke_user_archive` ENABLE KEYS */;
UNLOCK TABLES;

--
-- Table structure for table `ke_user_coupon`
--

DROP TABLE IF EXISTS `ke_user_coupon`;
/*!40101 SET @saved_cs_client     = @@character_set_client */;
/*!40101 SET character_set_client = utf8 */;
CREATE TABLE `ke_user_coupon` (
  `id` int(12) NOT NULL AUTO_INCREMENT,
  `name` varchar(255) COLLATE utf8_unicode_ci NOT NULL DEFAULT '',
  `user_id` int(12) NOT NULL DEFAULT '0',
  `status` enum('1','2','3') COLLATE utf8_unicode_ci NOT NULL DEFAULT '1' COMMENT '1=未使用，2=已使用，3=已过期',
  `type` enum('1','2') COLLATE utf8_unicode_ci NOT NULL DEFAULT '1' COMMENT '1=满减券，2=无条件优惠',
  `fee` decimal(10,2) NOT NULL DEFAULT '0.00' COMMENT '券面值',
  `create_time` int(12) NOT NULL COMMENT '添加时间',
  `rule` decimal(10,2) NOT NULL DEFAULT '0.00' COMMENT '券规则',
  `end_time` int(12) NOT NULL DEFAULT '0' COMMENT '过期事件',
  PRIMARY KEY (`id`) USING BTREE
) ENGINE=MyISAM AUTO_INCREMENT=93 DEFAULT CHARSET=utf8 COLLATE=utf8_unicode_ci ROW_FORMAT=DYNAMIC COMMENT='用户优惠券';
/*!40101 SET character_set_client = @saved_cs_client */;

--
-- Dumping data for table `ke_user_coupon`
--

LOCK TABLES `ke_user_coupon` WRITE;
/*!40000 ALTER TABLE `ke_user_coupon` DISABLE KEYS */;
INSERT INTO `ke_user_coupon` VALUES (1,'赠送券',1,'3','1',2222.00,12121,0.00,0),(2,'啊飒飒',2,'3','2',444.00,555,0.00,0),(3,'系统赠送优惠券',1,'3','2',2.00,1619411191,0.00,0),(4,'系统赠送优惠券',2,'3','1',40.00,1619507731,540.00,0),(5,'系统赠送优惠券',1,'3','1',4.00,1619509664,50.00,1619020800),(6,'系统赠送优惠券',5,'3','1',5.00,1620375013,100.00,1620576000),(7,'系统赠送优惠券',5,'3','1',50.00,1620375052,400.00,1622390400),(8,'系统赠送优惠券',5,'3','2',80.00,1620375065,0.00,1622390400),(9,'系统赠送优惠券',5,'3','2',5.00,1620375908,0.00,1619539200),(10,'系统赠送优惠券',4,'3','2',99.00,1620375920,0.00,1619280000),(11,'系统赠送优惠券',7,'3','1',5.00,1620715302,100.00,1620835200),(12,'系统赠送优惠券',7,'3','2',3.00,1620715317,0.00,1621958400),(13,'系统赠送优惠券',11,'3','2',99.00,1620781827,0.00,1620921600),(14,'系统赠送优惠券',11,'3','2',1.00,1620787303,0.00,1620835200),(15,'系统赠送优惠券',11,'3','',23.00,1620788055,0.00,1620921600),(16,'系统赠送优惠券',11,'3','1',3.00,1620788833,3333.00,1621526400),(17,'系统赠送优惠券',11,'3','2',44.00,1620804867,0.00,1621526400),(18,'系统赠送优惠券',11,'3','2',44.00,1620805005,0.00,1621526400),(19,'系统赠送优惠券',11,'3','1',2.00,1620805071,22222.00,1622131200),(20,'系统赠送优惠券',11,'3','1',5.00,1620805645,555.00,1621612800),(21,'系统赠送优惠券',11,'3','2',4.00,1620805744,0.00,1621958400),(22,'系统赠送优惠券',11,'3','2',2.00,1620808755,0.00,1621612800),(23,'系统赠送优惠券',5,'3','2',2.00,1620973257,0.00,1621008000),(24,'系统赠送优惠券',5,'3','2',3.00,1620973264,0.00,1621526400),(25,'系统赠送优惠券',5,'3','2',2.00,1620973272,0.00,1621526400),(26,'系统赠送优惠券',5,'3','2',3.00,1620973284,0.00,1621526400),(27,'系统赠送优惠券',5,'3','2',3.00,1620973293,0.00,1621008000),(28,'系统赠送优惠券',5,'3','2',33.00,1620973311,0.00,1621958400),(29,'系统赠送优惠券',5,'3','2',3.00,1620973320,0.00,1622131200),(30,'系统赠送优惠券',5,'3','2',4.00,1620973329,0.00,1621440000),(31,'系统赠送优惠券',5,'3','2',5.00,1620973338,0.00,1619107200),(32,'系统赠送优惠券',5,'3','2',5.00,1620973346,0.00,1621008000),(33,'系统赠送优惠券',8,'3','2',333.00,1620982982,0.00,1621526400),(34,'系统赠送优惠券',8,'3','2',333.00,1620982990,0.00,1621526400),(35,'系统赠送优惠券',8,'3','2',333.00,1620982995,0.00,1621526400),(36,'系统赠送优惠券',8,'3','2',333.00,1620982995,0.00,1621526400),(37,'系统赠送优惠券',8,'3','2',333.00,1620982995,0.00,1621526400),(38,'系统赠送优惠券',8,'3','2',333.00,1620982996,0.00,1621526400),(39,'系统赠送优惠券',8,'3','2',333.00,1620982996,0.00,1621526400),(40,'系统赠送优惠券',8,'3','2',333.00,1620982996,0.00,1621526400),(41,'系统赠送优惠券',8,'3','2',333.00,1620982996,0.00,1621526400),(42,'系统赠送优惠券',8,'3','2',333.00,1620982996,0.00,1621526400),(43,'系统赠送优惠券',8,'3','2',333.00,1620982997,0.00,1621526400),(44,'系统赠送优惠券',8,'3','2',333.00,1620982997,0.00,1621526400),(45,'系统赠送优惠券',8,'3','2',333.00,1620982997,0.00,1621526400),(46,'系统赠送优惠券',8,'3','2',333.00,1620982997,0.00,1621526400),(47,'系统赠送优惠券',8,'3','2',333.00,1620982997,0.00,1621526400),(48,'系统赠送优惠券',8,'3','2',333.00,1620982997,0.00,1621526400),(49,'系统赠送优惠券',8,'3','2',333.00,1620982998,0.00,1621526400),(50,'系统赠送优惠券',8,'3','2',333.00,1620982998,0.00,1621526400),(51,'系统赠送优惠券',8,'3','2',333.00,1620982998,0.00,1621526400),(52,'系统赠送优惠券',8,'3','2',333.00,1620982998,0.00,1621526400),(53,'系统赠送优惠券',8,'3','2',333.00,1620982998,0.00,1621526400),(54,'系统赠送优惠券',8,'3','2',333.00,1620982998,0.00,1621526400),(55,'系统赠送优惠券',8,'3','2',333.00,1620982999,0.00,1621526400),(56,'系统赠送优惠券',8,'3','2',333.00,1620983000,0.00,1621526400),(57,'系统赠送优惠券',8,'3','2',333.00,1620983000,0.00,1621526400),(58,'系统赠送优惠券',8,'3','2',333.00,1620983000,0.00,1621526400),(59,'系统赠送优惠券',8,'3','2',333.00,1620983000,0.00,1621526400),(60,'系统赠送优惠券',8,'3','2',333.00,1620983000,0.00,1621526400),(61,'系统赠送优惠券',8,'3','2',333.00,1620983000,0.00,1621526400),(62,'系统赠送优惠券',8,'3','2',333.00,1620983001,0.00,1621526400),(63,'系统赠送优惠券',8,'3','2',333.00,1620983001,0.00,1621526400),(64,'系统赠送优惠券',8,'3','2',333.00,1620983001,0.00,1621526400),(65,'系统赠送优惠券',8,'3','2',333.00,1620983001,0.00,1621526400),(66,'系统赠送优惠券',8,'3','2',333.00,1620983001,0.00,1621526400),(67,'系统赠送优惠券',8,'3','2',333.00,1620983001,0.00,1621526400),(68,'系统赠送优惠券',8,'3','2',333.00,1620983002,0.00,1621526400),(69,'系统赠送优惠券',8,'3','2',333.00,1620983002,0.00,1621526400),(70,'系统赠送优惠券',8,'3','2',333.00,1620983002,0.00,1621526400),(71,'系统赠送优惠券',8,'3','2',333.00,1620983002,0.00,1621526400),(72,'系统赠送优惠券',8,'3','2',333.00,1620983002,0.00,1621526400),(73,'系统赠送优惠券',8,'3','2',333.00,1620983002,0.00,1621526400),(74,'系统赠送优惠券',8,'3','2',333.00,1620983003,0.00,1621526400),(75,'系统赠送优惠券',8,'3','2',333.00,1620983003,0.00,1621526400),(76,'系统赠送优惠券',8,'3','2',333.00,1620983003,0.00,1621526400),(77,'系统赠送优惠券',8,'3','2',333.00,1620983003,0.00,1621526400),(78,'系统赠送优惠券',11,'3','2',2.00,1621043708,0.00,1620144000),(79,'系统赠送优惠券',11,'3','2',2.00,1621043715,0.00,1620144000),(80,'系统赠送优惠券',11,'3','2',2.00,1621043716,0.00,1620144000),(81,'系统赠送优惠券',11,'3','2',2.00,1621043716,0.00,1620144000),(82,'系统赠送优惠券',11,'3','2',2.00,1621043717,0.00,1620144000),(83,'系统赠送优惠券',11,'3','2',2.00,1621043717,0.00,1620144000),(84,'系统赠送优惠券',11,'3','2',2.00,1621043717,0.00,1620144000),(85,'系统赠送优惠券',14,'3','2',0.01,1621320570,0.00,1621440000),(86,'系统赠送优惠券',14,'3','2',0.20,1621335308,0.00,1622390400),(87,'系统赠送优惠券',14,'3','1',0.01,1621340835,0.01,1622390400),(88,'系统赠送优惠券',14,'3','2',0.01,1621479565,0.00,1622390400),(92,'系统赠送优惠券',11,'1','',5.00,1626418781,0.00,1626451200);
/*!40000 ALTER TABLE `ke_user_coupon` ENABLE KEYS */;
UNLOCK TABLES;

--
-- Table structure for table `ke_user_msg`
--

DROP TABLE IF EXISTS `ke_user_msg`;
/*!40101 SET @saved_cs_client     = @@character_set_client */;
/*!40101 SET character_set_client = utf8 */;
CREATE TABLE `ke_user_msg` (
  `id` int(12) NOT NULL AUTO_INCREMENT,
  `user_id` int(12) NOT NULL DEFAULT '0' COMMENT '用户id',
  `title` varchar(255) COLLATE utf8_unicode_ci NOT NULL DEFAULT '' COMMENT '标题',
  `content` varchar(500) COLLATE utf8_unicode_ci NOT NULL DEFAULT '' COMMENT '内容',
  `type` enum('base','order','coupon','invite','kyc','addArchive') COLLATE utf8_unicode_ci NOT NULL DEFAULT 'base' COMMENT '消息关联模型',
  `ext` int(255) NOT NULL DEFAULT '0' COMMENT '参数',
  `is_read` tinyint(4) NOT NULL DEFAULT '0' COMMENT '是否已读',
  `create_time` int(12) DEFAULT NULL COMMENT '添加时间',
  PRIMARY KEY (`id`) USING BTREE
) ENGINE=MyISAM AUTO_INCREMENT=111 DEFAULT CHARSET=utf8 COLLATE=utf8_unicode_ci ROW_FORMAT=DYNAMIC;
/*!40101 SET character_set_client = @saved_cs_client */;

--
-- Dumping data for table `ke_user_msg`
--

LOCK TABLES `ke_user_msg` WRITE;
/*!40000 ALTER TABLE `ke_user_msg` DISABLE KEYS */;
INSERT INTO `ke_user_msg` VALUES (1,1,'优惠券到期','优惠券到期提醒的','coupon',0,0,NULL),(2,1,'优惠券122','优惠券到期五千万3','coupon',0,0,NULL),(3,1,'订单支付成功','您的订单尺幅成功','order',0,0,NULL),(4,1,'订单支付失败','支付失败了','order',0,0,NULL),(5,1,'收到新的优惠券','您的账户获得新的优惠券，点击查看详情','coupon',0,0,NULL),(6,1,'收到新的优惠券','您的账户获得新的优惠券，点击查看详情','coupon',0,0,NULL),(7,5,'测试邀请消息','您邀请了XXX','invite',0,1,NULL),(8,5,'测试邀请消息','您邀请了AAA','invite',0,1,NULL),(9,5,'测试订单消息','您的订单付款成功','order',53,1,NULL),(10,5,'收到新的咨询建议','您的问题收到新的解答，请尽快查看','kyc',2,1,NULL),(11,5,'获得新的优惠券通知','您获得新的优惠券，请尽快使用，点击查看！','coupon',2,1,NULL),(12,5,'您有优惠券即将过期','您有优惠券即将过期，请尽快使用，点击查看！','coupon',2,1,NULL),(13,11,'收到新的优惠券','您的账户获得新的优惠券，点击查看详情','coupon',0,1,NULL),(14,11,'收到新的优惠券','您的账户获得新的优惠券，点击查看详情','coupon',0,1,NULL),(15,11,'收到新的优惠券','您的账户获得新的优惠券，点击查看详情','coupon',0,1,1620789911),(16,11,'收到新的优惠券','您的账户获得新的优惠券，点击查看详情','coupon',0,1,1620789911),(17,4,'收到新的优惠券','您的账户获得新的优惠券，点击查看详情','coupon',0,0,1620789911),(18,5,'收到新的优惠券','您的账户获得新的优惠券，点击查看详情','coupon',0,1,1620789911),(19,5,'收到新的优惠券','您的账户获得新的优惠券，点击查看详情','coupon',0,1,1620789911),(20,5,'收到新的优惠券','您的账户获得新的优惠券，点击查看详情','coupon',0,1,1620789911),(21,5,'收到新的优惠券','您的账户获得新的优惠券，点击查看详情','coupon',0,1,1620789911),(22,7,'收到新的优惠券','您的账户获得新的优惠券，点击查看详情','coupon',0,0,1620789911),(23,7,'收到新的优惠券','您的账户获得新的优惠券，点击查看详情','coupon',0,0,1620789911),(24,7,'订单支付成功','您的订单已经支付成功，可以通过在线咨询或者提交问卷获得详细解答。','order',0,0,1620789911),(25,8,'订单支付成功','您的订单已经支付成功，可以通过在线咨询或者提交问卷获得详细解答。','order',0,1,1620789911),(26,11,'分享成功通知','有新的小伙伴通过了您的邀请！','invite',0,1,1620789911),(27,11,'收到新的优惠券','您的账户获得新的优惠券，点击查看详情','coupon',0,1,1620809023),(28,11,'收到新的优惠券','您的账户获得新的优惠券，点击查看详情','coupon',0,1,1620809027),(29,11,'收到新的优惠券','您的账户获得新的优惠券，点击查看详情','coupon',0,1,1620809361),(30,11,'收到新的优惠券','您的账户获得新的优惠券，点击查看详情','coupon',0,1,1620809365),(31,11,'收到新的优惠券','您的账户获得新的优惠券，点击查看详情','coupon',0,1,1620809369),(32,11,'您有优惠券将要过期','您有优惠券将要在7日内过期，请记得使用哦!点击查看详情','coupon',0,1,1620921602),(33,11,'您有优惠券将要过期','您有优惠券将要在7日内过期，请记得使用哦!点击查看详情','coupon',0,1,1620921602),(34,11,'您有优惠券将要过期','您有优惠券将要在7日内过期，请记得使用哦!点击查看详情','coupon',0,1,1620921602),(35,14,'订单支付成功','您的订单已经支付成功，可以通过在线咨询或者提交问卷获得详细解答。','order',0,1,1620955864),(36,14,'收到新的咨询建议','您于2021-05-14 09:31:13日提交的问题收到新的回复，点击查看详情！','kyc',14,1,1620956173),(37,11,'订单支付成功','您的订单已经支付成功，可以通过在线咨询或者提交问卷获得详细解答。','order',0,1,1620956488),(38,11,'订单支付成功','您的订单已经支付成功，可以通过在线咨询或者提交问卷获得详细解答。','order',0,1,1620956530),(39,11,'收到新的咨询建议','您于2021-05-14 09:42:28日提交的问题收到新的回复，点击查看详情！','kyc',16,1,1620956581),(40,14,'订单支付成功','您的订单已经支付成功，可以通过在线咨询或者提交问卷获得详细解答。','order',0,1,1620956758),(41,5,'收到新的优惠券','您的账户获得新的优惠券，点击查看详情','coupon',0,1,1620973258),(42,5,'收到新的优惠券','您的账户获得新的优惠券，点击查看详情','coupon',0,1,1620973264),(43,5,'收到新的优惠券','您的账户获得新的优惠券，点击查看详情','coupon',0,1,1620973273),(44,5,'收到新的优惠券','您的账户获得新的优惠券，点击查看详情','coupon',0,1,1620973285),(45,5,'收到新的优惠券','您的账户获得新的优惠券，点击查看详情','coupon',0,1,1620973294),(46,5,'收到新的优惠券','您的账户获得新的优惠券，点击查看详情','coupon',0,1,1620973312),(47,5,'收到新的优惠券','您的账户获得新的优惠券，点击查看详情','coupon',0,1,1620973321),(48,5,'收到新的优惠券','您的账户获得新的优惠券，点击查看详情','coupon',0,1,1620973330),(49,5,'收到新的优惠券','您的账户获得新的优惠券，点击查看详情','coupon',0,1,1620973339),(50,5,'收到新的优惠券','您的账户获得新的优惠券，点击查看详情','coupon',0,1,1620973348),(51,8,'收到新的优惠券','您的账户获得新的优惠券，点击查看详情','coupon',0,1,1620982984),(52,8,'收到新的优惠券','您的账户获得新的优惠券，点击查看详情','coupon',0,1,1620982993),(53,8,'收到新的优惠券','您的账户获得新的优惠券，点击查看详情','coupon',0,1,1620982996),(54,8,'收到新的优惠券','您的账户获得新的优惠券，点击查看详情','coupon',0,1,1620982996),(55,8,'收到新的优惠券','您的账户获得新的优惠券，点击查看详情','coupon',0,1,1620982996),(56,8,'收到新的优惠券','您的账户获得新的优惠券，点击查看详情','coupon',0,1,1620982999),(57,8,'收到新的优惠券','您的账户获得新的优惠券，点击查看详情','coupon',0,1,1620982999),(58,8,'收到新的优惠券','您的账户获得新的优惠券，点击查看详情','coupon',0,1,1620982999),(59,8,'收到新的优惠券','您的账户获得新的优惠券，点击查看详情','coupon',0,1,1620982999),(60,8,'收到新的优惠券','您的账户获得新的优惠券，点击查看详情','coupon',0,1,1620982999),(61,8,'收到新的优惠券','您的账户获得新的优惠券，点击查看详情','coupon',0,1,1620982999),(62,8,'收到新的优惠券','您的账户获得新的优惠券，点击查看详情','coupon',0,1,1620982999),(63,8,'收到新的优惠券','您的账户获得新的优惠券，点击查看详情','coupon',0,1,1620982999),(64,8,'收到新的优惠券','您的账户获得新的优惠券，点击查看详情','coupon',0,1,1620982999),(65,8,'收到新的优惠券','您的账户获得新的优惠券，点击查看详情','coupon',0,1,1620982999),(66,8,'收到新的优惠券','您的账户获得新的优惠券，点击查看详情','coupon',0,1,1620982999),(67,8,'收到新的优惠券','您的账户获得新的优惠券，点击查看详情','coupon',0,1,1620982999),(68,8,'收到新的优惠券','您的账户获得新的优惠券，点击查看详情','coupon',0,1,1620982999),(69,8,'收到新的优惠券','您的账户获得新的优惠券，点击查看详情','coupon',0,1,1620982999),(70,8,'收到新的优惠券','您的账户获得新的优惠券，点击查看详情','coupon',0,1,1620982999),(71,8,'收到新的优惠券','您的账户获得新的优惠券，点击查看详情','coupon',0,1,1620982999),(72,8,'收到新的优惠券','您的账户获得新的优惠券，点击查看详情','coupon',0,1,1620982999),(73,8,'收到新的优惠券','您的账户获得新的优惠券，点击查看详情','coupon',0,1,1620983002),(74,8,'收到新的优惠券','您的账户获得新的优惠券，点击查看详情','coupon',0,1,1620983002),(75,8,'收到新的优惠券','您的账户获得新的优惠券，点击查看详情','coupon',0,1,1620983002),(76,8,'收到新的优惠券','您的账户获得新的优惠券，点击查看详情','coupon',0,1,1620983002),(77,8,'收到新的优惠券','您的账户获得新的优惠券，点击查看详情','coupon',0,1,1620983002),(78,8,'收到新的优惠券','您的账户获得新的优惠券，点击查看详情','coupon',0,1,1620983002),(79,8,'收到新的优惠券','您的账户获得新的优惠券，点击查看详情','coupon',0,1,1620983002),(80,8,'收到新的优惠券','您的账户获得新的优惠券，点击查看详情','coupon',0,1,1620983002),(81,8,'收到新的优惠券','您的账户获得新的优惠券，点击查看详情','coupon',0,1,1620983002),(82,8,'收到新的优惠券','您的账户获得新的优惠券，点击查看详情','coupon',0,1,1620983002),(83,8,'收到新的优惠券','您的账户获得新的优惠券，点击查看详情','coupon',0,1,1620983002),(84,8,'收到新的优惠券','您的账户获得新的优惠券，点击查看详情','coupon',0,1,1620983002),(85,8,'收到新的优惠券','您的账户获得新的优惠券，点击查看详情','coupon',0,1,1620983002),(86,8,'收到新的优惠券','您的账户获得新的优惠券，点击查看详情','coupon',0,1,1620983002),(87,8,'收到新的优惠券','您的账户获得新的优惠券，点击查看详情','coupon',0,1,1620983005),(88,8,'收到新的优惠券','您的账户获得新的优惠券，点击查看详情','coupon',0,1,1620983005),(89,8,'收到新的优惠券','您的账户获得新的优惠券，点击查看详情','coupon',0,1,1620983005),(90,8,'收到新的优惠券','您的账户获得新的优惠券，点击查看详情','coupon',0,1,1620983005),(91,8,'收到新的优惠券','您的账户获得新的优惠券，点击查看详情','coupon',0,1,1620983005),(92,8,'收到新的优惠券','您的账户获得新的优惠券，点击查看详情','coupon',0,1,1620983005),(93,8,'收到新的优惠券','您的账户获得新的优惠券，点击查看详情','coupon',0,1,1620983005),(94,8,'收到新的优惠券','您的账户获得新的优惠券，点击查看详情','coupon',0,1,1620983005),(95,8,'收到新的优惠券','您的账户获得新的优惠券，点击查看详情','coupon',0,1,1620983005),(96,14,'收到新的优惠券','您的账户获得新的优惠券，点击查看详情','coupon',0,1,1621335311),(97,14,'收到新的优惠券','您的账户获得新的优惠券，点击查看详情','coupon',0,1,1621340838),(98,11,'您有优惠券将要过期','您有优惠券将要在7日内过期，请记得使用哦!点击查看详情','coupon',0,1,1621353602),(99,5,'您有优惠券将要过期','您有优惠券将要在7日内过期，请记得使用哦!点击查看详情','coupon',0,1,1621353602),(100,2,'您有新的咨询档案','您有新的咨询档案已经生成!点击查看详情','',0,0,1621479141),(101,15,'您有新的咨询档案','您有新的咨询档案已经生成!点击查看详情','',0,0,1621479141),(102,15,'您有新的咨询档案','您有新的咨询档案已经生成!点击查看详情','',0,0,1621479141),(103,15,'您有新的咨询档案','您有新的咨询档案已经生成!点击查看详情','',0,0,1621479663),(104,11,'订单支付成功','您的订单已经支付成功，可以通过在线咨询或者提交问卷获得详细解答。','order',0,1,1621480427),(105,14,'订单支付成功','您的订单已经支付成功，可以通过在线咨询或者提交问卷获得详细解答。','order',0,1,1621480433),(106,15,'订单支付成功','您的订单已经支付成功，可以通过在线咨询或者提交问卷获得详细解答。','order',0,0,1621482176),(107,14,'订单支付成功','您的订单已经支付成功，可以通过在线咨询或者提交问卷获得详细解答。','order',0,1,1621482218),(108,5,'收到新的咨询档案','收到新的咨询档案，请注意查收。','addArchive',0,1,1621558913),(109,11,'收到新的咨询档案','收到新的咨询档案，请注意查收。','addArchive',0,1,1621558913),(110,11,'收到新的优惠券','您的账户获得新的优惠券，点击查看详情','coupon',0,1,1626418782);
/*!40000 ALTER TABLE `ke_user_msg` ENABLE KEYS */;
UNLOCK TABLES;

--
-- Table structure for table `ke_user_token`
--

DROP TABLE IF EXISTS `ke_user_token`;
/*!40101 SET @saved_cs_client     = @@character_set_client */;
/*!40101 SET character_set_client = utf8 */;
CREATE TABLE `ke_user_token` (
  `id` int(12) NOT NULL AUTO_INCREMENT COMMENT 'Id',
  `user_id` int(12) NOT NULL,
  `token` varchar(255) COLLATE utf8_unicode_ci NOT NULL,
  `expires_in` int(255) NOT NULL COMMENT '生存期秒',
  `create_time` int(12) NOT NULL,
  PRIMARY KEY (`id`) USING BTREE,
  KEY `user_id` (`user_id`) USING BTREE
) ENGINE=MyISAM AUTO_INCREMENT=14 DEFAULT CHARSET=utf8 COLLATE=utf8_unicode_ci ROW_FORMAT=DYNAMIC COMMENT='用户token';
/*!40101 SET character_set_client = @saved_cs_client */;

--
-- Dumping data for table `ke_user_token`
--

LOCK TABLES `ke_user_token` WRITE;
/*!40000 ALTER TABLE `ke_user_token` DISABLE KEYS */;
INSERT INTO `ke_user_token` VALUES (5,8,'065e53967922706366',2592000,1621301482),(2,5,'eb52c460d6d66bce6b',2592000,1631688711),(8,11,'47e9dc801e98a4e171',2592000,1630303604),(10,13,'765df8252d291f10a2',2592000,1620785407),(11,14,'b4640391257308a2f8',2592000,1628241680),(12,15,'d85dd7aeda8dca7a69',2592000,1623300611),(13,16,'dd2191779a39725acc60f49fcc334',2592000,1622606088);
/*!40000 ALTER TABLE `ke_user_token` ENABLE KEYS */;
UNLOCK TABLES;

--
-- Table structure for table `ke_user_yijian`
--

DROP TABLE IF EXISTS `ke_user_yijian`;
/*!40101 SET @saved_cs_client     = @@character_set_client */;
/*!40101 SET character_set_client = utf8 */;
CREATE TABLE `ke_user_yijian` (
  `id` int(10) NOT NULL AUTO_INCREMENT,
  `user_id` int(10) DEFAULT '0' COMMENT '用户ID',
  `content` varchar(200) DEFAULT NULL COMMENT '意见内容',
  `phone` varchar(20) DEFAULT NULL COMMENT '联系方式',
  `img` varchar(200) DEFAULT NULL COMMENT '图片',
  `add_time` int(10) DEFAULT '0' COMMENT '添加时间',
  `mark` varchar(200) DEFAULT NULL COMMENT '备注信息',
  `status` tinyint(1) DEFAULT '1' COMMENT '1未处理2已处理',
  PRIMARY KEY (`id`) USING BTREE
) ENGINE=MyISAM AUTO_INCREMENT=12 DEFAULT CHARSET=utf8 ROW_FORMAT=DYNAMIC;
/*!40101 SET character_set_client = @saved_cs_client */;

--
-- Dumping data for table `ke_user_yijian`
--

LOCK TABLES `ke_user_yijian` WRITE;
/*!40000 ALTER TABLE `ke_user_yijian` DISABLE KEYS */;
INSERT INTO `ke_user_yijian` VALUES (1,4,'1121212121212','','',1620203229,'',1),(2,4,'1121212121212','','',1620203269,'',1),(3,5,'123456','','',1620625313,'',1),(4,5,'测试','','',1620625386,'',1),(5,5,'而是','','',1620625512,'',1),(6,5,'asdasdsad','','',1620697362,'',2),(7,7,'，内谁对你说呢的测试','','',1620716402,'',1),(8,14,'太卡了','','',1621319979,'我们将会处理您的信息',2),(9,14,'\n\n\n\n\n\n\n\n\n\n啊啊啊','','',1621321191,'5',2),(10,15,'1','','',1621478834,'少时诵诗书',2),(11,11,'','','',1622193373,'',1);
/*!40000 ALTER TABLE `ke_user_yijian` ENABLE KEYS */;
UNLOCK TABLES;

--
-- Table structure for table `ke_xitong`
--

DROP TABLE IF EXISTS `ke_xitong`;
/*!40101 SET @saved_cs_client     = @@character_set_client */;
/*!40101 SET character_set_client = utf8 */;
CREATE TABLE `ke_xitong` (
  `id` int(2) NOT NULL AUTO_INCREMENT,
  `name` varchar(250) DEFAULT NULL COMMENT '系统名称',
  `phone` varchar(20) DEFAULT NULL COMMENT '客服电话',
  `android` varchar(20) DEFAULT NULL COMMENT '安卓版本号',
  `android_url` varchar(100) DEFAULT NULL COMMENT '安卓下载链接',
  `ios` varchar(20) DEFAULT NULL COMMENT 'ios版本号',
  `ios_url` varchar(100) DEFAULT NULL COMMENT 'ios下载链接',
  `gengxin_desc` varchar(200) DEFAULT NULL COMMENT '更新提示语',
  `app` tinyint(1) DEFAULT '2' COMMENT '1正常2关闭',
  `app_desc` varchar(100) DEFAULT NULL,
  `msg_zhanghao` varchar(50) DEFAULT NULL COMMENT '互亿无线账号',
  `msg_secret` varchar(100) DEFAULT NULL COMMENT '秘钥',
  `msg_code` varchar(100) DEFAULT NULL COMMENT '模板',
  `banquan` varchar(50) DEFAULT NULL COMMENT '系统版权',
  `reg` tinyint(1) DEFAULT '2' COMMENT '1正常 2关闭',
  `ios1` varchar(20) DEFAULT NULL COMMENT 'ios上架版本号',
  `wechat_mp_appid` varchar(64) DEFAULT NULL COMMENT '微信小程序appid',
  `wechat_mp_secret` varchar(128) DEFAULT NULL COMMENT '微信小程序secret',
  `jijin_setting` text COMMENT '基金配置',
  `wechat_pay_appid` varchar(128) DEFAULT NULL COMMENT '微信支付appid',
  `wechat_pay_merchant` varchar(128) DEFAULT NULL COMMENT '微信支付商户号',
  `wechat_pay_key` varchar(255) DEFAULT NULL COMMENT '微信支付密钥',
  `share_rule_des` text COMMENT '分享规则简述',
  `share_thumb` varchar(255) CHARACTER SET utf8 COLLATE utf8_unicode_ci NOT NULL DEFAULT '' COMMENT '自定义分享图',
  `kyc_top_image` varchar(225) NOT NULL DEFAULT '' COMMENT 'kyc页面顶部图',
  PRIMARY KEY (`id`) USING BTREE
) ENGINE=MyISAM AUTO_INCREMENT=2 DEFAULT CHARSET=utf8 ROW_FORMAT=DYNAMIC;
/*!40101 SET character_set_client = @saved_cs_client */;

--
-- Dumping data for table `ke_xitong`
--

LOCK TABLES `ke_xitong` WRITE;
/*!40000 ALTER TABLE `ke_xitong` DISABLE KEYS */;
INSERT INTO `ke_xitong` VALUES (1,'金融咨询','0371-66666','','','','','修改bug,完善用户体验',1,'','1212121212','33333333','您的验证码是：%s。请不要把验证码泄露给其他人，有效期1分钟。','金融咨询网络',1,'','wxba7a9d1e0293c879','1e7ef0705d831da99fdf72714499db10','{\"jijin_switch\":\"percent\",\"jijin_fee_percent\":\"1\",\"jijin_fee_ladder1\":\"\",\"jijin_fee_ladder2\":\"\",\"jijin_fee_ladder3\":\"\",\"jijin_fee_ladder4\":\"\",\"jijin_fee_ladder5\":\"\",\"jijin_fee_ladder6\":\"\",\"jijin_service_time\":\"week\",\"jijin_description\":\"\\/uploads\\/image\\/20210526\\/60ae192c4477f.jpg\",\"chat_description\":\"\\/uploads\\/image\\/20210617\\/60caca2a23e79.jpg\"}','wxba7a9d1e0293c879','1608319668','dasFlcdf2231sdas44Sa1AFlc44aBLfa','共享财富TO BE A RICHERMAN','/uploads/image/20210526/60ae1918c3d4f.jpg','/uploads/image/20210617/60caca34bb87a.jpg');
/*!40000 ALTER TABLE `ke_xitong` ENABLE KEYS */;
UNLOCK TABLES;

--
-- Dumping events for database 'app.com'
--

--
-- Dumping routines for database 'app.com'
--
/*!40103 SET TIME_ZONE=@OLD_TIME_ZONE */;

/*!40101 SET SQL_MODE=@OLD_SQL_MODE */;
/*!40014 SET FOREIGN_KEY_CHECKS=@OLD_FOREIGN_KEY_CHECKS */;
/*!40014 SET UNIQUE_CHECKS=@OLD_UNIQUE_CHECKS */;
/*!40101 SET CHARACTER_SET_CLIENT=@OLD_CHARACTER_SET_CLIENT */;
/*!40101 SET CHARACTER_SET_RESULTS=@OLD_CHARACTER_SET_RESULTS */;
/*!40101 SET COLLATION_CONNECTION=@OLD_COLLATION_CONNECTION */;
/*!40111 SET SQL_NOTES=@OLD_SQL_NOTES */;

-- Dump completed on 2021-09-15 15:31:37
